variant,profile,policy,seed,status,last_week,won_week,fall_week,ultimatums,sieges_won,sieges_lost,resolutions,coalitions,grand_fought,grand_won,border_campaign_hexes,first_month_assaults,first_month_repulsed,assaults,repulsed,income_48,income_base_48,benchmark_48,mean_rc,milestones,first_trophy_week,max_ascendancy_streak,tier_iv_dominion_weeks,violations
armyCostPerPower:-10,committed,greedy,1,active,71,,,0,0,0,,5,14,9,2,2,0,123,3,13218.3,12697.1,16741.3,0.782,6,10,1,36,0
armyCostPerPower:-10,committed,greedy,2,active,71,,,0,0,0,goblin:conquered:41 archmage:conquered:61 orc:conquered:69,1,33,28,0,2,0,84,2,13393.6,12749.9,16741.3,0.766,6,3,2,18,0
armyCostPerPower:-10,committed,greedy,3,won,65,65,,0,0,0,goblin:conquered:38 archmage:conquered:49 orc:conquered:57 dwarf:conquered:65,3,30,23,2,2,0,83,3,15371.6,14617.5,16741.3,0.862,7,1,2,8,0
armyCostPerPower:-10,committed,greedy,4,active,71,,,0,0,0,goblin:conquered:52 archmage:conquered:62 orc:conquered:70,4,34,29,1,2,0,95,8,13640.4,13099,16741.3,0.776,6,1,2,19,0
armyCostPerPower:-10,committed,greedy,5,won,62,62,,0,0,0,dwarf:conquered:37 orc:conquered:46 archmage:conquered:54 goblin:conquered:62,4,26,21,0,2,0,92,11,15205.7,14332.6,16741.3,0.814,5,1,0,8,0
armyCostPerPower:-10,committed,greedy,6,active,71,,,0,0,0,,7,25,14,1,3,1,85,6,13682.2,13129,16741.3,0.804,6,2,0,37,0
armyCostPerPower:-10,committed,greedy,7,won,61,61,,0,0,0,orc:conquered:37 goblin:conquered:45 archmage:conquered:53 dwarf:conquered:61,4,29,25,0,2,0,91,14,15893.7,14778.3,16741.3,0.826,5,2,0,3,0
armyCostPerPower:-10,committed,greedy,8,won,66,66,,0,0,0,goblin:conquered:36 archmage:conquered:50 orc:conquered:58 dwarf:conquered:66,2,33,28,1,2,0,89,9,15316.3,14446.2,16741.3,0.813,5,1,0,8,0
armyCostPerPower:-10,committed,greedy,9,won,67,67,,0,0,0,orc:conquered:42 archmage:conquered:51 goblin:conquered:59 dwarf:conquered:67,2,27,22,1,4,2,104,18,13335.6,12772.2,16741.3,0.76,6,2,2,12,0
armyCostPerPower:-10,committed,greedy,10,active,71,,,0,0,0,,7,26,13,1,2,0,91,1,14339.7,13865.4,16741.3,0.824,6,2,0,37,0
armyCostPerPower:-10,committed,greedy,11,won,60,60,,0,0,0,archmage:conquered:35 orc:conquered:44 goblin:conquered:52 dwarf:conquered:60,1,27,22,0,2,0,89,12,14789.4,13820.8,16741.3,0.791,5,1,0,4,0
armyCostPerPower:-10,committed,greedy,12,active,71,,,0,0,0,archmage:conquered:32 orc:conquered:40 goblin:conquered:48,2,26,23,0,2,0,87,14,16816.7,15470,16741.3,0.836,6,2,0,5,0
armyCostPerPower:-10,committed,greedy,13,won,68,68,,0,0,0,goblin:conquered:37 archmage:conquered:48 orc:conquered:60 dwarf:conquered:68,3,30,24,2,2,0,94,4,14786.1,14170.2,16741.3,0.83,6,11,1,20,0
armyCostPerPower:-10,committed,greedy,14,won,56,56,,0,0,0,goblin:conquered:31 archmage:conquered:40 orc:conquered:48 dwarf:conquered:56,1,22,18,0,2,0,78,5,14694.9,13706.8,16741.3,0.783,5,1,0,7,0
armyCostPerPower:-10,committed,greedy,15,active,71,,,1,1,0,goblin:conquered:52 archmage:conquered:63,4,36,26,1,3,1,119,14,13308.2,12871.7,16741.3,0.797,6,2,4,23,0
armyCostPerPower:-10,committed,greedy,16,active,71,,,0,0,0,goblin:conquered:43 archmage:conquered:63,2,34,29,1,2,0,91,4,14224.9,13596.8,16741.3,0.81,6,2,1,22,0
armyCostPerPower:-10,committed,greedy,17,active,71,,,0,0,0,goblin:conquered:44 archmage:conquered:63,3,39,32,0,2,0,98,5,13499,12942.2,16741.3,0.805,7,1,3,19,0
armyCostPerPower:-10,committed,greedy,18,active,71,,,0,0,0,,7,29,16,0,2,0,93,5,14194.6,13769.5,16741.3,0.817,6,2,0,36,0
armyCostPerPower:-10,committed,greedy,19,active,71,,,0,0,0,,7,26,6,1,2,0,110,7,14295.7,13813.4,16741.3,0.788,6,3,0,43,0
armyCostPerPower:-10,committed,greedy,20,active,71,,,0,0,0,,6,25,13,0,3,1,134,3,13253.8,12792.8,16741.3,0.789,6,2,0,36,0
armyCostPerPower:-10,committed,greedy,21,active,71,,,0,0,0,,7,26,9,1,2,0,112,7,13721.1,13295.8,16741.3,0.81,6,1,0,34,0
armyCostPerPower:-10,committed,greedy,22,active,71,,,0,0,0,,6,26,10,1,3,1,115,8,13860.4,13349.9,16741.3,0.8,6,2,1,33,0
armyCostPerPower:-10,committed,greedy,23,active,71,,,0,0,0,,7,33,17,1,2,0,109,4,14428.9,13884.1,16741.3,0.819,6,2,0,34,0
armyCostPerPower:-10,committed,greedy,24,won,66,66,,1,0,0,goblin:conquered:37 archmage:conquered:50 orc:conquered:58 dwarf:conquered:66,2,31,26,0,2,0,94,7,14633.1,13822.6,16741.3,0.804,6,2,4,10,0
armyCostPerPower:-10,committed,greedy,25,active,71,,,0,0,0,,7,24,12,0,2,0,79,2,13356.9,12964.5,16741.3,0.793,6,3,0,36,0
armyCostPerPower:-10,committed,greedy,26,active,71,,,0,0,0,,4,30,15,0,2,0,110,3,13930.3,13374.1,16741.3,0.773,6,1,0,34,0
armyCostPerPower:-10,committed,greedy,27,won,67,67,,0,0,0,goblin:conquered:34 archmage:conquered:51 orc:conquered:59 dwarf:conquered:67,1,27,23,0,2,0,97,4,14897.8,13985.9,16741.3,0.812,6,1,0,15,0
armyCostPerPower:-10,committed,greedy,28,active,71,,,0,0,0,orc:conquered:66,4,41,36,2,2,0,107,9,13504.8,12984.3,16741.3,0.787,6,2,2,21,0
armyCostPerPower:-10,committed,greedy,29,won,69,69,,0,0,0,orc:conquered:45 goblin:conquered:53 archmage:conquered:61 dwarf:conquered:69,4,33,30,0,2,0,94,13,15297,14312.4,16741.3,0.809,6,1,0,7,0
armyCostPerPower:-10,committed,greedy,30,active,71,,,0,0,0,goblin:conquered:39 archmage:conquered:61 orc:conquered:70,3,35,29,0,2,0,101,9,14582.3,13872.5,16741.3,0.841,7,2,0,20,0
armyCostPerPower:-10,steadfast,greedy,1,won,69,69,,0,0,0,archmage:conquered:45 goblin:conquered:53 orc:conquered:61 dwarf:conquered:69,4,34,30,0,2,0,91,4,16359.1,15371.5,16741.3,0.873,8,10,0,6,0
armyCostPerPower:-10,steadfast,greedy,2,won,66,66,,0,0,0,archmage:conquered:42 orc:conquered:50 goblin:conquered:58 dwarf:conquered:66,4,35,31,1,2,0,89,5,17381,16266.9,16741.3,0.872,8,2,0,7,0
armyCostPerPower:-10,steadfast,greedy,3,won,52,52,,0,0,0,orc:conquered:28 goblin:conquered:36 archmage:conquered:44 dwarf:conquered:52,3,25,24,0,2,0,74,6,20644.6,18731.7,16741.3,0.93,7,1,0,4,0
armyCostPerPower:-10,steadfast,greedy,4,won,62,62,,0,0,0,archmage:conquered:37 orc:conquered:46 goblin:conquered:54 dwarf:conquered:62,4,28,25,0,2,0,77,2,17279.6,16010.6,16741.3,0.841,7,1,0,3,0
armyCostPerPower:-10,steadfast,greedy,5,won,65,65,,0,0,0,archmage:conquered:41 orc:conquered:49 goblin:conquered:57 dwarf:conquered:65,5,36,33,0,2,0,83,3,18433,17064.2,16741.3,0.885,7,1,0,6,0
armyCostPerPower:-10,steadfast,greedy,6,won,55,55,,0,0,0,archmage:conquered:31 orc:conquered:39 goblin:conquered:47 dwarf:conquered:55,3,26,24,0,3,1,75,2,19364.9,17621.2,16741.3,0.878,7,2,0,4,0
armyCostPerPower:-10,steadfast,greedy,7,won,46,46,,0,0,0,goblin:conquered:21 archmage:conquered:30 orc:conquered:38 dwarf:conquered:46,2,23,22,0,2,0,73,5,19172,17479.3,15969.3,0.913,5,2,0,4,0
armyCostPerPower:-10,steadfast,greedy,8,won,57,57,,0,0,0,archmage:conquered:33 goblin:conquered:41 orc:conquered:49 dwarf:conquered:57,3,28,26,0,2,0,69,0,19391.6,17758.1,16741.3,0.897,7,1,0,4,0
armyCostPerPower:-10,steadfast,greedy,9,won,49,49,,0,0,0,goblin:conquered:23 archmage:conquered:33 orc:conquered:41 dwarf:conquered:49,2,27,23,0,3,1,85,6,18040.1,16584.4,16741.3,0.859,6,2,0,4,0
armyCostPerPower:-10,steadfast,greedy,10,won,55,55,,0,0,0,archmage:conquered:30 goblin:conquered:38 orc:conquered:47 dwarf:conquered:55,4,26,25,0,2,0,75,7,20074.8,18281.5,16741.3,0.901,7,2,0,4,0
armyCostPerPower:-10,steadfast,greedy,11,won,62,62,,0,0,0,archmage:conquered:38 goblin:conquered:46 orc:conquered:54 dwarf:conquered:62,3,29,27,0,2,0,82,4,18926.1,17454.9,16741.3,0.876,7,1,0,5,0
armyCostPerPower:-10,steadfast,greedy,12,won,55,55,,0,0,0,archmage:conquered:30 goblin:conquered:38 orc:conquered:47 dwarf:conquered:55,4,28,27,0,2,0,73,5,20393.7,18539,16741.3,0.917,7,2,0,4,0
armyCostPerPower:-10,steadfast,greedy,13,won,51,51,,0,0,0,goblin:conquered:26 archmage:conquered:35 orc:conquered:43 dwarf:conquered:51,3,27,24,0,2,0,80,4,19504.9,17916.7,16741.3,0.919,6,11,0,5,0
armyCostPerPower:-10,steadfast,greedy,14,won,48,48,,0,0,0,goblin:conquered:23 archmage:conquered:32 orc:conquered:40 dwarf:conquered:48,2,25,23,0,2,0,77,5,18594.3,16954.2,16741.3,0.872,6,1,0,2,0
armyCostPerPower:-10,steadfast,greedy,15,won,61,61,,0,0,0,archmage:conquered:36 orc:conquered:45 goblin:conquered:53 dwarf:conquered:61,4,31,29,0,3,1,75,7,19180.2,17522.4,16741.3,0.872,7,2,0,4,0
armyCostPerPower:-10,steadfast,greedy,16,won,62,62,,0,0,0,archmage:conquered:38 goblin:conquered:46 orc:conquered:54 dwarf:conquered:62,5,31,28,0,2,0,84,5,18928.8,17415.1,16741.3,0.898,7,2,0,8,0
armyCostPerPower:-10,steadfast,greedy,17,won,46,46,,0,0,0,archmage:conquered:21 goblin:conquered:30 orc:conquered:38 dwarf:conquered:46,2,20,18,0,2,0,75,4,17690.3,16148.8,15969.3,0.88,5,1,0,3,0
armyCostPerPower:-10,steadfast,greedy,18,won,47,47,,0,0,0,archmage:conquered:22 goblin:conquered:31 orc:conquered:39 dwarf:conquered:47,2,25,23,0,2,0,76,6,19328.9,17581.8,16355.3,0.898,6,2,0,4,0
armyCostPerPower:-10,steadfast,greedy,19,won,54,54,,0,0,0,archmage:conquered:30 orc:conquered:38 goblin:conquered:46 dwarf:conquered:54,4,25,23,0,2,0,70,1,20146.9,18346.1,16741.3,0.9,6,3,0,4,0
armyCostPerPower:-10,steadfast,greedy,20,won,48,48,,0,0,0,goblin:conquered:24 archmage:conquered:32 orc:conquered:40 dwarf:conquered:48,3,23,22,0,2,0,70,2,19188.7,17496,16741.3,0.88,5,1,0,3,0
armyCostPerPower:-10,steadfast,greedy,21,won,48,48,,0,0,0,goblin:conquered:24 archmage:conquered:32 orc:conquered:40 dwarf:conquered:48,3,23,21,0,2,0,70,3,19497.2,17722.6,16741.3,0.906,6,1,0,4,0
armyCostPerPower:-10,steadfast,greedy,22,won,48,48,,0,0,0,goblin:conquered:23 archmage:conquered:32 orc:conquered:40 dwarf:conquered:48,2,23,22,0,2,0,74,6,19615.4,17809.1,16741.3,0.903,6,2,0,4,0
armyCostPerPower:-10,steadfast,greedy,23,won,46,46,,0,0,0,archmage:conquered:22 orc:conquered:30 goblin:conquered:38 dwarf:conquered:46,1,19,17,0,2,0,75,2,18859.9,17224.2,15969.3,0.916,6,2,0,3,0
armyCostPerPower:-10,steadfast,greedy,24,won,48,48,,0,0,0,archmage:conquered:24 goblin:conquered:32 orc:conquered:40 dwarf:conquered:48,2,24,23,0,2,0,68,0,19263.8,17552.1,16741.3,0.882,6,2,0,4,0
armyCostPerPower:-10,steadfast,greedy,25,won,56,56,,0,0,0,archmage:conquered:32 goblin:conquered:40 orc:conquered:48 dwarf:conquered:56,3,31,28,0,2,0,77,8,18310.2,16696.9,16741.3,0.86,6,2,0,6,0
armyCostPerPower:-10,steadfast,greedy,26,won,59,59,,0,0,0,archmage:conquered:35 dwarf:conquered:43 orc:conquered:51 goblin:conquered:59,3,27,24,0,2,0,82,0,17335.1,16274.4,16741.3,0.854,7,1,0,9,0
armyCostPerPower:-10,steadfast,greedy,27,won,46,46,,0,0,0,archmage:conquered:21 orc:conquered:30 goblin:conquered:38 dwarf:conquered:46,2,21,19,0,2,0,79,6,17716.9,16168.5,15969.3,0.877,5,1,0,4,0
armyCostPerPower:-10,steadfast,greedy,28,won,56,56,,0,0,0,goblin:conquered:31 archmage:conquered:39 orc:conquered:48 dwarf:conquered:56,3,29,27,0,2,0,77,4,18469.8,16959.9,16741.3,0.883,8,2,0,5,0
armyCostPerPower:-10,steadfast,greedy,29,won,62,62,,0,0,0,archmage:conquered:38 orc:conquered:46 goblin:conquered:54 dwarf:conquered:62,5,28,25,0,2,0,84,4,18352.9,16977,16741.3,0.902,8,1,0,5,0
armyCostPerPower:-10,steadfast,greedy,30,won,55,55,,0,0,0,archmage:conquered:31 orc:conquered:39 goblin:conquered:47 dwarf:conquered:55,4,30,28,0,2,0,74,2,20196,18372.3,16741.3,0.929,7,2,0,5,0
armyCostPerPower:-20,committed,greedy,1,active,71,,,0,0,0,,5,25,15,2,2,0,138,3,13218.3,12697.1,16741.3,0.782,6,10,0,37,0
armyCostPerPower:-20,committed,greedy,2,active,71,,,0,0,0,,5,26,11,4,2,0,94,4,12964.8,12567.9,16741.3,0.766,6,3,0,27,0
armyCostPerPower:-20,committed,greedy,3,active,71,,,0,0,0,goblin:conquered:53 archmage:conquered:62 orc:conquered:71,5,38,31,2,2,0,95,3,15310.3,14618.2,16741.3,0.856,7,1,2,10,0
armyCostPerPower:-20,committed,greedy,4,active,71,,,0,0,0,orc:conquered:65,6,27,14,2,2,0,130,4,13311.7,12913.8,16741.3,0.776,6,1,0,35,0
armyCostPerPower:-20,committed,greedy,5,active,71,,,0,0,0,archmage:conquered:65,8,39,33,0,2,0,109,9,15033.1,14334.9,16741.3,0.822,7,1,0,29,0
armyCostPerPower:-20,committed,greedy,6,active,71,,,0,0,0,,6,25,14,1,3,1,100,5,13682.2,13129,16741.3,0.804,6,2,1,37,0
armyCostPerPower:-20,committed,greedy,7,won,65,65,,0,0,0,goblin:conquered:39 orc:conquered:47 archmage:conquered:55 dwarf:conquered:65,3,31,29,0,2,0,88,10,15849.3,14779.3,16741.3,0.825,6,2,0,4,0
armyCostPerPower:-20,committed,greedy,8,active,71,,,0,0,0,goblin:conquered:34 archmage:conquered:62 orc:conquered:70,2,38,33,1,2,0,91,2,15329.1,14446.5,16741.3,0.814,6,1,0,26,0
armyCostPerPower:-20,committed,greedy,9,active,71,,,0,0,0,archmage:conquered:64,4,38,32,2,4,2,120,17,13489.7,12970.7,16741.3,0.762,6,2,0,18,0
armyCostPerPower:-20,committed,greedy,10,active,71,,,0,0,0,goblin:conquered:52 archmage:conquered:61 orc:conquered:69,5,35,26,0,2,0,104,6,14339.7,13865.4,16741.3,0.824,6,2,0,20,0
armyCostPerPower:-20,committed,greedy,11,won,62,62,,0,0,0,archmage:conquered:34 goblin:conquered:46 orc:conquered:54 dwarf:conquered:62,1,29,25,0,2,0,102,21,15161.4,14211.6,16741.3,0.792,5,1,0,7,0
armyCostPerPower:-20,committed,greedy,12,won,50,50,,0,0,0,goblin:conquered:25 archmage:conquered:34 orc:conquered:42 dwarf:conquered:50,1,21,19,0,2,0,82,9,16816.7,15470,16741.3,0.843,4,2,0,5,0
armyCostPerPower:-20,committed,greedy,13,active,71,,,0,0,0,orc:conquered:45 archmage:conquered:55 goblin:conquered:63,5,34,27,1,2,0,95,3,14765.8,14170.7,16741.3,0.827,6,11,0,16,0
armyCostPerPower:-20,committed,greedy,14,won,61,61,,0,0,0,goblin:conquered:36 archmage:conquered:45 orc:conquered:53 dwarf:conquered:61,1,28,24,0,2,0,85,5,14628.5,13707.5,16741.3,0.781,5,1,0,12,0
armyCostPerPower:-20,committed,greedy,15,active,71,,,1,0,0,orc:conquered:50 archmage:conquered:61 dwarf:conquered:69,4,33,23,3,3,1,126,9,13364.2,12870.9,16741.3,0.797,6,2,4,21,0
armyCostPerPower:-20,committed,greedy,16,active,71,,,0,0,0,,6,25,11,0,2,0,127,4,14080.1,13611.5,16741.3,0.81,6,2,0,37,0
armyCostPerPower:-20,committed,greedy,17,active,71,,,0,0,0,archmage:conquered:64,8,45,39,1,2,0,96,4,13445.2,12942.1,16741.3,0.805,7,1,3,20,0
armyCostPerPower:-20,committed,greedy,18,active,71,,,0,0,0,,7,26,14,1,2,0,78,4,14194.6,13769.5,16741.3,0.817,6,2,0,26,0
armyCostPerPower:-20,committed,greedy,19,active,71,,,0,0,0,goblin:conquered:46 archmage:conquered:57 orc:conquered:65,4,35,30,0,2,0,100,4,14599,13900.6,16741.3,0.788,6,3,0,20,0
armyCostPerPower:-20,committed,greedy,20,active,71,,,1,1,0,goblin:conquered:42 archmage:conquered:60 orc:conquered:68,1,34,28,1,3,1,110,8,13456.5,12880.9,16741.3,0.789,6,2,4,16,0
armyCostPerPower:-20,committed,greedy,21,won,67,67,,0,0,0,goblin:conquered:42 orc:conquered:50 archmage:conquered:59 dwarf:conquered:67,4,35,28,1,2,0,99,7,14077.7,13474.9,16741.3,0.808,6,1,0,15,0
armyCostPerPower:-20,committed,greedy,22,active,71,,,0,0,0,,7,29,12,2,3,1,129,7,13783,13351.3,16741.3,0.8,6,2,1,33,0
armyCostPerPower:-20,committed,greedy,23,active,71,,,0,0,0,,7,27,12,0,2,0,125,3,14355.6,13885.1,16741.3,0.819,6,2,1,35,0
armyCostPerPower:-20,committed,greedy,24,active,71,,,0,0,0,goblin:conquered:68,7,37,32,2,2,0,119,12,14465.8,13825.9,16741.3,0.805,6,2,0,26,0
armyCostPerPower:-20,committed,greedy,25,active,71,,,0,0,0,,6,22,3,0,2,0,99,5,13356.9,12964.5,16741.3,0.793,6,3,0,36,0
armyCostPerPower:-20,committed,greedy,26,active,71,,,0,0,0,orc:conquered:62 goblin:conquered:70,4,41,35,0,2,0,102,9,14148.3,13575.9,16741.3,0.773,6,1,1,16,0
armyCostPerPower:-20,committed,greedy,27,won,69,69,,0,0,0,goblin:conquered:40 archmage:conquered:53 orc:conquered:61 dwarf:conquered:69,1,32,28,0,2,0,101,9,14785.6,13986.9,16741.3,0.813,6,1,0,14,0
armyCostPerPower:-20,committed,greedy,28,active,71,,,0,0,0,orc:conquered:67,5,44,38,2,2,0,104,4,13504.8,12984.3,16741.3,0.787,6,2,2,20,0
armyCostPerPower:-20,committed,greedy,29,won,66,66,,0,0,0,goblin:conquered:42 archmage:conquered:50 orc:conquered:58 dwarf:conquered:66,3,31,28,0,2,0,91,10,15297,14312.4,16741.3,0.805,6,1,0,5,0
armyCostPerPower:-20,committed,greedy,30,active,71,,,0,0,0,archmage:conquered:64,8,46,38,1,2,0,118,12,14462,13873.3,16741.3,0.841,7,2,3,21,0
armyCostPerPower:-20,steadfast,greedy,1,won,69,69,,0,0,0,archmage:conquered:45 goblin:conquered:53 orc:conquered:61 dwarf:conquered:69,3,28,24,0,2,0,88,5,16834.4,15814.5,16741.3,0.873,8,10,0,4,0
armyCostPerPower:-20,steadfast,greedy,2,won,61,61,,0,0,0,archmage:conquered:33 goblin:conquered:45 orc:conquered:53 dwarf:conquered:61,2,28,24,1,2,0,87,5,17385.4,16269.2,16741.3,0.864,7,2,0,11,0
armyCostPerPower:-20,steadfast,greedy,3,won,54,54,,0,0,0,archmage:conquered:30 orc:conquered:38 goblin:conquered:46 dwarf:conquered:54,4,26,25,0,2,0,72,4,20566.9,18730.1,16741.3,0.931,7,1,0,4,0
armyCostPerPower:-20,steadfast,greedy,4,won,63,63,,0,0,0,archmage:conquered:39 goblin:conquered:47 orc:conquered:55 dwarf:conquered:63,4,32,29,0,2,0,82,4,17224.7,16012,16741.3,0.843,7,1,0,6,0
armyCostPerPower:-20,steadfast,greedy,5,active,71,,,0,0,0,archmage:conquered:35,4,22,18,0,2,0,82,3,18400.8,17065.1,16741.3,0.889,9,1,0,5,0
armyCostPerPower:-20,steadfast,greedy,6,won,49,49,,0,0,0,goblin:conquered:24 archmage:conquered:33 orc:conquered:41 dwarf:conquered:49,2,24,22,0,3,1,77,2,19364.9,17621.2,16741.3,0.872,7,2,0,5,0
armyCostPerPower:-20,steadfast,greedy,7,won,46,46,,0,0,0,archmage:conquered:21 goblin:conquered:30 orc:conquered:38 dwarf:conquered:46,2,21,20,0,2,0,71,3,19172,17479.3,15969.3,0.913,5,2,0,4,0
armyCostPerPower:-20,steadfast,greedy,8,won,67,67,,0,0,0,archmage:conquered:37 goblin:conquered:45 orc:conquered:53 dwarf:conquered:67,4,32,29,0,2,0,71,0,19391.6,17758.1,16741.3,0.894,8,1,0,5,0
armyCostPerPower:-20,steadfast,greedy,9,won,49,49,,0,0,0,goblin:conquered:23 archmage:conquered:33 orc:conquered:41 dwarf:conquered:49,2,23,20,0,3,1,87,7,18040.1,16584.4,16741.3,0.859,6,2,0,4,0
armyCostPerPower:-20,steadfast,greedy,10,won,49,49,,0,0,0,goblin:conquered:25 archmage:conquered:33 orc:conquered:41 dwarf:conquered:49,2,25,24,0,2,0,75,7,20095.6,18281,16741.3,0.899,6,2,0,4,0
armyCostPerPower:-20,steadfast,greedy,11,won,53,53,,0,0,0,archmage:conquered:27 orc:conquered:37 goblin:conquered:45 dwarf:conquered:53,1,24,22,0,2,0,77,3,18926.1,17454.9,16741.3,0.872,6,1,0,4,0
armyCostPerPower:-20,steadfast,greedy,12,won,46,46,,0,0,0,goblin:conquered:21 archmage:conquered:30 orc:conquered:38 dwarf:conquered:46,2,23,22,0,2,0,70,2,18855.5,17195.4,15969.3,0.914,5,2,0,4,0
armyCostPerPower:-20,steadfast,greedy,13,won,53,53,,0,0,0,goblin:conquered:25 archmage:conquered:36 orc:conquered:45 dwarf:conquered:53,3,28,25,0,2,0,79,4,19504.9,17916.7,16741.3,0.919,6,11,0,4,0
armyCostPerPower:-20,steadfast,greedy,14,won,49,49,,0,0,0,goblin:conquered:23 orc:conquered:33 archmage:conquered:41 dwarf:conquered:49,2,19,17,0,2,0,79,5,18721.2,17064.5,16741.3,0.87,6,1,0,2,0
armyCostPerPower:-20,steadfast,greedy,15,won,51,51,,0,0,0,archmage:conquered:23 goblin:conquered:35 orc:conquered:43 dwarf:conquered:51,2,27,26,0,3,1,77,7,19201.9,17522.8,16741.3,0.879,6,2,0,4,0
armyCostPerPower:-20,steadfast,greedy,16,won,65,65,,0,0,0,orc:conquered:38 archmage:conquered:46 goblin:conquered:54 dwarf:conquered:65,3,24,22,0,2,0,84,4,18891.9,17414.1,16741.3,0.886,8,2,0,5,0
armyCostPerPower:-20,steadfast,greedy,17,won,47,47,,0,0,0,goblin:conquered:22 orc:conquered:31 archmage:conquered:39 dwarf:conquered:47,2,21,19,0,2,0,75,2,18234.9,16651.6,16355.3,0.881,6,1,0,4,0
armyCostPerPower:-20,steadfast,greedy,18,won,47,47,,0,0,0,archmage:conquered:22 orc:conquered:31 goblin:conquered:39 dwarf:conquered:47,2,21,19,0,2,0,76,6,19313.7,17581.9,16355.3,0.898,6,2,0,5,0
armyCostPerPower:-20,steadfast,greedy,19,won,46,46,,0,0,0,archmage:conquered:21 orc:conquered:30 goblin:conquered:38 dwarf:conquered:46,1,19,17,0,2,0,70,1,19294.7,17556.9,15969.3,0.909,6,3,0,3,0
armyCostPerPower:-20,steadfast,greedy,20,active,71,,,0,0,0,archmage:conquered:24 goblin:conquered:32 orc:conquered:40,3,22,21,0,2,0,70,2,19433.4,17714.5,16741.3,0.888,9,1,0,3,0
armyCostPerPower:-20,steadfast,greedy,21,won,48,48,,0,0,0,archmage:conquered:24 goblin:conquered:32 orc:conquered:40 dwarf:conquered:48,3,22,20,0,2,0,68,1,19497.2,17722.6,16741.3,0.906,6,1,0,4,0
armyCostPerPower:-20,steadfast,greedy,22,active,71,,,0,0,0,archmage:conquered:24 goblin:conquered:32 orc:conquered:40,2,20,19,0,2,0,71,3,19888.1,18046.2,16741.3,0.903,9,2,0,3,0
armyCostPerPower:-20,steadfast,greedy,23,won,47,47,,0,0,0,goblin:conquered:22 orc:conquered:31 archmage:conquered:39 dwarf:conquered:47,1,20,18,0,2,0,74,0,19238.4,17553.3,16355.3,0.917,6,2,0,3,0
armyCostPerPower:-20,steadfast,greedy,24,won,48,48,,0,0,0,archmage:conquered:24 goblin:conquered:32 orc:conquered:40 dwarf:conquered:48,2,24,23,0,2,0,68,0,19263.8,17552.1,16741.3,0.882,6,2,0,4,0
armyCostPerPower:-20,steadfast,greedy,25,won,46,46,,0,0,0,goblin:conquered:20 archmage:conquered:30 orc:conquered:38 dwarf:conquered:46,1,23,21,0,2,0,75,6,17600.9,16063.6,15969.3,0.864,5,2,0,7,0
armyCostPerPower:-20,steadfast,greedy,26,won,65,65,,0,0,0,goblin:conquered:33 archmage:conquered:49 orc:conquered:57 dwarf:conquered:65,2,30,27,0,2,0,85,1,17392.2,16274.3,16741.3,0.863,7,1,0,13,0
armyCostPerPower:-20,steadfast,greedy,27,won,46,46,,0,0,0,archmage:conquered:21 goblin:conquered:30 orc:conquered:38 dwarf:conquered:46,1,20,18,0,2,0,79,6,17716.9,16168.5,15969.3,0.877,5,1,0,4,0
armyCostPerPower:-20,steadfast,greedy,28,won,56,56,,0,0,0,archmage:conquered:31 orc:conquered:40 goblin:conquered:48 dwarf:conquered:56,3,28,25,0,2,0,79,4,18458.7,16959.5,16741.3,0.883,8,2,0,4,0
armyCostPerPower:-20,steadfast,greedy,29,won,63,63,,0,0,0,archmage:conquered:39 goblin:conquered:47 orc:conquered:55 dwarf:conquered:63,4,31,28,0,2,0,88,5,18350.7,16978,16741.3,0.903,8,1,0,6,0
armyCostPerPower:-20,steadfast,greedy,30,won,50,50,,0,0,0,orc:conquered:26 goblin:conquered:34 archmage:conquered:42 dwarf:conquered:50,2,24,22,0,2,0,76,2,20196,18372.3,16741.3,0.928,7,2,0,5,0
armyCostPerPower:+10,committed,greedy,1,active,71,,,0,0,0,goblin:conquered:57,3,23,16,0,2,0,88,2,13206.1,12697.3,16741.3,0.782,6,10,3,37,0
armyCostPerPower:+10,committed,greedy,2,won,70,70,,1,1,0,archmage:conquered:42 goblin:conquered:54 orc:conquered:62 dwarf:conquered:70,1,32,26,0,2,0,83,10,13329.9,12750.9,16741.3,0.764,6,3,4,8,0
armyCostPerPower:+10,committed,greedy,3,active,71,,,0,0,0,archmage:conquered:69,8,38,27,2,2,0,118,0,15197.1,14612.5,16741.3,0.856,7,1,0,27,0
armyCostPerPower:+10,committed,greedy,4,won,70,70,,0,0,0,archmage:conquered:42 orc:conquered:54 goblin:conquered:62 dwarf:conquered:70,2,32,25,1,2,0,85,8,13701.1,13098.3,16741.3,0.774,6,1,1,7,0
armyCostPerPower:+10,committed,greedy,5,won,60,60,,0,0,0,archmage:conquered:35 dwarf:conquered:44 goblin:conquered:52 orc:conquered:60,3,26,22,0,2,0,81,5,15264.8,14332,16741.3,0.814,5,1,0,5,0
armyCostPerPower:+10,committed,greedy,6,active,71,,,0,0,0,goblin:conquered:50 archmage:conquered:60 orc:conquered:68,4,33,23,0,3,1,109,6,13556.3,13130.7,16741.3,0.804,6,2,1,20,0
armyCostPerPower:+10,committed,greedy,7,won,59,59,,0,0,0,goblin:conquered:35 archmage:conquered:43 orc:conquered:51 dwarf:conquered:59,4,26,22,0,2,0,88,11,15887.6,14778.1,16741.3,0.826,5,2,0,2,0
armyCostPerPower:+10,committed,greedy,8,won,60,60,,0,0,0,archmage:conquered:35 goblin:conquered:44 orc:conquered:52 dwarf:conquered:60,2,27,22,0,2,0,88,6,15282.8,14446.7,16741.3,0.818,5,1,0,5,0
armyCostPerPower:+10,committed,greedy,9,won,67,67,,0,0,0,archmage:conquered:41 goblin:conquered:50 orc:conquered:59 dwarf:conquered:67,1,27,22,0,4,2,86,6,13606,13046.9,16741.3,0.76,6,2,2,15,0
armyCostPerPower:+10,committed,greedy,10,active,71,,,0,0,0,goblin:conquered:53,6,25,12,0,2,0,83,1,14339.7,13865.4,16741.3,0.824,6,2,0,37,0
armyCostPerPower:+10,committed,greedy,11,won,60,60,,0,0,0,archmage:conquered:36 orc:conquered:44 goblin:conquered:52 dwarf:conquered:60,1,20,17,0,2,0,85,12,15158,14096.1,16741.3,0.791,5,1,0,3,0
armyCostPerPower:+10,committed,greedy,12,won,52,52,,0,0,0,archmage:conquered:26 orc:conquered:36 goblin:conquered:44 dwarf:conquered:52,2,23,21,0,2,0,81,14,16794.8,15448.9,16741.3,0.844,4,2,0,4,0
armyCostPerPower:+10,committed,greedy,13,active,71,,,0,0,0,,8,26,14,1,2,0,97,2,14748.5,14150.4,16741.3,0.827,6,11,0,38,0
armyCostPerPower:+10,committed,greedy,14,won,58,58,,0,0,0,goblin:conquered:33 archmage:conquered:42 orc:conquered:50 dwarf:conquered:58,1,21,17,0,2,0,79,6,14717.2,13706.4,16741.3,0.783,5,1,0,3,0
armyCostPerPower:+10,committed,greedy,15,active,71,,,0,0,0,,7,20,7,0,3,1,120,10,13396.3,12953.3,16741.3,0.797,6,2,2,37,0
armyCostPerPower:+10,committed,greedy,16,won,65,65,,0,0,0,goblin:conquered:37 archmage:conquered:49 orc:conquered:57 dwarf:conquered:65,4,28,21,1,2,0,82,2,14261.7,13596.5,16741.3,0.811,6,2,0,10,0
armyCostPerPower:+10,committed,greedy,17,active,71,,,0,0,0,goblin:conquered:39 archmage:conquered:58 orc:conquered:66,3,34,27,0,2,0,97,9,13811.6,13174.8,16741.3,0.805,7,1,1,17,0
armyCostPerPower:+10,committed,greedy,18,active,71,,,0,0,0,,7,24,12,0,2,0,80,4,14194.6,13769.5,16741.3,0.817,6,2,0,36,0
armyCostPerPower:+10,committed,greedy,19,won,63,63,,0,0,0,dwarf:conquered:37 archmage:conquered:46 orc:conquered:55 goblin:conquered:63,3,33,29,0,2,0,90,9,14749.2,13899.4,16741.3,0.799,5,3,0,6,0
armyCostPerPower:+10,committed,greedy,20,active,71,,,0,0,0,,6,24,7,0,3,1,120,3,13183.6,12793.6,16741.3,0.789,6,2,0,36,0
armyCostPerPower:+10,committed,greedy,21,active,71,,,0,0,0,,7,35,19,1,2,0,148,9,13687.7,13296.2,16741.3,0.81,6,1,0,27,0
armyCostPerPower:+10,committed,greedy,22,active,71,,,0,0,0,,7,19,7,0,3,1,93,5,13860.4,13349.9,16741.3,0.8,6,2,0,34,0
armyCostPerPower:+10,committed,greedy,23,active,71,,,0,0,0,,7,27,5,0,2,0,98,1,14304.4,13885.5,16741.3,0.819,6,2,0,35,0
armyCostPerPower:+10,committed,greedy,24,won,62,62,,0,0,0,archmage:conquered:37 orc:conquered:46 goblin:conquered:54 dwarf:conquered:62,2,27,22,0,2,0,89,8,14594.2,13823.1,16741.3,0.804,5,2,0,7,0
armyCostPerPower:+10,committed,greedy,25,active,71,,,0,0,0,,7,29,10,1,2,0,107,8,13356.9,12964.5,16741.3,0.793,6,3,0,34,0
armyCostPerPower:+10,committed,greedy,26,won,68,68,,0,0,0,dwarf:conquered:41 archmage:conquered:52 orc:conquered:60 goblin:conquered:68,1,32,27,0,2,0,86,6,14040.1,13372,16741.3,0.768,6,1,1,7,0
armyCostPerPower:+10,committed,greedy,27,won,58,58,,0,0,0,archmage:conquered:34 goblin:conquered:42 orc:conquered:50 dwarf:conquered:58,2,24,20,0,2,0,86,12,14817.7,13872.3,16741.3,0.812,5,1,0,7,0
armyCostPerPower:+10,committed,greedy,28,active,71,,,0,0,0,archmage:conquered:63,4,36,30,1,2,0,100,11,13504.8,12984.3,16741.3,0.787,6,2,2,21,0
armyCostPerPower:+10,committed,greedy,29,won,61,61,,0,0,0,goblin:conquered:37 orc:conquered:45 archmage:conquered:53 dwarf:conquered:61,2,27,24,0,2,0,89,9,15374.1,14311.4,16741.3,0.803,5,1,0,4,0
armyCostPerPower:+10,committed,greedy,30,active,71,,,0,0,0,archmage:conquered:55 orc:conquered:65,7,38,26,0,2,0,126,6,14250.1,13694.4,16741.3,0.841,7,2,0,27,0
armyCostPerPower:+10,steadfast,greedy,1,won,67,67,,0,0,0,archmage:conquered:43 orc:conquered:51 goblin:conquered:59 dwarf:conquered:67,4,30,26,0,2,0,86,4,16742.4,15696.2,16741.3,0.875,8,10,0,4,0
armyCostPerPower:+10,steadfast,greedy,2,won,63,63,,0,0,0,archmage:conquered:38 orc:conquered:47 goblin:conquered:55 dwarf:conquered:63,4,28,23,0,2,0,84,6,17468.1,16264.5,16741.3,0.867,7,2,0,3,0
armyCostPerPower:+10,steadfast,greedy,3,won,55,55,,0,0,0,archmage:conquered:30 goblin:conquered:38 orc:conquered:47 dwarf:conquered:55,4,28,26,0,2,0,73,5,20624.1,18732.2,16741.3,0.931,7,1,0,4,0
armyCostPerPower:+10,steadfast,greedy,4,won,62,62,,0,0,0,archmage:conquered:38 goblin:conquered:46 orc:conquered:54 dwarf:conquered:62,4,30,27,0,2,0,79,4,17298.4,16011.6,16741.3,0.841,7,1,0,4,0
armyCostPerPower:+10,steadfast,greedy,5,won,61,61,,0,0,0,archmage:conquered:37 goblin:conquered:45 orc:conquered:53 dwarf:conquered:61,4,28,25,0,2,0,75,2,18435.8,17064.5,16741.3,0.881,7,1,0,5,0
armyCostPerPower:+10,steadfast,greedy,6,won,55,55,,0,0,0,archmage:conquered:31 orc:conquered:39 goblin:conquered:47 dwarf:conquered:55,4,24,22,0,3,1,71,2,19364.9,17621.2,16741.3,0.878,7,2,0,4,0
armyCostPerPower:+10,steadfast,greedy,7,won,46,46,,0,0,0,goblin:conquered:21 archmage:conquered:30 orc:conquered:38 dwarf:conquered:46,2,23,22,0,2,0,73,5,19172,17479.3,15969.3,0.913,5,2,0,5,0
armyCostPerPower:+10,steadfast,greedy,8,won,54,54,,0,0,0,goblin:conquered:30 archmage:conquered:38 orc:conquered:46 dwarf:conquered:54,3,26,24,0,2,0,68,0,19805,18093.6,16741.3,0.902,6,1,0,3,0
armyCostPerPower:+10,steadfast,greedy,9,won,48,48,,0,0,0,goblin:conquered:23 archmage:conquered:32 orc:conquered:40 dwarf:conquered:48,2,26,23,0,3,1,82,6,17799.3,16358.1,16741.3,0.857,5,2,0,4,0
armyCostPerPower:+10,steadfast,greedy,10,won,49,49,,0,0,0,archmage:conquered:25 orc:conquered:33 goblin:conquered:41 dwarf:conquered:49,2,23,22,0,2,0,73,5,20074.8,18281.5,16741.3,0.899,6,2,0,4,0
armyCostPerPower:+10,steadfast,greedy,11,won,57,57,,0,0,0,archmage:conquered:33 goblin:conquered:41 orc:conquered:49 dwarf:conquered:57,4,24,22,0,2,0,81,4,18906.3,17455.1,16741.3,0.871,7,1,0,5,0
armyCostPerPower:+10,steadfast,greedy,12,won,46,46,,0,0,0,archmage:conquered:21 orc:conquered:30 goblin:conquered:38 dwarf:conquered:46,2,23,21,0,2,0,77,5,18855.5,17195.4,15969.3,0.914,5,2,0,4,0
armyCostPerPower:+10,steadfast,greedy,13,won,55,55,,0,0,0,archmage:conquered:31 orc:conquered:39 goblin:conquered:47 dwarf:conquered:55,4,26,24,0,2,0,80,3,19840.7,18215.4,16741.3,0.919,7,11,0,2,0
armyCostPerPower:+10,steadfast,greedy,14,won,48,48,,0,0,0,orc:conquered:24 goblin:conquered:32 archmage:conquered:40 dwarf:conquered:48,2,18,16,0,2,0,74,5,18594.3,16954.2,16741.3,0.872,6,1,0,3,0
armyCostPerPower:+10,steadfast,greedy,15,won,48,48,,0,0,0,archmage:conquered:23 orc:conquered:32 goblin:conquered:40 dwarf:conquered:48,2,21,19,0,3,1,73,5,18945.1,17316.4,16741.3,0.889,6,2,0,5,0
armyCostPerPower:+10,steadfast,greedy,16,won,55,55,,0,0,0,goblin:conquered:31 archmage:conquered:39 orc:conquered:47 dwarf:conquered:55,3,25,22,0,2,0,84,8,18665.1,17167.6,16741.3,0.892,7,2,0,4,0
armyCostPerPower:+10,steadfast,greedy,17,won,46,46,,0,0,0,goblin:conquered:21 archmage:conquered:30 orc:conquered:38 dwarf:conquered:46,2,21,20,0,2,0,71,3,17670.2,16149.2,15969.3,0.88,5,1,0,3,0
armyCostPerPower:+10,steadfast,greedy,18,won,49,49,,0,0,0,archmage:conquered:22 orc:conquered:33 goblin:conquered:41 dwarf:conquered:49,2,26,23,0,2,0,77,6,19899.9,18078.4,16741.3,0.899,6,2,0,5,0
armyCostPerPower:+10,steadfast,greedy,19,won,48,48,,0,0,0,archmage:conquered:23 orc:conquered:32 goblin:conquered:40 dwarf:conquered:48,2,23,22,0,2,0,69,1,19974,18147.6,16741.3,0.908,6,3,0,5,0
armyCostPerPower:+10,steadfast,greedy,20,won,48,48,,0,0,0,goblin:conquered:24 archmage:conquered:32 orc:conquered:40 dwarf:conquered:48,4,23,21,0,2,0,70,2,19188.7,17496,16741.3,0.88,5,1,0,3,0
armyCostPerPower:+10,steadfast,greedy,21,won,48,48,,0,0,0,goblin:conquered:23 archmage:conquered:32 orc:conquered:40 dwarf:conquered:48,3,24,22,0,2,0,71,4,19497.2,17722.6,16741.3,0.906,6,1,0,4,0
armyCostPerPower:+10,steadfast,greedy,22,won,48,48,,0,0,0,archmage:conquered:23 goblin:conquered:32 orc:conquered:40 dwarf:conquered:48,3,22,21,0,2,0,73,5,19615.4,17809.1,16741.3,0.903,6,2,0,3,0
armyCostPerPower:+10,steadfast,greedy,23,won,48,48,,0,0,0,goblin:conquered:23 archmage:conquered:32 orc:conquered:40 dwarf:conquered:48,2,20,19,0,2,0,69,0,20228.4,18427.9,16741.3,0.918,6,2,0,5,0
armyCostPerPower:+10,steadfast,greedy,24,won,49,49,,0,0,0,archmage:conquered:25 goblin:conquered:33 orc:conquered:41 dwarf:conquered:49,3,25,24,0,2,0,68,0,19508.6,17764.9,16741.3,0.88,6,2,0,4,0
armyCostPerPower:+10,steadfast,greedy,25,won,51,51,,0,0,0,archmage:conquered:27 orc:conquered:35 goblin:conquered:43 dwarf:conquered:51,3,22,21,0,2,0,70,3,18310.2,16696.9,16741.3,0.86,6,2,0,4,0
armyCostPerPower:+10,steadfast,greedy,26,won,59,59,,0,0,0,archmage:conquered:34 orc:conquered:43 goblin:conquered:51 dwarf:conquered:59,2,26,22,0,2,0,81,1,17345.5,16273.9,16741.3,0.854,7,1,0,7,0
armyCostPerPower:+10,steadfast,greedy,27,won,46,46,,0,0,0,archmage:conquered:22 orc:conquered:30 goblin:conquered:38 dwarf:conquered:46,2,20,19,0,2,0,70,2,17705.7,16168.7,15969.3,0.877,5,1,0,4,0
armyCostPerPower:+10,steadfast,greedy,28,won,59,59,,0,0,0,archmage:conquered:35 orc:conquered:43 goblin:conquered:51 dwarf:conquered:59,3,28,25,0,2,0,73,2,18458.7,16959.5,16741.3,0.882,8,2,0,4,0
armyCostPerPower:+10,steadfast,greedy,29,won,62,62,,0,0,0,archmage:conquered:37 orc:conquered:46 goblin:conquered:54 dwarf:conquered:62,5,30,27,0,2,0,82,4,18352.9,16977,16741.3,0.902,8,1,0,5,0
armyCostPerPower:+10,steadfast,greedy,30,won,46,46,,0,0,0,goblin:conquered:20 archmage:conquered:30 orc:conquered:38 dwarf:conquered:46,2,22,20,0,2,0,73,1,19358.9,17631.9,15969.3,0.928,5,2,0,4,0
armyCostPerPower:+20,committed,greedy,1,active,71,,,0,0,0,goblin:conquered:58 archmage:conquered:70,3,28,21,0,2,0,114,2,13206.1,12697.3,16741.3,0.782,6,10,3,28,0
armyCostPerPower:+20,committed,greedy,2,active,71,,,1,1,0,archmage:conquered:49 goblin:conquered:57 orc:conquered:65,2,27,22,0,2,0,81,5,13361.1,12750.5,16741.3,0.766,6,3,4,8,0
armyCostPerPower:+20,committed,greedy,3,active,71,,,0,0,0,archmage:conquered:52 orc:conquered:60 goblin:conquered:68,6,32,23,1,2,0,88,2,15287.8,14710.3,16741.3,0.856,7,1,0,11,0
armyCostPerPower:+20,committed,greedy,4,won,66,66,,0,0,0,archmage:conquered:41 orc:conquered:50 goblin:conquered:58 dwarf:conquered:66,3,27,21,1,2,0,84,9,13701.1,13098.3,16741.3,0.768,6,1,1,10,0
armyCostPerPower:+20,committed,greedy,5,won,61,61,,0,0,0,archmage:conquered:36 orc:conquered:45 goblin:conquered:53 dwarf:conquered:61,3,25,21,0,2,0,81,5,15279.7,14331.7,16741.3,0.814,5,1,0,6,0
armyCostPerPower:+20,committed,greedy,6,won,68,68,,0,0,0,archmage:conquered:42 orc:conquered:52 goblin:conquered:60 dwarf:conquered:68,2,29,23,0,3,1,89,11,13740.4,13133.6,16741.3,0.801,6,2,2,8,0
armyCostPerPower:+20,committed,greedy,7,won,58,58,,0,0,0,archmage:conquered:34 goblin:conquered:42 orc:conquered:50 dwarf:conquered:58,4,24,21,0,2,0,84,9,15887.6,14778.1,16741.3,0.826,5,2,0,4,0
armyCostPerPower:+20,committed,greedy,8,won,63,63,,0,0,0,archmage:conquered:36 orc:conquered:47 goblin:conquered:55 dwarf:conquered:63,3,28,23,0,2,0,80,2,15083.6,14250.1,16741.3,0.818,5,1,0,6,0
armyCostPerPower:+20,committed,greedy,9,won,68,68,,1,1,0,goblin:conquered:43 archmage:conquered:52 orc:conquered:60 dwarf:conquered:68,1,26,21,0,4,2,85,9,13359.8,12771.6,16741.3,0.76,6,2,4,17,0
armyCostPerPower:+20,committed,greedy,10,won,68,68,,0,0,0,archmage:conquered:43 orc:conquered:52 goblin:conquered:60 dwarf:conquered:68,4,31,24,0,2,0,81,4,14564.9,13857.9,16741.3,0.823,6,2,1,8,0
armyCostPerPower:+20,committed,greedy,11,won,62,62,,0,0,0,orc:conquered:38 goblin:conquered:46 archmage:conquered:54 dwarf:conquered:62,1,22,18,0,2,0,80,7,15273.6,14210.9,16741.3,0.792,5,1,0,3,0
armyCostPerPower:+20,committed,greedy,12,won,56,56,,0,0,0,archmage:conquered:32 goblin:conquered:40 orc:conquered:48 dwarf:conquered:56,2,27,25,0,2,0,86,14,16816.7,15470,16741.3,0.844,5,2,0,6,0
armyCostPerPower:+20,committed,greedy,13,won,65,65,,0,0,0,archmage:conquered:39 orc:conquered:49 goblin:conquered:57 dwarf:conquered:65,4,29,23,1,2,0,88,10,14868.8,14169.2,16741.3,0.828,5,11,0,7,0
armyCostPerPower:+20,committed,greedy,14,won,58,58,,0,0,0,archmage:conquered:34 goblin:conquered:42 orc:conquered:50 dwarf:conquered:58,1,21,17,0,2,0,79,7,14724.3,13706.6,16741.3,0.783,5,1,0,3,0
armyCostPerPower:+20,committed,greedy,15,active,71,,,0,0,0,,7,27,10,0,3,1,105,12,13372.9,12953.7,16741.3,0.797,6,2,0,37,0
armyCostPerPower:+20,committed,greedy,16,won,69,69,,0,0,0,goblin:conquered:42 archmage:conquered:53 orc:conquered:61 dwarf:conquered:69,3,29,22,0,2,0,84,6,14239.9,13596.8,16741.3,0.808,6,2,1,10,0
armyCostPerPower:+20,committed,greedy,17,active,71,,,0,0,0,,8,29,16,0,2,0,122,10,13401.7,13003.5,16741.3,0.805,7,1,0,36,0
armyCostPerPower:+20,committed,greedy,18,active,71,,,0,0,0,,8,27,15,0,2,0,81,5,14237.2,13769.2,16741.3,0.817,6,2,0,35,0
armyCostPerPower:+20,committed,greedy,19,won,63,63,,0,0,0,goblin:conquered:37 archmage:conquered:47 orc:conquered:55 dwarf:conquered:63,3,33,28,0,2,0,90,10,14753.7,13899.7,16741.3,0.799,5,3,0,8,0
armyCostPerPower:+20,committed,greedy,20,won,70,70,,0,0,0,archmage:conquered:41 orc:conquered:54 goblin:conquered:62 dwarf:conquered:70,3,29,23,0,3,1,81,6,13531.9,12960.5,16741.3,0.788,6,2,2,7,0
armyCostPerPower:+20,committed,greedy,21,won,68,68,,0,0,0,goblin:conquered:42 archmage:conquered:52 orc:conquered:60 dwarf:conquered:68,3,31,24,0,2,0,83,7,13838.5,13291.1,16741.3,0.808,6,1,0,7,0
armyCostPerPower:+20,committed,greedy,22,active,71,,,0,0,0,,7,18,7,1,3,1,86,7,13860.4,13349.9,16741.3,0.8,6,2,1,34,0
armyCostPerPower:+20,committed,greedy,23,won,68,68,,0,0,0,goblin:conquered:43 orc:conquered:52 archmage:conquered:60 dwarf:conquered:68,6,31,23,0,2,0,84,6,14703.9,14082.7,16741.3,0.819,6,2,1,7,0
armyCostPerPower:+20,committed,greedy,24,active,71,,,0,0,0,archmage:conquered:50 orc:conquered:58 goblin:conquered:66,5,35,28,0,2,0,90,10,14675,13822.2,16741.3,0.805,6,2,0,5,0
armyCostPerPower:+20,committed,greedy,25,active,71,,,0,0,0,archmage:conquered:54 orc:conquered:63,6,35,28,0,2,0,88,5,13703.1,13151.2,16741.3,0.793,6,3,2,10,0
armyCostPerPower:+20,committed,greedy,26,active,71,,,0,0,0,archmage:conquered:41 orc:conquered:55 goblin:conquered:63,1,31,26,0,2,0,86,7,14001.6,13372.5,16741.3,0.773,6,1,1,6,0
armyCostPerPower:+20,committed,greedy,27,won,62,62,,0,0,0,goblin:conquered:38 archmage:conquered:46 orc:conquered:54 dwarf:conquered:62,1,22,18,0,2,0,87,13,14817.7,13872.3,16741.3,0.816,5,1,0,6,0
armyCostPerPower:+20,committed,greedy,28,won,67,67,,0,0,0,archmage:conquered:40 goblin:conquered:49 orc:conquered:59 dwarf:conquered:67,1,27,21,1,2,0,80,2,13793.8,13243.9,16741.3,0.788,6,2,2,16,0
armyCostPerPower:+20,committed,greedy,29,won,61,61,,0,0,0,archmage:conquered:37 orc:conquered:45 goblin:conquered:53 dwarf:conquered:61,3,27,24,0,2,0,84,7,15374.1,14311.4,16741.3,0.803,5,1,0,5,0
armyCostPerPower:+20,committed,greedy,30,active,71,,,0,0,0,,7,29,8,0,2,0,106,5,14127.7,13696.5,16741.3,0.841,7,2,0,38,0
armyCostPerPower:+20,steadfast,greedy,1,won,65,65,,0,0,0,archmage:conquered:41 orc:conquered:49 goblin:conquered:57 dwarf:conquered:65,4,29,26,0,2,0,86,5,16777.2,15695.3,16741.3,0.878,8,10,0,4,0
armyCostPerPower:+20,steadfast,greedy,2,won,57,57,,0,0,0,archmage:conquered:32 orc:conquered:41 goblin:conquered:49 dwarf:conquered:57,2,25,20,0,2,0,79,5,17468.1,16264.5,16741.3,0.858,7,2,0,5,0
armyCostPerPower:+20,steadfast,greedy,3,won,55,55,,0,0,0,archmage:conquered:30 goblin:conquered:38 orc:conquered:47 dwarf:conquered:55,4,28,26,0,2,0,73,5,20624.1,18732.2,16741.3,0.931,7,1,0,4,0
armyCostPerPower:+20,steadfast,greedy,4,won,64,64,,0,0,0,archmage:conquered:39 orc:conquered:48 goblin:conquered:56 dwarf:conquered:64,5,30,27,0,2,0,78,3,17279.6,16010.6,16741.3,0.844,7,1,0,4,0
armyCostPerPower:+20,steadfast,greedy,5,won,61,61,,0,0,0,archmage:conquered:37 goblin:conquered:45 orc:conquered:53 dwarf:conquered:61,4,28,25,0,2,0,75,2,18435.8,17064.5,16741.3,0.881,7,1,0,5,0
armyCostPerPower:+20,steadfast,greedy,6,won,55,55,,0,0,0,archmage:conquered:31 orc:conquered:39 goblin:conquered:47 dwarf:conquered:55,4,28,26,0,3,1,71,2,19364.9,17621.2,16741.3,0.878,7,2,0,4,0
armyCostPerPower:+20,steadfast,greedy,7,won,46,46,,0,0,0,goblin:conquered:21 archmage:conquered:30 orc:conquered:38 dwarf:conquered:46,2,23,22,0,2,0,73,5,19172,17479.3,15969.3,0.913,5,2,0,5,0
armyCostPerPower:+20,steadfast,greedy,8,won,55,55,,0,0,0,archmage:conquered:31 orc:conquered:39 goblin:conquered:47 dwarf:conquered:55,4,23,21,0,2,0,68,0,19775.8,18093.6,16741.3,0.901,6,1,0,3,0
armyCostPerPower:+20,steadfast,greedy,9,won,48,48,,0,0,0,goblin:conquered:23 archmage:conquered:32 orc:conquered:40 dwarf:conquered:48,2,25,22,0,3,1,83,8,17799.3,16358.1,16741.3,0.857,5,2,0,5,0
armyCostPerPower:+20,steadfast,greedy,10,won,48,48,,0,0,0,archmage:conquered:24 orc:conquered:32 goblin:conquered:40 dwarf:conquered:48,2,23,22,0,2,0,73,5,19836.3,18055.5,16741.3,0.897,6,2,0,4,0
armyCostPerPower:+20,steadfast,greedy,11,won,61,61,,0,0,0,archmage:conquered:37 goblin:conquered:45 orc:conquered:53 dwarf:conquered:61,4,27,24,0,2,0,77,3,18906.3,17455.1,16741.3,0.875,7,1,0,4,0
armyCostPerPower:+20,steadfast,greedy,12,won,54,54,,0,0,0,archmage:conquered:30 orc:conquered:38 goblin:conquered:46 dwarf:conquered:54,4,27,26,0,2,0,73,5,20393.7,18539,16741.3,0.916,7,2,0,4,0
armyCostPerPower:+20,steadfast,greedy,13,won,60,60,,0,0,0,archmage:conquered:36 orc:conquered:44 goblin:conquered:52 dwarf:conquered:60,5,31,28,0,2,0,77,5,19462.8,17915.6,16741.3,0.909,7,11,0,4,0
armyCostPerPower:+20,steadfast,greedy,14,won,50,50,,0,0,0,goblin:conquered:26 archmage:conquered:34 orc:conquered:42 dwarf:conquered:50,2,20,19,0,2,0,72,4,18721.2,17064.5,16741.3,0.869,6,1,0,4,0
armyCostPerPower:+20,steadfast,greedy,15,won,48,48,,0,0,0,archmage:conquered:23 goblin:conquered:32 orc:conquered:40 dwarf:conquered:48,2,22,20,0,3,1,73,5,18945.1,17316.4,16741.3,0.889,6,2,0,5,0
armyCostPerPower:+20,steadfast,greedy,16,won,51,51,,0,0,0,orc:conquered:24 archmage:conquered:35 goblin:conquered:43 dwarf:conquered:51,3,25,21,0,2,0,77,4,18646.7,17168.1,16741.3,0.889,6,2,0,4,0
armyCostPerPower:+20,steadfast,greedy,17,won,46,46,,0,0,0,goblin:conquered:21 archmage:conquered:30 orc:conquered:38 dwarf:conquered:46,2,21,20,0,2,0,71,3,17670.2,16149.2,15969.3,0.88,5,1,0,3,0
armyCostPerPower:+20,steadfast,greedy,18,won,48,48,,0,0,0,archmage:conquered:24 orc:conquered:32 goblin:conquered:40 dwarf:conquered:48,2,22,20,0,2,0,76,6,19682.9,17889.7,16741.3,0.899,6,2,0,4,0
armyCostPerPower:+20,steadfast,greedy,19,won,54,54,,0,0,0,archmage:conquered:30 orc:conquered:38 goblin:conquered:46 dwarf:conquered:54,3,25,23,0,2,0,71,2,20134.5,18346.5,16741.3,0.9,6,3,0,4,0
armyCostPerPower:+20,steadfast,greedy,20,won,48,48,,0,0,0,archmage:conquered:23 orc:conquered:32 goblin:conquered:40 dwarf:conquered:48,4,24,22,0,2,0,71,3,19188.7,17496,16741.3,0.88,5,1,0,3,0
armyCostPerPower:+20,steadfast,greedy,21,won,46,46,,0,0,0,goblin:conquered:21 archmage:conquered:30 orc:conquered:38 dwarf:conquered:46,3,21,19,0,2,0,72,4,19118.5,17393.3,15969.3,0.915,6,1,0,4,0
armyCostPerPower:+20,steadfast,greedy,22,won,48,48,,0,0,0,archmage:conquered:23 orc:conquered:32 goblin:conquered:40 dwarf:conquered:48,3,21,20,0,2,0,73,5,19615.4,17809.1,16741.3,0.903,6,2,0,3,0
armyCostPerPower:+20,steadfast,greedy,23,won,48,48,,0,0,0,goblin:conquered:23 archmage:conquered:32 orc:conquered:40 dwarf:conquered:48,2,20,19,0,2,0,69,0,20228.4,18427.9,16741.3,0.918,6,2,0,5,0
armyCostPerPower:+20,steadfast,greedy,24,won,48,48,,0,0,0,archmage:conquered:24 orc:conquered:32 goblin:conquered:40 dwarf:conquered:48,2,23,22,0,2,0,68,0,19263.8,17552.1,16741.3,0.882,6,2,0,4,0
armyCostPerPower:+20,steadfast,greedy,25,won,52,52,,0,0,0,archmage:conquered:27 orc:conquered:36 goblin:conquered:44 dwarf:conquered:52,3,22,21,0,2,0,70,3,18310.2,16696.9,16741.3,0.861,6,2,0,4,0
armyCostPerPower:+20,steadfast,greedy,26,won,58,58,,0,0,0,archmage:conquered:33 orc:conquered:42 goblin:conquered:50 dwarf:conquered:58,2,24,20,0,2,0,79,0,17401.6,16272.5,16741.3,0.852,7,1,0,5,0
armyCostPerPower:+20,steadfast,greedy,27,won,47,47,,0,0,0,goblin:conquered:22 archmage:conquered:31 orc:conquered:39 dwarf:conquered:47,2,22,21,0,2,0,72,4,18698.2,17054.8,16355.3,0.879,5,1,0,4,0
armyCostPerPower:+20,steadfast,greedy,28,won,59,59,,0,0,0,archmage:conquered:35 orc:conquered:43 goblin:conquered:51 dwarf:conquered:59,3,27,25,0,2,0,73,2,18458.7,16959.5,16741.3,0.882,8,2,0,5,0
armyCostPerPower:+20,steadfast,greedy,29,won,62,62,,0,0,0,archmage:conquered:38 orc:conquered:46 goblin:conquered:54 dwarf:conquered:62,4,29,26,0,2,0,79,4,18352.9,16977,16741.3,0.902,8,1,0,5,0
armyCostPerPower:+20,steadfast,greedy,30,won,46,46,,0,0,0,goblin:conquered:21 archmage:conquered:30 orc:conquered:38 dwarf:conquered:46,3,25,23,0,2,0,75,6,19339.7,17632.1,15969.3,0.928,5,2,0,5,0
armyCostScale:-10,committed,greedy,1,active,71,,,0,0,0,,5,19,11,2,2,0,110,3,13198.3,12697.4,16741.3,0.782,6,10,1,36,0
armyCostScale:-10,committed,greedy,2,won,68,68,,1,1,0,archmage:conquered:43 goblin:conquered:52 orc:conquered:60 dwarf:conquered:68,1,27,22,0,2,0,86,8,13319.8,12750.9,16741.3,0.765,6,3,4,9,0
armyCostScale:-10,committed,greedy,3,active,71,,,0,0,0,goblin:conquered:46 archmage:conquered:57 orc:conquered:65,5,39,32,2,2,0,91,1,15246.8,14611.9,16741.3,0.856,7,1,0,14,0
armyCostScale:-10,committed,greedy,4,won,70,70,,0,0,0,archmage:conquered:42 orc:conquered:54 goblin:conquered:62 dwarf:conquered:70,3,31,24,1,2,0,87,9,13674.2,13098.9,16741.3,0.774,6,1,1,10,0
armyCostScale:-10,committed,greedy,5,won,61,61,,0,0,0,archmage:conquered:35 goblin:conquered:44 orc:conquered:53 dwarf:conquered:61,2,25,21,0,2,0,82,4,15253.4,14332,16741.3,0.814,5,1,0,5,0
armyCostScale:-10,committed,greedy,6,won,69,69,,0,0,0,archmage:conquered:41 dwarf:conquered:53 orc:conquered:61 goblin:conquered:69,2,31,25,0,3,1,94,9,13896.9,13313.9,16741.3,0.802,6,2,0,12,0
armyCostScale:-10,committed,greedy,7,won,59,59,,0,0,0,goblin:conquered:35 archmage:conquered:43 orc:conquered:51 dwarf:conquered:59,4,26,22,0,2,0,88,11,15887.6,14778.1,16741.3,0.826,5,2,0,2,0
armyCostScale:-10,committed,greedy,8,won,60,60,,0,0,0,goblin:conquered:36 orc:conquered:44 archmage:conquered:52 dwarf:conquered:60,2,25,20,0,2,0,86,5,15306.3,14446.5,16741.3,0.818,5,1,0,6,0
armyCostScale:-10,committed,greedy,9,won,65,65,,0,0,0,archmage:conquered:40 goblin:conquered:48 orc:conquered:57 dwarf:conquered:65,2,28,23,0,4,2,89,8,13606,13046.9,16741.3,0.764,5,2,2,15,0
armyCostScale:-10,committed,greedy,10,active,71,,,0,0,0,,7,23,9,0,2,0,74,1,14305.6,13865.8,16741.3,0.824,6,2,0,37,0
armyCostScale:-10,committed,greedy,11,won,63,63,,0,0,0,orc:conquered:39 archmage:conquered:47 dwarf:conquered:55 goblin:conquered:63,2,23,19,0,2,0,86,12,14832.7,13820.1,16741.3,0.791,5,1,0,4,0
armyCostScale:-10,committed,greedy,12,won,57,57,,0,0,0,archmage:conquered:33 goblin:conquered:41 orc:conquered:49 dwarf:conquered:57,3,28,26,0,2,0,78,11,16794.8,15448.9,16741.3,0.845,5,2,0,4,0
armyCostScale:-10,committed,greedy,13,active,71,,,0,0,0,,8,23,11,1,2,0,102,2,14735.9,14150.6,16741.3,0.827,6,11,0,38,0
armyCostScale:-10,committed,greedy,14,won,62,62,,0,0,0,archmage:conquered:38 goblin:conquered:46 orc:conquered:54 dwarf:conquered:62,1,24,20,0,2,0,85,11,14710.8,13706.8,16741.3,0.781,5,1,0,6,0
armyCostScale:-10,committed,greedy,15,active,71,,,0,0,0,,7,20,8,1,3,1,104,10,13372.9,12953.7,16741.3,0.797,6,2,1,37,0
armyCostScale:-10,committed,greedy,16,won,69,69,,0,0,0,goblin:conquered:42 archmage:conquered:52 orc:conquered:61 dwarf:conquered:69,3,30,23,1,2,0,86,9,14249.8,13596.7,16741.3,0.808,6,2,1,10,0
armyCostScale:-10,committed,greedy,17,active,71,,,0,0,0,,7,30,11,1,2,0,132,9,13394.5,13003.6,16741.3,0.805,7,1,0,37,0
armyCostScale:-10,committed,greedy,18,active,71,,,0,0,0,,8,25,12,0,2,0,84,9,14194.6,13769.5,16741.3,0.817,6,2,0,26,0
armyCostScale:-10,committed,greedy,19,won,63,63,,0,0,0,dwarf:conquered:36 archmage:conquered:46 orc:conquered:55 goblin:conquered:63,3,28,24,0,2,0,92,11,14721.3,13899.6,16741.3,0.799,5,3,0,6,0
armyCostScale:-10,committed,greedy,20,active,71,,,0,0,0,,6,24,9,0,3,1,102,3,13183.6,12793.6,16741.3,0.789,6,2,0,36,0
armyCostScale:-10,committed,greedy,21,active,71,,,0,0,0,,7,23,8,1,2,0,86,9,13687.7,13296.2,16741.3,0.81,6,1,0,33,0
armyCostScale:-10,committed,greedy,22,active,71,,,0,0,0,,7,21,7,1,3,1,112,5,13783,13351.3,16741.3,0.8,6,2,0,34,0
armyCostScale:-10,committed,greedy,23,active,71,,,0,0,0,,7,29,12,0,2,0,102,3,14347.7,13885.2,16741.3,0.819,6,2,0,35,0
armyCostScale:-10,committed,greedy,24,won,62,62,,0,0,0,archmage:conquered:36 orc:conquered:46 goblin:conquered:54 dwarf:conquered:62,3,24,19,0,2,0,87,7,14623.2,13822.9,16741.3,0.804,5,2,0,6,0
armyCostScale:-10,committed,greedy,25,active,71,,,0,0,0,,7,29,15,0,2,0,104,12,13356.9,12964.5,16741.3,0.793,6,3,0,36,0
armyCostScale:-10,committed,greedy,26,active,71,,,0,0,0,,5,24,11,0,2,0,105,1,13879.3,13375,16741.3,0.773,6,1,0,36,0
armyCostScale:-10,committed,greedy,27,won,65,65,,0,0,0,goblin:conquered:36 archmage:conquered:49 orc:conquered:57 dwarf:conquered:65,1,27,22,0,2,0,84,5,14893.8,13986.1,16741.3,0.814,5,1,0,17,0
armyCostScale:-10,committed,greedy,28,active,71,,,0,0,0,archmage:conquered:66,5,40,35,2,2,0,96,9,13504.8,12984.3,16741.3,0.787,6,2,2,20,0
armyCostScale:-10,committed,greedy,29,won,63,63,,0,0,0,goblin:conquered:39 archmage:conquered:47 orc:conquered:55 dwarf:conquered:63,2,30,27,0,2,0,84,6,15374.1,14311.4,16741.3,0.804,5,1,0,4,0
armyCostScale:-10,committed,greedy,30,active,71,,,0,0,0,goblin:conquered:40 archmage:conquered:55 orc:conquered:63,3,32,26,0,2,0,85,4,14557.8,13876.9,16741.3,0.841,7,2,1,14,0
armyCostScale:-10,steadfast,greedy,1,won,66,66,,0,0,0,archmage:conquered:42 orc:conquered:50 goblin:conquered:58 dwarf:conquered:66,3,32,28,0,2,0,87,3,16378.4,15371.2,16741.3,0.877,8,10,0,6,0
armyCostScale:-10,steadfast,greedy,2,won,63,63,,0,0,0,archmage:conquered:39 orc:conquered:47 dwarf:conquered:55 goblin:conquered:63,4,30,24,0,2,0,82,3,17456.7,16264.7,16741.3,0.867,7,2,0,8,0
armyCostScale:-10,steadfast,greedy,3,won,49,49,,0,0,0,archmage:conquered:25 goblin:conquered:33 orc:conquered:41 dwarf:conquered:49,4,26,24,0,2,0,77,6,20644.6,18731.7,16741.3,0.93,6,1,0,5,0
armyCostScale:-10,steadfast,greedy,4,won,63,63,,0,0,0,archmage:conquered:38 orc:conquered:47 goblin:conquered:55 dwarf:conquered:63,5,31,27,0,2,0,78,3,17270.2,16010.8,16741.3,0.843,7,1,0,2,0
armyCostScale:-10,steadfast,greedy,5,won,61,61,,0,0,0,archmage:conquered:37 goblin:conquered:45 orc:conquered:53 dwarf:conquered:61,4,31,27,0,2,0,79,2,18435.8,17064.5,16741.3,0.881,7,1,0,5,0
armyCostScale:-10,steadfast,greedy,6,won,48,48,,0,0,0,goblin:conquered:23 archmage:conquered:32 orc:conquered:40 dwarf:conquered:48,2,21,20,0,3,1,70,2,19122.7,17410.6,16741.3,0.87,7,2,0,4,0
armyCostScale:-10,steadfast,greedy,7,won,46,46,,0,0,0,goblin:conquered:21 archmage:conquered:30 orc:conquered:38 dwarf:conquered:46,2,23,22,0,2,0,72,4,19172,17479.3,15969.3,0.913,5,2,0,5,0
armyCostScale:-10,steadfast,greedy,8,won,59,59,,0,0,0,archmage:conquered:35 goblin:conquered:43 orc:conquered:51 dwarf:conquered:59,5,27,24,0,2,0,70,1,19805,18093.6,16741.3,0.898,7,1,0,3,0
armyCostScale:-10,steadfast,greedy,9,won,48,48,,0,0,0,goblin:conquered:23 archmage:conquered:32 orc:conquered:40 dwarf:conquered:48,2,26,24,0,3,1,85,7,17799.3,16358.1,16741.3,0.857,5,2,0,3,0
armyCostScale:-10,steadfast,greedy,10,won,49,49,,0,0,0,archmage:conquered:25 goblin:conquered:33 orc:conquered:41 dwarf:conquered:49,2,24,23,0,2,0,73,5,20095.6,18281,16741.3,0.899,6,2,0,4,0
armyCostScale:-10,steadfast,greedy,11,won,61,61,,0,0,0,archmage:conquered:37 orc:conquered:45 goblin:conquered:53 dwarf:conquered:61,4,29,27,0,2,0,81,5,18899.8,17454.3,16741.3,0.875,7,1,0,4,0
armyCostScale:-10,steadfast,greedy,12,won,46,46,,0,0,0,archmage:conquered:21 orc:conquered:30 goblin:conquered:38 dwarf:conquered:46,2,23,21,0,2,0,78,5,18855.5,17195.4,15969.3,0.914,5,2,0,4,0
armyCostScale:-10,steadfast,greedy,13,won,59,59,,0,0,0,archmage:conquered:35 goblin:conquered:43 orc:conquered:51 dwarf:conquered:59,5,31,27,0,2,0,78,5,19504.9,17916.7,16741.3,0.911,7,11,0,4,0
armyCostScale:-10,steadfast,greedy,14,won,48,48,,0,0,0,orc:conquered:24 goblin:conquered:32 archmage:conquered:40 dwarf:conquered:48,2,18,16,0,2,0,74,5,18594.3,16954.2,16741.3,0.872,6,1,0,3,0
armyCostScale:-10,steadfast,greedy,15,won,48,48,,0,0,0,archmage:conquered:23 orc:conquered:32 goblin:conquered:40 dwarf:conquered:48,2,21,19,0,3,1,73,5,18945.1,17316.4,16741.3,0.889,6,2,0,5,0
armyCostScale:-10,steadfast,greedy,16,won,56,56,,0,0,0,archmage:conquered:31 orc:conquered:40 goblin:conquered:48 dwarf:conquered:56,5,28,24,0,2,0,83,6,18920.9,17413.1,16741.3,0.892,7,2,0,5,0
armyCostScale:-10,steadfast,greedy,17,won,46,46,,0,0,0,goblin:conquered:22 archmage:conquered:30 orc:conquered:38 dwarf:conquered:46,1,19,17,0,2,0,72,3,17897.5,16362.2,15969.3,0.88,5,1,0,5,0
armyCostScale:-10,steadfast,greedy,18,won,49,49,,0,0,0,archmage:conquered:25 goblin:conquered:33 orc:conquered:41 dwarf:conquered:49,2,25,22,0,2,0,78,7,19899.9,18078.4,16741.3,0.899,6,2,0,3,0
armyCostScale:-10,steadfast,greedy,19,won,54,54,,0,0,0,archmage:conquered:30 orc:conquered:38 goblin:conquered:46 dwarf:conquered:54,4,25,24,0,2,0,69,1,20146.9,18346.1,16741.3,0.9,6,3,0,5,0
armyCostScale:-10,steadfast,greedy,20,won,48,48,,0,0,0,archmage:conquered:23 goblin:conquered:32 orc:conquered:40 dwarf:conquered:48,3,23,22,0,2,0,71,3,19188.7,17496,16741.3,0.88,5,1,0,3,0
armyCostScale:-10,steadfast,greedy,21,won,48,48,,0,0,0,goblin:conquered:23 archmage:conquered:32 orc:conquered:40 dwarf:conquered:48,3,24,22,0,2,0,71,4,19497.2,17722.6,16741.3,0.906,6,1,0,4,0
armyCostScale:-10,steadfast,greedy,22,won,48,48,,0,0,0,goblin:conquered:23 archmage:conquered:32 orc:conquered:40 dwarf:conquered:48,3,24,23,0,2,0,74,6,19615.4,17809.1,16741.3,0.903,6,2,0,4,0
armyCostScale:-10,steadfast,greedy,23,won,48,48,,0,0,0,archmage:conquered:23 orc:conquered:32 goblin:conquered:40 dwarf:conquered:48,2,18,17,0,2,0,70,1,20228.4,18427.9,16741.3,0.918,6,2,0,4,0
armyCostScale:-10,steadfast,greedy,24,won,54,54,,0,0,0,archmage:conquered:30 goblin:conquered:38 orc:conquered:46 dwarf:conquered:54,3,25,24,0,2,0,68,0,19508.6,17764.9,16741.3,0.883,6,2,0,4,0
armyCostScale:-10,steadfast,greedy,25,won,52,52,,0,0,0,archmage:conquered:27 orc:conquered:36 goblin:conquered:44 dwarf:conquered:52,3,22,21,0,2,0,70,3,18310.2,16696.9,16741.3,0.861,6,2,0,4,0
armyCostScale:-10,steadfast,greedy,26,won,59,59,,0,0,0,archmage:conquered:34 dwarf:conquered:43 goblin:conquered:51 orc:conquered:59,2,29,25,0,2,0,83,3,17378.8,16273.5,16741.3,0.854,7,1,0,7,0
armyCostScale:-10,steadfast,greedy,27,won,49,49,,0,0,0,archmage:conquered:22 orc:conquered:33 goblin:conquered:41 dwarf:conquered:49,2,23,21,0,2,0,76,5,19309.3,17582.1,16741.3,0.883,6,1,0,4,0
armyCostScale:-10,steadfast,greedy,28,won,57,57,,0,0,0,archmage:conquered:33 goblin:conquered:41 orc:conquered:49 dwarf:conquered:57,3,28,25,0,2,0,73,2,18469.8,16959.9,16741.3,0.884,8,2,0,4,0
armyCostScale:-10,steadfast,greedy,29,won,62,62,,0,0,0,archmage:conquered:38 orc:conquered:46 goblin:conquered:54 dwarf:conquered:62,5,31,27,0,2,0,82,4,18352.9,16977,16741.3,0.902,8,1,0,8,0
armyCostScale:-10,steadfast,greedy,30,won,46,46,,0,0,0,archmage:conquered:20 orc:conquered:30 goblin:conquered:38 dwarf:conquered:46,2,21,20,0,2,0,74,3,19358.9,17631.9,15969.3,0.928,5,2,0,5,0
armyCostScale:-20,committed,greedy,1,active,71,,,0,0,0,goblin:conquered:57 archmage:conquered:67,3,35,26,0,2,0,118,4,13206.1,12697.3,16741.3,0.782,6,10,2,28,0
armyCostScale:-20,committed,greedy,2,won,66,66,,0,0,0,archmage:conquered:41 goblin:conquered:50 orc:conquered:58 dwarf:conquered:66,2,27,22,0,2,0,79,5,13401.5,12749.8,16741.3,0.766,6,3,3,7,0
armyCostScale:-20,committed,greedy,3,active,71,,,0,0,0,archmage:conquered:70,8,38,27,1,2,0,116,0,15197.1,14612.5,16741.3,0.856,7,1,0,27,0
armyCostScale:-20,committed,greedy,4,won,66,66,,0,0,0,archmage:conquered:41 goblin:conquered:50 orc:conquered:58 dwarf:conquered:66,2,31,24,1,2,0,85,9,13680.5,13098.7,16741.3,0.768,6,1,1,11,0
armyCostScale:-20,committed,greedy,5,won,60,60,,0,0,0,archmage:conquered:35 orc:conquered:44 dwarf:conquered:52 goblin:conquered:60,3,26,22,0,2,0,83,6,15256.6,14332.1,16741.3,0.814,5,1,0,4,0
armyCostScale:-20,committed,greedy,6,active,71,,,0,0,0,,6,26,13,0,3,1,80,6,13657.5,13129.4,16741.3,0.804,6,2,3,37,0
armyCostScale:-20,committed,greedy,7,won,55,55,,0,0,0,archmage:conquered:31 orc:conquered:39 goblin:conquered:47 dwarf:conquered:55,4,27,23,0,2,0,87,9,15887.6,14778.1,16741.3,0.824,5,2,0,2,0
armyCostScale:-20,committed,greedy,8,won,62,62,,0,0,0,archmage:conquered:37 orc:conquered:46 dwarf:conquered:54 goblin:conquered:62,3,27,22,0,2,0,81,2,15115.6,14249.9,16741.3,0.819,5,1,0,6,0
armyCostScale:-20,committed,greedy,9,won,68,68,,0,0,0,archmage:conquered:41 goblin:conquered:50 orc:conquered:60 dwarf:conquered:68,1,28,23,0,4,2,81,5,13606,13046.9,16741.3,0.76,6,2,2,15,0
armyCostScale:-20,committed,greedy,10,active,71,,,0,0,0,,8,23,10,1,2,0,77,2,14339.7,13865.4,16741.3,0.824,6,2,0,37,0
armyCostScale:-20,committed,greedy,11,won,62,62,,0,0,0,orc:conquered:38 goblin:conquered:46 archmage:conquered:54 dwarf:conquered:62,1,21,18,0,2,0,77,5,15151.2,14095.9,16741.3,0.792,5,1,0,3,0
armyCostScale:-20,committed,greedy,12,won,58,58,,0,0,0,archmage:conquered:34 goblin:conquered:42 orc:conquered:50 dwarf:conquered:58,3,25,23,0,2,0,83,12,16816.7,15470,16741.3,0.846,5,2,0,6,0
armyCostScale:-20,committed,greedy,13,won,66,66,,0,0,0,archmage:conquered:38 orc:conquered:50 goblin:conquered:58 dwarf:conquered:66,3,31,24,0,2,0,87,8,14868.8,14169.2,16741.3,0.829,6,11,0,6,0
armyCostScale:-20,committed,greedy,14,won,58,58,,0,0,0,goblin:conquered:33 archmage:conquered:42 orc:conquered:50 dwarf:conquered:58,1,21,17,0,2,0,79,6,14717.2,13706.4,16741.3,0.783,5,1,0,3,0
armyCostScale:-20,committed,greedy,15,active,71,,,0,0,0,,7,28,10,1,3,1,128,10,13372.9,12953.7,16741.3,0.797,6,2,1,37,0
armyCostScale:-20,committed,greedy,16,won,66,66,,0,0,0,goblin:conquered:40 archmage:conquered:50 orc:conquered:58 dwarf:conquered:66,3,31,23,1,2,0,81,4,14259.3,13596.4,16741.3,0.808,6,2,1,7,0
armyCostScale:-20,committed,greedy,17,active,71,,,0,0,0,,11,33,20,1,2,0,103,4,13509.3,13001.4,16741.3,0.805,7,1,0,34,0
armyCostScale:-20,committed,greedy,18,won,65,65,,0,0,0,archmage:conquered:41 goblin:conquered:49 orc:conquered:57 dwarf:conquered:65,3,30,23,0,2,0,82,5,14332.2,13779.1,16741.3,0.823,5,2,1,13,0
armyCostScale:-20,committed,greedy,19,won,62,62,,0,0,0,dwarf:conquered:37 archmage:conquered:46 orc:conquered:54 goblin:conquered:62,3,31,26,0,2,0,89,9,14761.9,13899.6,16741.3,0.8,5,3,0,7,0
armyCostScale:-20,committed,greedy,20,won,69,69,,0,0,0,archmage:conquered:42 orc:conquered:53 goblin:conquered:61 dwarf:conquered:69,3,31,25,0,3,1,83,7,13531.9,12960.5,16741.3,0.787,6,2,2,8,0
armyCostScale:-20,committed,greedy,21,active,71,,,0,0,0,archmage:conquered:68,8,37,23,1,2,0,123,6,13687.7,13296.2,16741.3,0.81,6,1,1,24,0
armyCostScale:-20,committed,greedy,22,active,71,,,0,0,0,archmage:conquered:56 orc:conquered:65,6,37,30,0,3,1,94,14,14139.6,13542.9,16741.3,0.8,6,2,1,7,0
armyCostScale:-20,committed,greedy,23,active,71,,,0,0,0,,7,27,11,0,2,0,108,1,14347.7,13885.2,16741.3,0.819,6,2,0,35,0
armyCostScale:-20,committed,greedy,24,won,64,64,,0,0,0,archmage:conquered:38 orc:conquered:48 goblin:conquered:56 dwarf:conquered:64,2,26,21,0,2,0,83,4,14643.1,13822.2,16741.3,0.802,5,2,0,6,0
armyCostScale:-20,committed,greedy,25,active,71,,,0,0,0,,7,27,10,0,2,0,107,7,13356.9,12964.5,16741.3,0.793,6,3,0,34,0
armyCostScale:-20,committed,greedy,26,won,66,66,,0,0,0,dwarf:conquered:41 archmage:conquered:50 orc:conquered:58 goblin:conquered:66,1,30,25,0,2,0,86,7,14040.1,13372,16741.3,0.765,5,1,1,7,0
armyCostScale:-20,committed,greedy,27,won,60,60,,0,0,0,goblin:conquered:35 archmage:conquered:44 orc:conquered:52 dwarf:conquered:60,3,26,20,0,2,0,93,9,14814.7,13872.1,16741.3,0.814,5,1,0,8,0
armyCostScale:-20,committed,greedy,28,active,71,,,0,0,0,goblin:conquered:40 archmage:conquered:63,1,33,28,1,2,0,95,9,13889.8,13243.7,16741.3,0.787,6,2,2,19,0
armyCostScale:-20,committed,greedy,29,won,63,63,,0,0,0,archmage:conquered:38 goblin:conquered:46 orc:conquered:55 dwarf:conquered:63,2,26,23,0,2,0,84,5,15374.1,14311.4,16741.3,0.804,5,1,0,5,0
armyCostScale:-20,committed,greedy,30,active,71,,,0,0,0,,7,27,10,0,2,0,114,5,14250.1,13694.4,16741.3,0.841,7,2,0,38,0
armyCostScale:-20,steadfast,greedy,1,won,64,64,,0,0,0,archmage:conquered:40 orc:conquered:48 goblin:conquered:56 dwarf:conquered:64,3,29,25,0,2,0,85,4,16753.2,15695.6,16741.3,0.877,8,10,0,5,0
armyCostScale:-20,steadfast,greedy,2,won,61,61,,0,0,0,archmage:conquered:37 goblin:conquered:45 orc:conquered:53 dwarf:conquered:61,4,27,22,0,2,0,82,4,17505.1,16265.8,16741.3,0.864,7,2,0,3,0
armyCostScale:-20,steadfast,greedy,3,won,55,55,,0,0,0,archmage:conquered:30 goblin:conquered:38 orc:conquered:47 dwarf:conquered:55,4,28,26,0,2,0,73,5,20624.1,18732.2,16741.3,0.931,7,1,0,4,0
armyCostScale:-20,steadfast,greedy,4,won,62,62,,0,0,0,archmage:conquered:38 goblin:conquered:46 orc:conquered:54 dwarf:conquered:62,4,30,27,0,2,0,79,4,17298.4,16011.6,16741.3,0.841,7,1,0,4,0
armyCostScale:-20,steadfast,greedy,5,won,61,61,,0,0,0,archmage:conquered:37 goblin:conquered:45 orc:conquered:53 dwarf:conquered:61,4,29,26,0,2,0,76,2,18435.8,17064.5,16741.3,0.881,7,1,0,5,0
armyCostScale:-20,steadfast,greedy,6,won,57,57,,0,0,0,archmage:conquered:33 orc:conquered:41 goblin:conquered:49 dwarf:conquered:57,5,28,26,0,3,1,71,2,19355.3,17620.6,16741.3,0.88,8,2,0,4,0
armyCostScale:-20,steadfast,greedy,7,won,46,46,,0,0,0,goblin:conquered:21 archmage:conquered:30 orc:conquered:38 dwarf:conquered:46,2,23,22,0,2,0,73,5,19172,17479.3,15969.3,0.913,5,2,0,5,0
armyCostScale:-20,steadfast,greedy,8,won,55,55,,0,0,0,goblin:conquered:30 archmage:conquered:38 orc:conquered:47 dwarf:conquered:55,3,26,24,0,2,0,68,0,19805,18093.6,16741.3,0.901,6,1,0,3,0
armyCostScale:-20,steadfast,greedy,9,won,49,49,,0,0,0,goblin:conquered:23 archmage:conquered:33 orc:conquered:41 dwarf:conquered:49,2,23,20,0,3,1,83,6,18040.1,16584.4,16741.3,0.859,6,2,0,4,0
armyCostScale:-20,steadfast,greedy,10,won,49,49,,0,0,0,archmage:conquered:25 orc:conquered:33 goblin:conquered:41 dwarf:conquered:49,2,23,22,0,2,0,73,5,20095.6,18281,16741.3,0.899,6,2,0,4,0
armyCostScale:-20,steadfast,greedy,11,won,60,60,,0,0,0,archmage:conquered:36 orc:conquered:44 goblin:conquered:52 dwarf:conquered:60,4,27,25,0,2,0,80,5,18899.8,17454.3,16741.3,0.874,7,1,0,5,0
armyCostScale:-20,steadfast,greedy,12,won,54,54,,0,0,0,archmage:conquered:30 goblin:conquered:38 orc:conquered:46 dwarf:conquered:54,4,27,26,0,2,0,73,5,20393.7,18539,16741.3,0.916,7,2,0,4,0
armyCostScale:-20,steadfast,greedy,13,won,55,55,,0,0,0,archmage:conquered:31 orc:conquered:39 goblin:conquered:47 dwarf:conquered:55,4,27,24,0,2,0,79,4,19470.3,17915.7,16741.3,0.919,7,11,0,4,0
armyCostScale:-20,steadfast,greedy,14,won,50,50,,0,0,0,goblin:conquered:26 archmage:conquered:34 orc:conquered:42 dwarf:conquered:50,2,19,17,0,2,0,73,4,18721.2,17064.5,16741.3,0.869,6,1,0,3,0
armyCostScale:-20,steadfast,greedy,15,won,48,48,,0,0,0,archmage:conquered:23 orc:conquered:32 goblin:conquered:40 dwarf:conquered:48,2,21,19,0,3,1,73,5,18945.1,17316.4,16741.3,0.889,6,2,0,5,0
armyCostScale:-20,steadfast,greedy,16,won,50,50,,0,0,0,archmage:conquered:26 orc:conquered:34 goblin:conquered:42 dwarf:conquered:50,3,21,17,0,2,0,84,8,18665.1,17167.6,16741.3,0.889,6,2,0,5,0
armyCostScale:-20,steadfast,greedy,17,won,46,46,,0,0,0,goblin:conquered:21 archmage:conquered:30 orc:conquered:38 dwarf:conquered:46,2,21,20,0,2,0,71,3,17670.2,16149.2,15969.3,0.88,5,1,0,3,0
armyCostScale:-20,steadfast,greedy,18,won,49,49,,0,0,0,archmage:conquered:23 orc:conquered:33 goblin:conquered:41 dwarf:conquered:49,2,25,22,0,2,0,76,5,19899.9,18078.4,16741.3,0.899,6,2,0,5,0
armyCostScale:-20,steadfast,greedy,19,won,48,48,,0,0,0,goblin:conquered:23 archmage:conquered:32 orc:conquered:40 dwarf:conquered:48,2,24,23,0,2,0,69,1,19974,18147.6,16741.3,0.908,6,3,0,5,0
armyCostScale:-20,steadfast,greedy,20,won,48,48,,0,0,0,archmage:conquered:23 goblin:conquered:32 orc:conquered:40 dwarf:conquered:48,3,25,24,0,2,0,71,3,19188.7,17496,16741.3,0.88,5,1,0,4,0
armyCostScale:-20,steadfast,greedy,21,won,48,48,,0,0,0,goblin:conquered:23 archmage:conquered:32 orc:conquered:40 dwarf:conquered:48,3,24,22,0,2,0,71,4,19497.2,17722.6,16741.3,0.906,6,1,0,4,0
armyCostScale:-20,steadfast,greedy,22,won,48,48,,0,0,0,archmage:conquered:23 goblin:conquered:32 orc:conquered:40 dwarf:conquered:48,3,22,21,0,2,0,73,5,19615.4,17809.1,16741.3,0.903,6,2,0,3,0
armyCostScale:-20,steadfast,greedy,23,won,48,48,,0,0,0,goblin:conquered:23 archmage:conquered:32 orc:conquered:40 dwarf:conquered:48,2,20,19,0,2,0,69,0,20228.4,18427.9,16741.3,0.918,6,2,0,5,0
armyCostScale:-20,steadfast,greedy,24,won,54,54,,0,0,0,archmage:conquered:30 goblin:conquered:38 orc:conquered:46 dwarf:conquered:54,3,25,24,0,2,0,68,0,19508.6,17764.9,16741.3,0.883,6,2,0,4,0
armyCostScale:-20,steadfast,greedy,25,won,51,51,,0,0,0,archmage:conquered:27 orc:conquered:35 goblin:conquered:43 dwarf:conquered:51,3,22,21,0,2,0,70,3,18310.2,16696.9,16741.3,0.86,6,2,0,4,0
armyCostScale:-20,steadfast,greedy,26,won,63,63,,0,0,0,dwarf:conquered:39 archmage:conquered:47 orc:conquered:55 goblin:conquered:63,3,28,24,0,2,0,80,1,17400.8,16272.9,16741.3,0.86,7,1,0,6,0
armyCostScale:-20,steadfast,greedy,27,won,46,46,,0,0,0,archmage:conquered:22 orc:conquered:30 goblin:conquered:38 dwarf:conquered:46,2,20,19,0,2,0,70,2,17705.7,16168.7,15969.3,0.877,5,1,0,4,0
armyCostScale:-20,steadfast,greedy,28,won,59,59,,0,0,0,archmage:conquered:35 orc:conquered:43 goblin:conquered:51 dwarf:conquered:59,3,27,25,0,2,0,73,2,18458.7,16959.5,16741.3,0.882,8,2,0,4,0
armyCostScale:-20,steadfast,greedy,29,won,62,62,,0,0,0,archmage:conquered:37 orc:conquered:46 goblin:conquered:54 dwarf:conquered:62,5,30,26,0,2,0,84,5,18341.3,16977.5,16741.3,0.902,8,1,0,6,0
armyCostScale:-20,steadfast,greedy,30,won,51,51,,0,0,0,archmage:conquered:26 orc:conquered:35 goblin:conquered:43 dwarf:conquered:51,4,24,23,0,2,0,73,5,20176.8,18372.5,16741.3,0.928,7,2,0,4,0
armyCostScale:+10,committed,greedy,1,active,71,,,2,0,0,,5,27,22,1,2,0,102,7,13098.6,12597.8,16741.3,0.782,6,10,5,19,0
armyCostScale:+10,committed,greedy,2,active,71,,,0,0,0,orc:conquered:67,4,28,14,0,2,0,112,4,13008.4,12567.2,16741.3,0.766,6,3,0,36,0
armyCostScale:+10,committed,greedy,3,won,66,66,,1,1,0,goblin:conquered:38 archmage:conquered:50 orc:conquered:58 dwarf:conquered:66,3,33,26,2,2,0,86,2,15371.6,14617.5,16741.3,0.86,7,1,4,9,0
armyCostScale:+10,committed,greedy,4,active,71,,,0,0,0,goblin:conquered:49 archmage:conquered:62 orc:conquered:70,3,33,28,1,2,0,92,8,13627.4,13099,16741.3,0.776,6,1,2,19,0
armyCostScale:+10,committed,greedy,5,won,62,62,,0,0,0,archmage:conquered:38 goblin:conquered:46 orc:conquered:54 dwarf:conquered:62,3,29,25,0,2,0,89,7,15264.8,14332,16741.3,0.814,5,1,0,6,0
armyCostScale:+10,committed,greedy,6,active,71,,,0,0,0,,7,25,13,1,3,1,75,5,13682.2,13129,16741.3,0.804,6,2,0,37,0
armyCostScale:+10,committed,greedy,7,won,61,61,,0,0,0,orc:conquered:37 archmage:conquered:45 goblin:conquered:53 dwarf:conquered:61,4,26,23,0,2,0,90,12,15893.7,14778.3,16741.3,0.826,5,2,0,3,0
armyCostScale:+10,committed,greedy,8,won,62,62,,0,0,0,goblin:conquered:35 archmage:conquered:46 orc:conquered:54 dwarf:conquered:62,3,31,26,0,2,0,97,10,15306.3,14446.5,16741.3,0.819,5,1,0,10,0
armyCostScale:+10,committed,greedy,9,active,71,,,0,0,0,goblin:conquered:41 archmage:conquered:63,1,28,23,1,4,2,100,10,13613.7,13047.2,16741.3,0.762,6,2,3,18,0
armyCostScale:+10,committed,greedy,10,active,71,,,0,0,0,,7,25,11,0,2,0,98,3,14339.7,13865.4,16741.3,0.824,6,2,0,37,0
armyCostScale:+10,committed,greedy,11,won,61,61,,0,0,0,goblin:conquered:37 archmage:conquered:45 orc:conquered:53 dwarf:conquered:61,1,25,21,0,2,0,91,16,14806,13820.9,16741.3,0.793,5,1,0,4,0
armyCostScale:+10,committed,greedy,12,won,51,51,,0,0,0,archmage:conquered:26 orc:conquered:35 goblin:conquered:43 dwarf:conquered:51,1,22,20,0,2,0,81,14,16794.8,15448.9,16741.3,0.844,4,2,0,4,0
armyCostScale:+10,committed,greedy,13,won,64,64,,0,0,0,archmage:conquered:37 goblin:conquered:48 orc:conquered:56 dwarf:conquered:64,3,29,23,1,2,0,91,6,14838.1,14169.9,16741.3,0.828,5,11,0,8,0
armyCostScale:+10,committed,greedy,14,won,56,56,,0,0,0,goblin:conquered:31 archmage:conquered:40 orc:conquered:48 dwarf:conquered:56,1,23,19,0,2,0,83,7,14687.8,13706.6,16741.3,0.783,5,1,0,7,0
armyCostScale:+10,committed,greedy,15,active,71,,,0,0,0,goblin:conquered:50 archmage:conquered:62 orc:conquered:70,4,35,25,3,3,1,117,12,13293.2,12872,16741.3,0.797,6,2,1,23,0
armyCostScale:+10,committed,greedy,16,won,66,66,,0,0,0,dwarf:conquered:40 goblin:conquered:50 archmage:conquered:58 orc:conquered:66,3,31,24,0,2,0,86,6,14259.3,13596.4,16741.3,0.808,6,2,1,8,0
armyCostScale:+10,committed,greedy,17,active,71,,,0,0,0,,8,23,10,4,2,0,109,9,13509.3,13001.4,16741.3,0.805,7,1,0,35,0
armyCostScale:+10,committed,greedy,18,active,71,,,0,0,0,,7,26,12,0,2,0,76,2,14194.6,13769.5,16741.3,0.817,6,2,1,36,0
armyCostScale:+10,committed,greedy,19,active,71,,,0,0,0,goblin:conquered:35 orc:conquered:62 archmage:conquered:70,4,32,27,0,2,0,112,13,14906.5,14086,16741.3,0.788,6,3,0,27,0
armyCostScale:+10,committed,greedy,20,active,71,,,0,0,0,,6,25,8,0,3,1,134,7,13183.6,12793.6,16741.3,0.789,6,2,0,36,0
armyCostScale:+10,committed,greedy,21,active,71,,,0,0,0,,6,22,1,2,2,0,94,7,13687.7,13296.2,16741.3,0.81,6,1,0,34,0
armyCostScale:+10,committed,greedy,22,active,71,,,0,0,0,,7,26,10,2,3,1,123,11,13769.4,13351.4,16741.3,0.8,6,2,0,25,0
armyCostScale:+10,committed,greedy,23,won,70,70,,0,0,0,archmage:conquered:42 dwarf:conquered:54 goblin:conquered:62 orc:conquered:70,3,34,27,0,2,0,89,9,14632,14084,16741.3,0.82,6,2,0,12,0
armyCostScale:+10,committed,greedy,24,won,69,69,,0,0,0,goblin:conquered:41 archmage:conquered:53 orc:conquered:61 dwarf:conquered:69,2,31,26,0,2,0,87,3,14572.8,13823.4,16741.3,0.808,6,2,1,13,0
armyCostScale:+10,committed,greedy,25,active,71,,,0,0,0,,6,24,3,0,2,0,100,7,13356.9,12964.5,16741.3,0.793,6,3,0,36,0
armyCostScale:+10,committed,greedy,26,active,71,,,0,0,0,,5,28,13,0,2,0,120,3,13801.9,13375.8,16741.3,0.773,6,1,0,35,0
armyCostScale:+10,committed,greedy,27,won,59,59,,0,0,0,orc:conquered:35 archmage:conquered:43 goblin:conquered:51 dwarf:conquered:59,2,22,17,0,2,0,85,5,14772.4,13987.3,16741.3,0.813,5,1,0,17,0
armyCostScale:+10,committed,greedy,28,active,71,,,0,0,0,orc:conquered:63,4,39,33,2,2,0,96,8,13785.5,13244.1,16741.3,0.787,6,2,2,19,0
armyCostScale:+10,committed,greedy,29,won,63,63,,0,0,0,goblin:conquered:39 archmage:conquered:47 orc:conquered:55 dwarf:conquered:63,2,29,26,0,2,0,83,5,15374.1,14311.4,16741.3,0.804,5,1,0,5,0
armyCostScale:+10,committed,greedy,30,active,71,,,0,0,0,,7,28,13,0,2,0,139,4,14268.9,13694.4,16741.3,0.841,7,2,0,38,0
armyCostScale:+10,steadfast,greedy,1,won,68,68,,0,0,0,archmage:conquered:44 goblin:conquered:52 orc:conquered:60 dwarf:conquered:68,4,34,30,0,2,0,89,5,16730.5,15696.3,16741.3,0.874,8,10,0,3,0
armyCostScale:+10,steadfast,greedy,2,won,65,65,,0,0,0,archmage:conquered:41 goblin:conquered:49 orc:conquered:57 dwarf:conquered:65,4,33,28,0,2,0,87,6,17415.4,16266.3,16741.3,0.87,8,2,0,7,0
armyCostScale:+10,steadfast,greedy,3,won,54,54,,0,0,0,archmage:conquered:30 goblin:conquered:38 orc:conquered:46 dwarf:conquered:54,4,27,25,0,2,0,73,5,20624.1,18732.2,16741.3,0.931,7,1,0,4,0
armyCostScale:+10,steadfast,greedy,4,won,61,61,,0,0,0,archmage:conquered:37 orc:conquered:45 goblin:conquered:53 dwarf:conquered:61,4,29,25,0,2,0,78,1,17270.2,16010.8,16741.3,0.84,7,1,0,2,0
armyCostScale:+10,steadfast,greedy,5,won,62,62,,0,0,0,archmage:conquered:38 orc:conquered:46 goblin:conquered:54 dwarf:conquered:62,5,32,29,0,2,0,79,4,18170,16829.3,16741.3,0.882,7,1,0,5,0
armyCostScale:+10,steadfast,greedy,6,won,51,51,,0,0,0,goblin:conquered:27 archmage:conquered:35 orc:conquered:43 dwarf:conquered:51,2,25,24,0,3,1,77,4,19364.9,17621.2,16741.3,0.874,7,2,0,4,0
armyCostScale:+10,steadfast,greedy,7,won,47,47,,0,0,0,goblin:conquered:21 archmage:conquered:30 orc:conquered:39 dwarf:conquered:47,2,23,22,0,2,0,73,5,19547,17814.1,16355.3,0.912,5,2,0,4,0
armyCostScale:+10,steadfast,greedy,8,won,50,50,,0,0,0,archmage:conquered:25 goblin:conquered:34 orc:conquered:42 dwarf:conquered:50,2,26,23,0,2,0,71,1,19805,18093.6,16741.3,0.902,6,1,0,3,0
armyCostScale:+10,steadfast,greedy,9,won,48,48,,0,0,0,goblin:conquered:23 archmage:conquered:32 orc:conquered:40 dwarf:conquered:48,2,25,22,0,3,1,87,6,17799.3,16358.1,16741.3,0.857,5,2,0,5,0
armyCostScale:+10,steadfast,greedy,10,won,51,51,,0,0,0,goblin:conquered:27 archmage:conquered:35 orc:conquered:43 dwarf:conquered:51,3,24,23,0,2,0,75,7,20074.8,18281.5,16741.3,0.9,7,2,0,4,0
armyCostScale:+10,steadfast,greedy,11,won,60,60,,0,0,0,archmage:conquered:36 orc:conquered:44 goblin:conquered:52 dwarf:conquered:60,4,28,26,0,2,0,81,5,18899.8,17454.3,16741.3,0.874,7,1,0,4,0
armyCostScale:+10,steadfast,greedy,12,won,50,50,,0,0,0,archmage:conquered:26 goblin:conquered:34 orc:conquered:42 dwarf:conquered:50,2,26,24,0,2,0,78,4,20393.7,18539,16741.3,0.916,6,2,0,4,0
armyCostScale:+10,steadfast,greedy,13,won,59,59,,0,0,0,archmage:conquered:35 goblin:conquered:43 orc:conquered:51 dwarf:conquered:59,5,31,28,0,2,0,81,5,19504.9,17916.7,16741.3,0.911,7,11,0,4,0
armyCostScale:+10,steadfast,greedy,14,won,49,49,,0,0,0,goblin:conquered:25 archmage:conquered:33 orc:conquered:41 dwarf:conquered:49,2,20,18,0,2,0,73,4,18721.2,17064.5,16741.3,0.87,6,1,0,2,0
armyCostScale:+10,steadfast,greedy,15,won,48,48,,0,0,0,archmage:conquered:23 goblin:conquered:32 orc:conquered:40 dwarf:conquered:48,2,22,20,0,3,1,73,5,18945.1,17316.4,16741.3,0.889,6,2,0,4,0
armyCostScale:+10,steadfast,greedy,16,won,61,61,,0,0,0,archmage:conquered:37 orc:conquered:45 goblin:conquered:53 dwarf:conquered:61,4,30,27,0,2,0,77,3,18891.9,17414.1,16741.3,0.897,7,2,0,6,0
armyCostScale:+10,steadfast,greedy,17,won,46,46,,0,0,0,goblin:conquered:22 orc:conquered:30 archmage:conquered:38 dwarf:conquered:46,1,22,19,0,2,0,73,2,17908.3,16361.8,15969.3,0.88,5,1,0,5,0
armyCostScale:+10,steadfast,greedy,18,won,56,56,,0,0,0,archmage:conquered:31 goblin:conquered:39 orc:conquered:48 dwarf:conquered:56,4,27,25,0,2,0,78,6,19884.7,18078.5,16741.3,0.904,7,2,0,5,0
armyCostScale:+10,steadfast,greedy,19,won,54,54,,0,0,0,archmage:conquered:30 orc:conquered:38 goblin:conquered:46 dwarf:conquered:54,4,24,22,0,2,0,70,1,20146.9,18346.1,16741.3,0.9,6,3,0,4,0
armyCostScale:+10,steadfast,greedy,20,won,48,48,,0,0,0,goblin:conquered:24 archmage:conquered:32 orc:conquered:40 dwarf:conquered:48,4,23,21,0,2,0,70,2,19188.7,17496,16741.3,0.88,5,1,0,3,0
armyCostScale:+10,steadfast,greedy,21,won,48,48,,0,0,0,goblin:conquered:24 archmage:conquered:32 orc:conquered:40 dwarf:conquered:48,3,23,21,0,2,0,70,3,19497.2,17722.6,16741.3,0.906,6,1,0,4,0
armyCostScale:+10,steadfast,greedy,22,won,48,48,,0,0,0,goblin:conquered:23 archmage:conquered:32 orc:conquered:40 dwarf:conquered:48,3,24,23,0,2,0,74,6,19615.4,17809.1,16741.3,0.903,6,2,0,3,0
armyCostScale:+10,steadfast,greedy,23,won,46,46,,0,0,0,archmage:conquered:22 goblin:conquered:30 orc:conquered:38 dwarf:conquered:46,2,20,18,0,2,0,74,2,18859.9,17224.2,15969.3,0.916,6,2,0,2,0
armyCostScale:+10,steadfast,greedy,24,won,48,48,,0,0,0,archmage:conquered:24 goblin:conquered:32 orc:conquered:40 dwarf:conquered:48,2,24,23,0,2,0,68,0,19263.8,17552.1,16741.3,0.882,6,2,0,4,0
armyCostScale:+10,steadfast,greedy,25,won,56,56,,0,0,0,archmage:conquered:31 goblin:conquered:39 orc:conquered:48 dwarf:conquered:56,4,27,25,0,2,0,74,5,18310.2,16696.9,16741.3,0.86,6,2,0,4,0
armyCostScale:+10,steadfast,greedy,26,won,67,67,,0,0,0,archmage:conquered:43 goblin:conquered:51 orc:conquered:59 dwarf:conquered:67,4,33,29,0,2,0,86,1,17384.2,16272.7,16741.3,0.865,8,1,0,6,0
armyCostScale:+10,steadfast,greedy,27,won,46,46,,0,0,0,archmage:conquered:21 orc:conquered:30 goblin:conquered:38 dwarf:conquered:46,2,20,18,0,2,0,78,5,17716.9,16168.5,15969.3,0.877,5,1,0,4,0
armyCostScale:+10,steadfast,greedy,28,won,55,55,,0,0,0,goblin:conquered:31 archmage:conquered:39 orc:conquered:47 dwarf:conquered:55,3,28,26,0,2,0,76,4,18469.8,16959.9,16741.3,0.881,6,2,0,5,0
armyCostScale:+10,steadfast,greedy,29,won,62,62,,0,0,0,archmage:conquered:38 goblin:conquered:46 orc:conquered:54 dwarf:conquered:62,5,28,25,0,2,0,84,4,18372,16978,16741.3,0.902,8,1,0,5,0
armyCostScale:+10,steadfast,greedy,30,won,48,48,,0,0,0,goblin:conquered:24 archmage:conquered:32 orc:conquered:40 dwarf:conquered:48,3,25,23,0,2,0,73,1,19972.4,18177.9,16741.3,0.928,7,2,0,4,0
armyCostScale:+20,committed,greedy,1,active,71,,,0,0,0,,5,23,11,2,2,0,122,3,13206.1,12697.3,16741.3,0.782,6,10,0,36,0
armyCostScale:+20,committed,greedy,2,active,71,,,0,0,0,goblin:conquered:40 archmage:conquered:62 orc:conquered:70,1,33,28,0,2,0,84,1,13403.9,12749.4,16741.3,0.766,6,3,2,18,0
armyCostScale:+20,committed,greedy,3,won,67,67,,0,0,0,goblin:conquered:38 archmage:conquered:51 orc:conquered:59 dwarf:conquered:67,3,36,29,2,2,0,88,3,15371.6,14617.5,16741.3,0.858,7,1,2,10,0
armyCostScale:+20,committed,greedy,4,active,71,,,0,0,0,goblin:conquered:47 archmage:conquered:62 orc:conquered:70,3,33,28,1,2,0,96,8,13643.9,13099.2,16741.3,0.776,6,1,2,20,0
armyCostScale:+20,committed,greedy,5,won,60,60,,0,0,0,archmage:conquered:36 orc:conquered:44 goblin:conquered:52 dwarf:conquered:60,2,28,24,0,2,0,85,4,15253.4,14332,16741.3,0.814,5,1,0,5,0
armyCostScale:+20,committed,greedy,6,active,71,,,0,0,0,,6,24,13,1,3,1,88,6,13682.2,13129,16741.3,0.804,6,2,0,37,0
armyCostScale:+20,committed,greedy,7,won,64,64,,0,0,0,orc:conquered:40 goblin:conquered:48 archmage:conquered:56 dwarf:conquered:64,4,29,25,0,2,0,91,12,15893.7,14778.3,16741.3,0.827,5,2,0,3,0
armyCostScale:+20,committed,greedy,8,won,64,64,,0,0,0,goblin:conquered:36 archmage:conquered:48 orc:conquered:56 dwarf:conquered:64,2,33,28,1,2,0,93,11,15302.5,14446.3,16741.3,0.816,5,1,0,10,0
armyCostScale:+20,committed,greedy,9,won,65,65,,0,0,0,orc:conquered:41 archmage:conquered:49 dwarf:conquered:57 goblin:conquered:65,2,28,23,1,4,2,104,15,13275.9,12772.7,16741.3,0.764,5,2,1,17,0
armyCostScale:+20,committed,greedy,10,active,71,,,0,0,0,,7,26,5,1,2,0,115,4,14305.6,13865.8,16741.3,0.824,6,2,0,37,0
armyCostScale:+20,committed,greedy,11,won,58,58,,0,0,0,archmage:conquered:34 goblin:conquered:42 orc:conquered:50 dwarf:conquered:58,1,25,20,0,2,0,88,14,15186,14211.6,16741.3,0.788,5,1,0,8,0
armyCostScale:+20,committed,greedy,12,active,71,,,0,0,0,archmage:conquered:35 orc:conquered:43 goblin:conquered:51,3,27,25,0,2,0,81,13,16794.8,15448.9,16741.3,0.836,6,2,0,4,0
armyCostScale:+20,committed,greedy,13,won,65,65,,0,0,0,goblin:conquered:38 archmage:conquered:48 orc:conquered:57 dwarf:conquered:65,3,29,22,2,2,0,95,4,14798.7,14170,16741.3,0.828,5,11,0,18,0
armyCostScale:+20,committed,greedy,14,won,56,56,,0,0,0,goblin:conquered:31 archmage:conquered:40 orc:conquered:48 dwarf:conquered:56,1,22,18,0,2,0,80,6,14694.9,13706.8,16741.3,0.783,5,1,0,8,0
armyCostScale:+20,committed,greedy,15,active,71,,,0,0,0,archmage:conquered:66,6,40,31,3,3,1,116,10,13308.2,12871.7,16741.3,0.797,6,2,1,22,0
armyCostScale:+20,committed,greedy,16,active,71,,,0,0,0,goblin:conquered:42 archmage:conquered:63,3,34,28,1,2,0,94,5,14203.1,13597.1,16741.3,0.81,6,2,1,21,0
armyCostScale:+20,committed,greedy,17,won,68,68,,0,0,0,goblin:conquered:43 archmage:conquered:52 orc:conquered:60 dwarf:conquered:68,4,36,30,0,2,0,93,7,13509.6,12941.8,16741.3,0.807,7,1,3,15,0
armyCostScale:+20,committed,greedy,18,active,71,,,0,0,0,,7,25,11,0,2,0,90,4,14194.6,13769.5,16741.3,0.817,6,2,0,36,0
armyCostScale:+20,committed,greedy,19,active,71,,,0,0,0,goblin:conquered:35 archmage:conquered:62 orc:conquered:70,3,33,28,0,2,0,111,13,14906.5,14086,16741.3,0.788,6,3,0,27,0
armyCostScale:+20,committed,greedy,20,active,71,,,0,0,0,,6,27,11,0,3,1,144,4,13183.6,12793.6,16741.3,0.789,6,2,0,36,0
armyCostScale:+20,committed,greedy,21,active,71,,,0,0,0,,7,22,7,2,2,0,106,6,13721.1,13295.8,16741.3,0.81,6,1,1,35,0
armyCostScale:+20,committed,greedy,22,active,71,,,0,0,0,goblin:conquered:53 archmage:conquered:67,5,40,32,2,3,1,117,16,13659.8,13164.2,16741.3,0.8,6,2,1,22,0
armyCostScale:+20,committed,greedy,23,won,63,63,,0,0,0,archmage:conquered:39 orc:conquered:47 goblin:conquered:55 dwarf:conquered:63,4,27,20,1,2,0,88,9,14651.1,14083.8,16741.3,0.817,5,2,0,19,0
armyCostScale:+20,committed,greedy,24,won,62,62,,0,0,0,goblin:conquered:37 archmage:conquered:45 orc:conquered:54 dwarf:conquered:62,2,28,23,0,2,0,93,7,14633.1,13822.6,16741.3,0.804,5,2,3,9,0
armyCostScale:+20,committed,greedy,25,active,71,,,0,0,0,,7,27,14,0,2,0,89,5,13356.9,12964.5,16741.3,0.793,6,3,0,34,0
armyCostScale:+20,committed,greedy,26,active,71,,,0,0,0,,4,28,15,0,2,0,107,3,13930.3,13374.1,16741.3,0.773,6,1,0,34,0
armyCostScale:+20,committed,greedy,27,won,60,60,,0,0,0,goblin:conquered:34 archmage:conquered:43 orc:conquered:52 dwarf:conquered:60,1,27,22,0,2,0,88,5,14915.1,13985.6,16741.3,0.814,5,1,0,8,0
armyCostScale:+20,committed,greedy,28,active,71,,,0,0,0,orc:conquered:65,4,41,35,2,2,0,109,10,13504.8,12984.3,16741.3,0.787,6,2,2,21,0
armyCostScale:+20,committed,greedy,29,won,60,60,,0,0,0,goblin:conquered:36 orc:conquered:44 archmage:conquered:52 dwarf:conquered:60,1,27,24,0,2,0,88,6,14966.8,13965.9,16741.3,0.803,5,1,0,8,0
armyCostScale:+20,committed,greedy,30,active,71,,,0,0,0,,7,24,11,0,2,0,132,4,14155.1,13696,16741.3,0.841,7,2,0,38,0
armyCostScale:+20,steadfast,greedy,1,won,68,68,,0,0,0,archmage:conquered:44 goblin:conquered:52 orc:conquered:60 dwarf:conquered:68,4,31,28,0,2,0,88,2,16730.5,15696.3,16741.3,0.874,8,10,0,4,0
armyCostScale:+20,steadfast,greedy,2,won,58,58,,0,0,0,archmage:conquered:31 goblin:conquered:42 orc:conquered:50 dwarf:conquered:58,2,25,21,1,2,0,84,6,17394.1,16269.6,16741.3,0.859,7,2,0,9,0
armyCostScale:+20,steadfast,greedy,3,won,54,54,,0,0,0,archmage:conquered:30 goblin:conquered:38 orc:conquered:46 dwarf:conquered:54,4,27,25,0,2,0,73,5,20624.1,18732.2,16741.3,0.931,7,1,0,4,0
armyCostScale:+20,steadfast,greedy,4,won,61,61,,0,0,0,archmage:conquered:37 orc:conquered:45 goblin:conquered:53 dwarf:conquered:61,4,30,27,0,2,0,76,0,17270.2,16010.8,16741.3,0.84,7,1,0,2,0
armyCostScale:+20,steadfast,greedy,5,won,56,56,,0,0,0,goblin:conquered:32 archmage:conquered:40 orc:conquered:48 dwarf:conquered:56,3,27,24,0,2,0,79,4,18444.7,17064.4,16741.3,0.886,7,1,0,7,0
armyCostScale:+20,steadfast,greedy,6,won,48,48,,0,0,0,goblin:conquered:24 archmage:conquered:32 orc:conquered:40 dwarf:conquered:48,2,21,20,0,3,1,70,2,19122.7,17410.6,16741.3,0.87,7,2,0,4,0
armyCostScale:+20,steadfast,greedy,7,won,46,46,,0,0,0,goblin:conquered:21 archmage:conquered:30 orc:conquered:38 dwarf:conquered:46,2,23,22,0,2,0,73,5,19172,17479.3,15969.3,0.913,5,2,0,4,0
armyCostScale:+20,steadfast,greedy,8,won,59,59,,0,0,0,archmage:conquered:35 goblin:conquered:43 orc:conquered:51 dwarf:conquered:59,4,29,27,0,2,0,69,0,19391.6,17758.1,16741.3,0.898,7,1,0,4,0
armyCostScale:+20,steadfast,greedy,9,won,51,51,,0,0,0,goblin:conquered:23 archmage:conquered:35 orc:conquered:43 dwarf:conquered:51,2,28,25,0,3,1,88,7,18052.8,16584.5,16741.3,0.859,6,2,0,5,0
armyCostScale:+20,steadfast,greedy,10,won,49,49,,0,0,0,goblin:conquered:25 archmage:conquered:33 orc:conquered:41 dwarf:conquered:49,2,24,22,0,2,0,76,7,20074.8,18281.5,16741.3,0.899,6,2,0,3,0
armyCostScale:+20,steadfast,greedy,11,won,62,62,,0,0,0,archmage:conquered:38 orc:conquered:46 goblin:conquered:54 dwarf:conquered:62,3,28,26,0,2,0,82,4,18899.8,17454.3,16741.3,0.876,7,1,0,5,0
armyCostScale:+20,steadfast,greedy,12,won,46,46,,0,0,0,archmage:conquered:21 goblin:conquered:30 orc:conquered:38 dwarf:conquered:46,2,22,21,0,2,0,73,5,18855.5,17195.4,15969.3,0.914,5,2,0,4,0
armyCostScale:+20,steadfast,greedy,13,won,50,50,,0,0,0,archmage:conquered:26 goblin:conquered:34 orc:conquered:42 dwarf:conquered:50,3,22,19,0,2,0,79,4,19504.9,17916.7,16741.3,0.919,6,11,0,4,0
armyCostScale:+20,steadfast,greedy,14,won,48,48,,0,0,0,goblin:conquered:23 archmage:conquered:32 orc:conquered:40 dwarf:conquered:48,2,25,23,0,2,0,77,5,18594.3,16954.2,16741.3,0.872,6,1,0,2,0
armyCostScale:+20,steadfast,greedy,15,won,59,59,,0,0,0,archmage:conquered:35 goblin:conquered:43 orc:conquered:51 dwarf:conquered:59,4,29,27,0,3,1,75,8,19201.9,17522.8,16741.3,0.872,7,2,0,4,0
armyCostScale:+20,steadfast,greedy,16,won,51,51,,0,0,0,archmage:conquered:26 orc:conquered:35 goblin:conquered:43 dwarf:conquered:51,3,22,19,0,2,0,86,7,18665.1,17167.6,16741.3,0.889,6,2,0,4,0
armyCostScale:+20,steadfast,greedy,17,won,49,49,,0,0,0,goblin:conquered:22 archmage:conquered:33 orc:conquered:41 dwarf:conquered:49,1,25,22,0,2,0,73,2,18788.8,17133.2,16741.3,0.884,6,1,0,4,0
armyCostScale:+20,steadfast,greedy,18,won,51,51,,0,0,0,archmage:conquered:27 orc:conquered:35 goblin:conquered:43 dwarf:conquered:51,3,24,22,0,2,0,82,8,19884.7,18078.5,16741.3,0.901,6,2,0,4,0
armyCostScale:+20,steadfast,greedy,19,active,71,,,0,0,0,archmage:conquered:31,4,24,22,0,2,0,70,1,20127.5,18345,16741.3,0.895,9,3,0,4,0
armyCostScale:+20,steadfast,greedy,20,won,48,48,,0,0,0,archmage:conquered:24 goblin:conquered:32 orc:conquered:40 dwarf:conquered:48,3,23,22,0,2,0,70,2,19188.7,17496,16741.3,0.88,5,1,0,3,0
armyCostScale:+20,steadfast,greedy,21,won,48,48,,0,0,0,goblin:conquered:24 archmage:conquered:32 orc:conquered:40 dwarf:conquered:48,3,23,21,0,2,0,70,3,19497.2,17722.6,16741.3,0.906,6,1,0,4,0
armyCostScale:+20,steadfast,greedy,22,won,48,48,,0,0,0,goblin:conquered:23 archmage:conquered:32 orc:conquered:40 dwarf:conquered:48,3,24,23,0,2,0,74,6,19615.4,17809.1,16741.3,0.903,6,2,0,3,0
armyCostScale:+20,steadfast,greedy,23,won,46,46,,0,0,0,archmage:conquered:22 goblin:conquered:30 orc:conquered:38 dwarf:conquered:46,2,20,18,0,2,0,74,2,18859.9,17224.2,15969.3,0.916,6,2,0,2,0
armyCostScale:+20,steadfast,greedy,24,won,54,54,,0,0,0,archmage:conquered:30 goblin:conquered:38 orc:conquered:46 dwarf:conquered:54,3,26,25,0,2,0,68,0,19508.6,17764.9,16741.3,0.883,6,2,0,4,0
armyCostScale:+20,steadfast,greedy,25,won,55,55,,0,0,0,archmage:conquered:31 goblin:conquered:39 orc:conquered:47 dwarf:conquered:55,3,28,25,0,2,0,77,7,18304.5,16696.6,16741.3,0.861,6,2,0,4,0
armyCostScale:+20,steadfast,greedy,26,won,60,60,,0,0,0,dwarf:conquered:34 archmage:conquered:44 orc:conquered:52 goblin:conquered:60,3,26,22,0,2,0,84,1,17362.4,16273.5,16741.3,0.855,7,1,0,8,0
armyCostScale:+20,steadfast,greedy,27,won,46,46,,0,0,0,archmage:conquered:21 orc:conquered:30 goblin:conquered:38 dwarf:conquered:46,2,21,19,0,2,0,79,6,17716.9,16168.5,15969.3,0.877,5,1,0,4,0
armyCostScale:+20,steadfast,greedy,28,won,55,55,,0,0,0,goblin:conquered:31 archmage:conquered:39 orc:conquered:47 dwarf:conquered:55,3,28,26,0,2,0,76,4,18469.8,16959.9,16741.3,0.881,6,2,0,5,0
armyCostScale:+20,steadfast,greedy,29,won,62,62,,0,0,0,archmage:conquered:38 orc:conquered:46 goblin:conquered:54 dwarf:conquered:62,4,30,24,0,2,0,88,4,18352.9,16977,16741.3,0.902,8,1,0,6,0
armyCostScale:+20,steadfast,greedy,30,won,48,48,,0,0,0,goblin:conquered:24 archmage:conquered:32 orc:conquered:40 dwarf:conquered:48,3,25,23,0,2,0,73,1,19972.4,18177.9,16741.3,0.928,7,2,0,4,0
ascendancyRatio:-10,committed,greedy,1,active,71,,,1,0,0,goblin:conquered:43 archmage:conquered:66,1,31,26,1,2,0,92,7,13423.4,12887,16741.3,0.782,6,10,5,19,0
ascendancyRatio:-10,committed,greedy,2,won,67,67,,1,1,0,archmage:conquered:43 goblin:conquered:51 orc:conquered:59 dwarf:conquered:67,2,30,25,0,2,0,86,6,13319.8,12750.9,16741.3,0.766,6,3,4,9,0
ascendancyRatio:-10,committed,greedy,3,active,71,,,1,0,0,,8,33,21,2,2,0,141,1,15190,14612.7,16741.3,0.856,7,1,4,27,0
ascendancyRatio:-10,committed,greedy,4,won,69,69,,0,0,0,archmage:conquered:40 goblin:conquered:51 orc:conquered:61 dwarf:conquered:69,2,29,23,1,2,0,89,7,13640.4,13099,16741.3,0.773,6,1,2,15,0
ascendancyRatio:-10,committed,greedy,5,won,63,63,,0,0,0,archmage:conquered:37 orc:conquered:47 goblin:conquered:55 dwarf:conquered:63,2,30,25,0,2,0,91,9,15205.7,14332.6,16741.3,0.814,5,1,0,6,0
ascendancyRatio:-10,committed,greedy,6,won,67,67,,0,0,0,archmage:conquered:40 orc:conquered:51 goblin:conquered:59 dwarf:conquered:67,3,28,21,0,3,1,94,8,13906.7,13313.9,16741.3,0.8,6,2,1,11,0
ascendancyRatio:-10,committed,greedy,7,won,60,60,,0,0,0,goblin:conquered:35 archmage:conquered:44 orc:conquered:52 dwarf:conquered:60,3,28,24,0,2,0,89,12,15893.7,14778.3,16741.3,0.826,5,2,0,3,0
ascendancyRatio:-10,committed,greedy,8,won,60,60,,0,0,0,archmage:conquered:34 goblin:conquered:44 orc:conquered:52 dwarf:conquered:60,2,31,26,0,2,0,88,9,15292.6,14446.7,16741.3,0.818,5,1,0,8,0
ascendancyRatio:-10,committed,greedy,9,active,71,,,0,0,0,goblin:conquered:42 archmage:conquered:63,2,33,28,0,4,2,96,9,13615.5,13047.1,16741.3,0.762,6,2,2,18,0
ascendancyRatio:-10,committed,greedy,10,active,71,,,0,0,0,,8,18,10,1,2,0,99,0,14305.6,13865.8,16741.3,0.824,6,2,0,37,0
ascendancyRatio:-10,committed,greedy,11,won,63,63,,0,0,0,goblin:conquered:39 archmage:conquered:47 orc:conquered:55 dwarf:conquered:63,2,28,24,0,2,0,83,8,14799.2,13820.7,16741.3,0.791,5,1,0,4,0
ascendancyRatio:-10,committed,greedy,12,won,51,51,,0,0,0,archmage:conquered:26 orc:conquered:35 goblin:conquered:43 dwarf:conquered:51,2,23,21,0,2,0,81,14,16794.8,15448.9,16741.3,0.844,4,2,0,4,0
ascendancyRatio:-10,committed,greedy,13,active,71,,,0,0,0,,7,26,12,1,2,0,99,1,14748.5,14150.4,16741.3,0.827,6,11,1,38,0
ascendancyRatio:-10,committed,greedy,14,won,58,58,,0,0,0,goblin:conquered:33 orc:conquered:42 archmage:conquered:50 dwarf:conquered:58,1,21,17,0,2,0,82,7,14678.8,13706.8,16741.3,0.783,5,1,0,6,0
ascendancyRatio:-10,committed,greedy,15,active,71,,,2,0,0,,8,32,23,1,3,1,116,12,13293.2,12872,16741.3,0.797,6,2,4,23,0
ascendancyRatio:-10,committed,greedy,16,won,67,67,,0,0,0,dwarf:conquered:40 archmage:conquered:51 orc:conquered:59 goblin:conquered:67,3,29,22,0,2,0,82,5,14249.8,13596.7,16741.3,0.806,6,2,2,8,0
ascendancyRatio:-10,committed,greedy,17,active,71,,,0,0,0,,8,28,13,2,2,0,134,8,13509.3,13001.4,16741.3,0.805,7,1,2,35,0
ascendancyRatio:-10,committed,greedy,18,active,71,,,0,0,0,,8,26,13,0,2,0,78,3,14194.6,13769.5,16741.3,0.817,6,2,2,36,0
ascendancyRatio:-10,committed,greedy,19,active,71,,,0,0,0,,7,26,13,0,2,0,89,1,14326.5,13812.9,16741.3,0.788,6,3,1,43,0
ascendancyRatio:-10,committed,greedy,20,active,71,,,0,0,0,,6,24,7,0,3,1,119,4,13183.6,12793.6,16741.3,0.789,6,2,0,36,0
ascendancyRatio:-10,committed,greedy,21,active,71,,,0,0,0,,7,24,9,2,2,0,83,6,13700.2,13296,16741.3,0.81,6,1,0,33,0
ascendancyRatio:-10,committed,greedy,22,active,71,,,0,0,0,,7,29,9,2,3,1,143,8,13748.3,13351.7,16741.3,0.8,6,2,2,34,0
ascendancyRatio:-10,committed,greedy,23,active,71,,,0,0,0,,7,25,11,0,2,0,116,1,14428.9,13884.1,16741.3,0.819,6,2,0,35,0
ascendancyRatio:-10,committed,greedy,24,won,61,61,,0,0,0,dwarf:conquered:35 orc:conquered:45 archmage:conquered:53 goblin:conquered:61,3,24,19,0,2,0,86,8,14643.1,13822.2,16741.3,0.805,5,2,3,5,0
ascendancyRatio:-10,committed,greedy,25,active,71,,,0,0,0,,7,29,7,0,2,0,108,5,13356.9,12964.5,16741.3,0.793,6,3,0,23,0
ascendancyRatio:-10,committed,greedy,26,active,71,,,0,0,0,,4,24,11,0,2,0,100,2,13930.3,13374.1,16741.3,0.773,6,1,2,35,0
ascendancyRatio:-10,committed,greedy,27,won,66,66,,0,0,0,goblin:conquered:36 archmage:conquered:50 orc:conquered:58 dwarf:conquered:66,2,31,27,0,2,0,88,6,14893.8,13986.1,16741.3,0.813,6,1,0,15,0
ascendancyRatio:-10,committed,greedy,28,active,71,,,0,0,0,archmage:conquered:66,5,43,38,2,2,0,99,10,13504.8,12984.3,16741.3,0.787,6,2,3,20,0
ascendancyRatio:-10,committed,greedy,29,won,63,63,,0,0,0,goblin:conquered:39 archmage:conquered:47 orc:conquered:55 dwarf:conquered:63,2,29,26,0,2,0,83,5,15374.1,14311.4,16741.3,0.804,5,1,0,5,0
ascendancyRatio:-10,committed,greedy,30,active,71,,,0,0,0,goblin:conquered:39 archmage:conquered:58 orc:conquered:66,3,33,27,0,2,0,94,6,14575.5,13876.6,16741.3,0.841,7,2,2,16,0
ascendancyRatio:-10,steadfast,greedy,1,won,66,66,,0,0,0,archmage:conquered:42 orc:conquered:50 goblin:conquered:58 dwarf:conquered:66,3,31,27,0,2,0,88,4,16730.5,15696.3,16741.3,0.877,8,10,0,3,0
ascendancyRatio:-10,steadfast,greedy,2,won,63,63,,0,0,0,archmage:conquered:39 orc:conquered:47 dwarf:conquered:55 goblin:conquered:63,4,29,24,0,2,0,85,4,17433.3,16265.6,16741.3,0.867,7,2,0,7,0
ascendancyRatio:-10,steadfast,greedy,3,won,54,54,,0,0,0,archmage:conquered:30 goblin:conquered:38 orc:conquered:46 dwarf:conquered:54,4,27,25,0,2,0,73,5,20624.1,18732.2,16741.3,0.931,7,1,0,4,0
ascendancyRatio:-10,steadfast,greedy,4,won,60,60,,0,0,0,archmage:conquered:36 orc:conquered:44 goblin:conquered:52 dwarf:conquered:60,4,29,25,0,2,0,77,2,17270.2,16010.8,16741.3,0.841,7,1,0,2,0
ascendancyRatio:-10,steadfast,greedy,5,won,57,57,,0,0,0,archmage:conquered:33 orc:conquered:41 goblin:conquered:49 dwarf:conquered:57,3,26,22,0,2,0,80,3,18424.1,17064.3,16741.3,0.885,7,1,0,5,0
ascendancyRatio:-10,steadfast,greedy,6,won,48,48,,0,0,0,goblin:conquered:24 archmage:conquered:32 orc:conquered:40 dwarf:conquered:48,2,21,20,0,3,1,70,2,19122.7,17410.6,16741.3,0.87,7,2,0,4,0
ascendancyRatio:-10,steadfast,greedy,7,won,46,46,,0,0,0,goblin:conquered:21 archmage:conquered:30 orc:conquered:38 dwarf:conquered:46,2,23,22,0,2,0,72,4,19172,17479.3,15969.3,0.913,5,2,0,5,0
ascendancyRatio:-10,steadfast,greedy,8,won,55,55,,0,0,0,archmage:conquered:31 goblin:conquered:39 orc:conquered:47 dwarf:conquered:55,4,25,22,0,2,0,70,1,19805,18093.6,16741.3,0.901,6,1,0,3,0
ascendancyRatio:-10,steadfast,greedy,9,won,49,49,,0,0,0,goblin:conquered:23 archmage:conquered:33 orc:conquered:41 dwarf:conquered:49,2,22,20,0,3,1,84,7,18052.8,16584.5,16741.3,0.859,6,2,0,3,0
ascendancyRatio:-10,steadfast,greedy,10,active,71,,,0,0,0,orc:conquered:27,3,18,17,0,2,0,75,7,20064.8,18280.9,16741.3,0.907,9,2,0,4,0
ascendancyRatio:-10,steadfast,greedy,11,won,61,61,,0,0,0,archmage:conquered:37 orc:conquered:45 goblin:conquered:53 dwarf:conquered:61,4,30,28,0,2,0,80,5,18899.8,17454.3,16741.3,0.875,7,1,0,4,0
ascendancyRatio:-10,steadfast,greedy,12,won,55,55,,0,0,0,archmage:conquered:30 goblin:conquered:38 orc:conquered:47 dwarf:conquered:55,4,28,27,0,2,0,73,5,20393.7,18539,16741.3,0.917,7,2,0,4,0
ascendancyRatio:-10,steadfast,greedy,13,won,57,57,,0,0,0,archmage:conquered:33 goblin:conquered:41 orc:conquered:49 dwarf:conquered:57,4,27,24,0,2,0,80,4,19504.9,17916.7,16741.3,0.915,7,11,0,4,0
ascendancyRatio:-10,steadfast,greedy,14,won,50,50,,0,0,0,goblin:conquered:25 archmage:conquered:34 orc:conquered:42 dwarf:conquered:50,2,21,19,0,2,0,73,4,18721.2,17064.5,16741.3,0.869,6,1,0,3,0
ascendancyRatio:-10,steadfast,greedy,15,won,57,57,,0,0,0,orc:conquered:33 goblin:conquered:41 archmage:conquered:49 dwarf:conquered:57,5,24,22,0,3,1,75,8,19182.9,17523.1,16741.3,0.869,7,2,0,5,0
ascendancyRatio:-10,steadfast,greedy,16,won,60,60,,0,0,0,archmage:conquered:36 goblin:conquered:44 orc:conquered:52 dwarf:conquered:60,4,25,22,0,2,0,77,3,18928.8,17415.1,16741.3,0.896,7,2,0,6,0
ascendancyRatio:-10,steadfast,greedy,17,won,46,46,,0,0,0,goblin:conquered:21 archmage:conquered:30 orc:conquered:38 dwarf:conquered:46,2,21,20,0,2,0,71,3,17670.2,16149.2,15969.3,0.88,5,1,0,3,0
ascendancyRatio:-10,steadfast,greedy,18,won,46,46,,0,0,0,archmage:conquered:22 orc:conquered:30 goblin:conquered:38 dwarf:conquered:46,2,23,20,0,2,0,77,5,18935.3,17252.9,15969.3,0.896,6,2,0,6,0
ascendancyRatio:-10,steadfast,greedy,19,won,51,51,,0,0,0,archmage:conquered:27 orc:conquered:35 goblin:conquered:43 dwarf:conquered:51,3,24,22,0,2,0,70,1,20190.6,18347.8,16741.3,0.907,6,3,0,4,0
ascendancyRatio:-10,steadfast,greedy,20,won,48,48,,0,0,0,goblin:conquered:24 archmage:conquered:32 orc:conquered:40 dwarf:conquered:48,4,23,21,0,2,0,70,2,19188.7,17496,16741.3,0.88,5,1,0,3,0
ascendancyRatio:-10,steadfast,greedy,21,won,48,48,,0,0,0,goblin:conquered:24 archmage:conquered:32 orc:conquered:40 dwarf:conquered:48,3,22,20,0,2,0,68,1,19497.2,17722.6,16741.3,0.906,6,1,0,3,0
ascendancyRatio:-10,steadfast,greedy,22,won,48,48,,0,0,0,goblin:conquered:23 archmage:conquered:32 orc:conquered:40 dwarf:conquered:48,3,24,23,0,2,0,74,6,19615.4,17809.1,16741.3,0.903,6,2,0,4,0
ascendancyRatio:-10,steadfast,greedy,23,won,48,48,,0,0,0,archmage:conquered:23 orc:conquered:32 goblin:conquered:40 dwarf:conquered:48,2,20,18,0,2,0,71,1,20243.6,18427.3,16741.3,0.918,6,2,0,2,0
ascendancyRatio:-10,steadfast,greedy,24,won,49,49,,0,0,0,archmage:conquered:25 goblin:conquered:33 orc:conquered:41 dwarf:conquered:49,3,26,25,0,2,0,68,0,19508.6,17764.9,16741.3,0.88,6,2,0,4,0
ascendancyRatio:-10,steadfast,greedy,25,won,52,52,,0,0,0,archmage:conquered:27 orc:conquered:36 goblin:conquered:44 dwarf:conquered:52,3,22,21,0,2,0,70,3,18310.2,16696.9,16741.3,0.861,6,2,0,4,0
ascendancyRatio:-10,steadfast,greedy,26,won,69,69,,0,0,0,archmage:conquered:45 orc:conquered:53 goblin:conquered:61 dwarf:conquered:69,4,35,31,0,2,0,85,2,17412,16272.2,16741.3,0.868,8,1,0,5,0
ascendancyRatio:-10,steadfast,greedy,27,won,46,46,,0,0,0,archmage:conquered:22 goblin:conquered:30 orc:conquered:38 dwarf:conquered:46,2,22,20,0,2,0,76,5,17716.9,16168.5,15969.3,0.877,5,1,0,4,0
ascendancyRatio:-10,steadfast,greedy,28,won,58,58,,0,0,0,goblin:conquered:34 archmage:conquered:42 orc:conquered:50 dwarf:conquered:58,3,29,26,0,2,0,74,3,18469.8,16959.9,16741.3,0.883,8,2,0,4,0
ascendancyRatio:-10,steadfast,greedy,29,won,63,63,,0,0,0,archmage:conquered:38 orc:conquered:47 goblin:conquered:55 dwarf:conquered:63,4,32,27,0,2,0,84,5,18336.8,16977.6,16741.3,0.903,8,1,0,6,0
ascendancyRatio:-10,steadfast,greedy,30,won,46,46,,0,0,0,archmage:conquered:21 orc:conquered:30 goblin:conquered:38 dwarf:conquered:46,3,24,23,0,2,0,73,2,19358.9,17631.9,15969.3,0.928,5,2,0,4,0
ascendancyRatio:-20,committed,greedy,1,active,71,,,2,0,0,,5,25,20,1,2,0,95,7,13423.4,12887,16741.3,0.782,6,10,6,19,0
ascendancyRatio:-20,committed,greedy,2,won,67,67,,1,1,0,archmage:conquered:43 goblin:conquered:51 orc:conquered:59 dwarf:conquered:67,2,30,25,0,2,0,86,6,13319.8,12750.9,16741.3,0.766,6,3,4,9,0
ascendancyRatio:-20,committed,greedy,3,active,71,,,1,0,0,,8,33,21,2,2,0,141,1,15190,14612.7,16741.3,0.856,7,1,4,27,0
ascendancyRatio:-20,committed,greedy,4,won,69,69,,1,0,0,archmage:conquered:40 goblin:conquered:51 orc:conquered:61 dwarf:conquered:69,2,29,23,1,2,0,89,7,13640.4,13099,16741.3,0.773,6,1,4,15,0
ascendancyRatio:-20,committed,greedy,5,won,63,63,,0,0,0,archmage:conquered:37 orc:conquered:47 goblin:conquered:55 dwarf:conquered:63,2,30,25,0,2,0,91,9,15205.7,14332.6,16741.3,0.814,5,1,0,6,0
ascendancyRatio:-20,committed,greedy,6,won,67,67,,0,0,0,archmage:conquered:40 orc:conquered:51 goblin:conquered:59 dwarf:conquered:67,3,28,21,0,3,1,94,8,13906.7,13313.9,16741.3,0.8,6,2,2,11,0
ascendancyRatio:-20,committed,greedy,7,won,60,60,,0,0,0,goblin:conquered:35 archmage:conquered:44 orc:conquered:52 dwarf:conquered:60,3,28,24,0,2,0,89,12,15893.7,14778.3,16741.3,0.826,5,2,0,3,0
ascendancyRatio:-20,committed,greedy,8,won,60,60,,0,0,0,archmage:conquered:34 goblin:conquered:44 orc:conquered:52 dwarf:conquered:60,2,31,26,0,2,0,88,9,15292.6,14446.7,16741.3,0.818,5,1,1,8,0
ascendancyRatio:-20,committed,greedy,9,active,71,,,1,0,0,,7,27,22,0,4,2,99,9,13606,13046.9,16741.3,0.762,6,2,4,19,0
ascendancyRatio:-20,committed,greedy,10,active,71,,,0,0,0,,8,18,10,1,2,0,99,0,14305.6,13865.8,16741.3,0.824,6,2,1,37,0
ascendancyRatio:-20,committed,greedy,11,won,63,63,,0,0,0,goblin:conquered:39 archmage:conquered:47 orc:conquered:55 dwarf:conquered:63,2,28,24,0,2,0,83,8,14799.2,13820.7,16741.3,0.791,5,1,0,4,0
ascendancyRatio:-20,committed,greedy,12,won,51,51,,0,0,0,archmage:conquered:26 orc:conquered:35 goblin:conquered:43 dwarf:conquered:51,2,23,21,0,2,0,81,14,16794.8,15448.9,16741.3,0.844,4,2,0,4,0
ascendancyRatio:-20,committed,greedy,13,active,71,,,1,0,0,,7,26,12,1,2,0,99,1,14748.5,14150.4,16741.3,0.827,6,11,4,38,0
ascendancyRatio:-20,committed,greedy,14,won,58,58,,0,0,0,goblin:conquered:33 orc:conquered:42 archmage:conquered:50 dwarf:conquered:58,1,21,17,0,2,0,82,7,14678.8,13706.8,16741.3,0.783,5,1,0,6,0
ascendancyRatio:-20,committed,greedy,15,active,71,,,2,0,0,,8,32,23,1,3,1,116,12,13293.2,12872,16741.3,0.797,6,2,4,23,0
ascendancyRatio:-20,committed,greedy,16,won,67,67,,0,0,0,dwarf:conquered:40 archmage:conquered:51 orc:conquered:59 goblin:conquered:67,3,29,22,0,2,0,82,5,14249.8,13596.7,16741.3,0.806,6,2,2,8,0
ascendancyRatio:-20,committed,greedy,17,active,71,,,1,0,0,,7,20,9,3,2,0,131,7,13509.3,13001.4,16741.3,0.805,7,1,4,35,0
ascendancyRatio:-20,committed,greedy,18,fallen,43,,44,1,0,1,,3,10,0,0,2,0,25,3,12224.5,11893.2,14811.3,0.815,4,2,4,9,0
ascendancyRatio:-20,committed,greedy,19,fallen,41,,42,1,0,1,,3,9,0,0,2,0,24,0,12018.8,11644.9,14039.3,0.806,3,3,4,14,0
ascendancyRatio:-20,committed,greedy,20,active,71,,,0,0,0,,6,24,7,0,3,1,119,4,13183.6,12793.6,16741.3,0.789,6,2,0,36,0
ascendancyRatio:-20,committed,greedy,21,active,71,,,0,0,0,,7,24,9,2,2,0,83,6,13700.2,13296,16741.3,0.81,6,1,3,33,0
ascendancyRatio:-20,committed,greedy,22,active,71,,,1,0,0,,7,29,9,2,3,1,143,8,13748.3,13351.7,16741.3,0.8,6,2,4,34,0
ascendancyRatio:-20,committed,greedy,23,active,71,,,1,0,0,,7,25,11,0,2,0,116,1,14428.9,13884.1,16741.3,0.819,6,2,4,35,0
ascendancyRatio:-20,committed,greedy,24,won,61,61,,1,0,0,dwarf:conquered:35 orc:conquered:45 archmage:conquered:53 goblin:conquered:61,3,24,19,0,2,0,86,8,14643.1,13822.2,16741.3,0.805,5,2,4,5,0
ascendancyRatio:-20,committed,greedy,25,active,71,,,0,0,0,,7,29,7,0,2,0,108,5,13356.9,12964.5,16741.3,0.793,6,3,0,23,0
ascendancyRatio:-20,committed,greedy,26,active,71,,,0,0,0,,4,24,11,0,2,0,100,2,13930.3,13374.1,16741.3,0.773,6,1,3,35,0
ascendancyRatio:-20,committed,greedy,27,won,66,66,,0,0,0,goblin:conquered:36 archmage:conquered:50 orc:conquered:58 dwarf:conquered:66,2,31,27,0,2,0,88,6,14893.8,13986.1,16741.3,0.813,6,1,1,15,0
ascendancyRatio:-20,committed,greedy,28,active,71,,,1,0,0,orc:conquered:64,4,39,33,2,2,0,98,10,13504.8,12984.3,16741.3,0.787,6,2,4,20,0
ascendancyRatio:-20,committed,greedy,29,won,63,63,,0,0,0,goblin:conquered:39 archmage:conquered:47 orc:conquered:55 dwarf:conquered:63,2,29,26,0,2,0,83,5,15374.1,14311.4,16741.3,0.804,5,1,0,5,0
ascendancyRatio:-20,committed,greedy,30,active,71,,,0,0,0,goblin:conquered:39 archmage:conquered:58 orc:conquered:66,3,33,27,0,2,0,94,6,14575.5,13876.6,16741.3,0.841,7,2,2,16,0
ascendancyRatio:-20,steadfast,greedy,1,won,66,66,,0,0,0,archmage:conquered:42 orc:conquered:50 goblin:conquered:58 dwarf:conquered:66,3,31,27,0,2,0,88,4,16730.5,15696.3,16741.3,0.877,8,10,0,3,0
ascendancyRatio:-20,steadfast,greedy,2,won,63,63,,0,0,0,archmage:conquered:39 orc:conquered:47 dwarf:conquered:55 goblin:conquered:63,4,29,24,0,2,0,85,4,17433.3,16265.6,16741.3,0.867,7,2,0,7,0
ascendancyRatio:-20,steadfast,greedy,3,won,54,54,,0,0,0,archmage:conquered:30 goblin:conquered:38 orc:conquered:46 dwarf:conquered:54,4,27,25,0,2,0,73,5,20624.1,18732.2,16741.3,0.931,7,1,0,4,0
ascendancyRatio:-20,steadfast,greedy,4,won,60,60,,0,0,0,archmage:conquered:36 orc:conquered:44 goblin:conquered:52 dwarf:conquered:60,4,29,25,0,2,0,77,2,17270.2,16010.8,16741.3,0.841,7,1,0,2,0
ascendancyRatio:-20,steadfast,greedy,5,won,57,57,,0,0,0,archmage:conquered:33 orc:conquered:41 goblin:conquered:49 dwarf:conquered:57,3,26,22,0,2,0,80,3,18424.1,17064.3,16741.3,0.885,7,1,0,5,0
ascendancyRatio:-20,steadfast,greedy,6,won,48,48,,0,0,0,goblin:conquered:24 archmage:conquered:32 orc:conquered:40 dwarf:conquered:48,2,21,20,0,3,1,70,2,19122.7,17410.6,16741.3,0.87,7,2,0,4,0
ascendancyRatio:-20,steadfast,greedy,7,won,46,46,,0,0,0,goblin:conquered:21 archmage:conquered:30 orc:conquered:38 dwarf:conquered:46,2,23,22,0,2,0,72,4,19172,17479.3,15969.3,0.913,5,2,0,5,0
ascendancyRatio:-20,steadfast,greedy,8,won,55,55,,0,0,0,archmage:conquered:31 goblin:conquered:39 orc:conquered:47 dwarf:conquered:55,4,25,22,0,2,0,70,1,19805,18093.6,16741.3,0.901,6,1,0,3,0
ascendancyRatio:-20,steadfast,greedy,9,won,49,49,,0,0,0,goblin:conquered:23 archmage:conquered:33 orc:conquered:41 dwarf:conquered:49,2,22,20,0,3,1,84,7,18052.8,16584.5,16741.3,0.859,6,2,0,3,0
ascendancyRatio:-20,steadfast,greedy,10,active,71,,,0,0,0,orc:conquered:27,3,18,17,0,2,0,75,7,20064.8,18280.9,16741.3,0.907,9,2,0,4,0
ascendancyRatio:-20,steadfast,greedy,11,won,61,61,,0,0,0,archmage:conquered:37 orc:conquered:45 goblin:conquered:53 dwarf:conquered:61,4,30,28,0,2,0,80,5,18899.8,17454.3,16741.3,0.875,7,1,0,4,0
ascendancyRatio:-20,steadfast,greedy,12,won,55,55,,0,0,0,archmage:conquered:30 goblin:conquered:38 orc:conquered:47 dwarf:conquered:55,4,28,27,0,2,0,73,5,20393.7,18539,16741.3,0.917,7,2,0,4,0
ascendancyRatio:-20,steadfast,greedy,13,won,57,57,,0,0,0,archmage:conquered:33 goblin:conquered:41 orc:conquered:49 dwarf:conquered:57,4,27,24,0,2,0,80,4,19504.9,17916.7,16741.3,0.915,7,11,0,4,0
ascendancyRatio:-20,steadfast,greedy,14,won,50,50,,0,0,0,goblin:conquered:25 archmage:conquered:34 orc:conquered:42 dwarf:conquered:50,2,21,19,0,2,0,73,4,18721.2,17064.5,16741.3,0.869,6,1,0,3,0
ascendancyRatio:-20,steadfast,greedy,15,won,57,57,,0,0,0,orc:conquered:33 goblin:conquered:41 archmage:conquered:49 dwarf:conquered:57,5,24,22,0,3,1,75,8,19182.9,17523.1,16741.3,0.869,7,2,0,5,0
ascendancyRatio:-20,steadfast,greedy,16,won,60,60,,0,0,0,archmage:conquered:36 goblin:conquered:44 orc:conquered:52 dwarf:conquered:60,4,25,22,0,2,0,77,3,18928.8,17415.1,16741.3,0.896,7,2,0,6,0
ascendancyRatio:-20,steadfast,greedy,17,won,46,46,,0,0,0,goblin:conquered:21 archmage:conquered:30 orc:conquered:38 dwarf:conquered:46,2,21,20,0,2,0,71,3,17670.2,16149.2,15969.3,0.88,5,1,0,3,0
ascendancyRatio:-20,steadfast,greedy,18,won,46,46,,0,0,0,archmage:conquered:22 orc:conquered:30 goblin:conquered:38 dwarf:conquered:46,2,23,20,0,2,0,77,5,18935.3,17252.9,15969.3,0.896,6,2,0,6,0
ascendancyRatio:-20,steadfast,greedy,19,won,51,51,,0,0,0,archmage:conquered:27 orc:conquered:35 goblin:conquered:43 dwarf:conquered:51,3,24,22,0,2,0,70,1,20190.6,18347.8,16741.3,0.907,6,3,0,4,0
ascendancyRatio:-20,steadfast,greedy,20,won,48,48,,0,0,0,goblin:conquered:24 archmage:conquered:32 orc:conquered:40 dwarf:conquered:48,4,23,21,0,2,0,70,2,19188.7,17496,16741.3,0.88,5,1,0,3,0
ascendancyRatio:-20,steadfast,greedy,21,won,48,48,,0,0,0,goblin:conquered:24 archmage:conquered:32 orc:conquered:40 dwarf:conquered:48,3,22,20,0,2,0,68,1,19497.2,17722.6,16741.3,0.906,6,1,0,3,0
ascendancyRatio:-20,steadfast,greedy,22,won,48,48,,0,0,0,goblin:conquered:23 archmage:conquered:32 orc:conquered:40 dwarf:conquered:48,3,24,23,0,2,0,74,6,19615.4,17809.1,16741.3,0.903,6,2,0,4,0
ascendancyRatio:-20,steadfast,greedy,23,won,48,48,,0,0,0,archmage:conquered:23 orc:conquered:32 goblin:conquered:40 dwarf:conquered:48,2,20,18,0,2,0,71,1,20243.6,18427.3,16741.3,0.918,6,2,0,2,0
ascendancyRatio:-20,steadfast,greedy,24,won,49,49,,0,0,0,archmage:conquered:25 goblin:conquered:33 orc:conquered:41 dwarf:conquered:49,3,26,25,0,2,0,68,0,19508.6,17764.9,16741.3,0.88,6,2,0,4,0
ascendancyRatio:-20,steadfast,greedy,25,won,52,52,,0,0,0,archmage:conquered:27 orc:conquered:36 goblin:conquered:44 dwarf:conquered:52,3,22,21,0,2,0,70,3,18310.2,16696.9,16741.3,0.861,6,2,0,4,0
ascendancyRatio:-20,steadfast,greedy,26,won,69,69,,0,0,0,archmage:conquered:45 orc:conquered:53 goblin:conquered:61 dwarf:conquered:69,4,35,31,0,2,0,85,2,17412,16272.2,16741.3,0.868,8,1,0,5,0
ascendancyRatio:-20,steadfast,greedy,27,won,46,46,,0,0,0,archmage:conquered:22 goblin:conquered:30 orc:conquered:38 dwarf:conquered:46,2,22,20,0,2,0,76,5,17716.9,16168.5,15969.3,0.877,5,1,0,4,0
ascendancyRatio:-20,steadfast,greedy,28,won,58,58,,0,0,0,goblin:conquered:34 archmage:conquered:42 orc:conquered:50 dwarf:conquered:58,3,29,26,0,2,0,74,3,18469.8,16959.9,16741.3,0.883,8,2,0,4,0
ascendancyRatio:-20,steadfast,greedy,29,won,63,63,,0,0,0,archmage:conquered:38 orc:conquered:47 goblin:conquered:55 dwarf:conquered:63,4,32,27,0,2,0,84,5,18336.8,16977.6,16741.3,0.903,8,1,0,6,0
ascendancyRatio:-20,steadfast,greedy,30,won,46,46,,0,0,0,archmage:conquered:21 orc:conquered:30 goblin:conquered:38 dwarf:conquered:46,3,24,23,0,2,0,73,2,19358.9,17631.9,15969.3,0.928,5,2,0,4,0
ascendancyRatio:+10,committed,greedy,1,active,71,,,1,1,0,goblin:conquered:44 archmage:conquered:65,1,30,25,1,2,0,96,8,13423.4,12887,16741.3,0.782,6,10,4,19,0
ascendancyRatio:+10,committed,greedy,2,won,67,67,,1,1,0,archmage:conquered:43 goblin:conquered:51 orc:conquered:59 dwarf:conquered:67,2,30,25,0,2,0,86,6,13319.8,12750.9,16741.3,0.766,6,3,4,9,0
ascendancyRatio:+10,committed,greedy,3,active,71,,,0,0,0,goblin:conquered:50 archmage:conquered:62 orc:conquered:70,6,41,30,2,2,0,123,1,15190,14612.7,16741.3,0.856,7,1,0,20,0
ascendancyRatio:+10,committed,greedy,4,won,69,69,,0,0,0,archmage:conquered:40 goblin:conquered:51 orc:conquered:61 dwarf:conquered:69,2,29,23,1,2,0,89,7,13640.4,13099,16741.3,0.773,6,1,1,15,0
ascendancyRatio:+10,committed,greedy,5,won,63,63,,0,0,0,archmage:conquered:37 orc:conquered:47 goblin:conquered:55 dwarf:conquered:63,2,30,25,0,2,0,91,9,15205.7,14332.6,16741.3,0.814,5,1,0,6,0
ascendancyRatio:+10,committed,greedy,6,won,67,67,,0,0,0,archmage:conquered:40 orc:conquered:51 goblin:conquered:59 dwarf:conquered:67,3,28,21,0,3,1,94,8,13906.7,13313.9,16741.3,0.8,6,2,0,11,0
ascendancyRatio:+10,committed,greedy,7,won,60,60,,0,0,0,goblin:conquered:35 archmage:conquered:44 orc:conquered:52 dwarf:conquered:60,3,28,24,0,2,0,89,12,15893.7,14778.3,16741.3,0.826,5,2,0,3,0
ascendancyRatio:+10,committed,greedy,8,won,60,60,,0,0,0,archmage:conquered:34 goblin:conquered:44 orc:conquered:52 dwarf:conquered:60,2,31,26,0,2,0,88,9,15292.6,14446.7,16741.3,0.818,5,1,0,8,0
ascendancyRatio:+10,committed,greedy,9,active,71,,,0,0,0,goblin:conquered:42 archmage:conquered:63,2,33,28,0,4,2,96,9,13615.5,13047.1,16741.3,0.762,6,2,1,18,0
ascendancyRatio:+10,committed,greedy,10,active,71,,,0,0,0,,8,18,10,1,2,0,99,0,14305.6,13865.8,16741.3,0.824,6,2,0,37,0
ascendancyRatio:+10,committed,greedy,11,won,63,63,,0,0,0,goblin:conquered:39 archmage:conquered:47 orc:conquered:55 dwarf:conquered:63,2,28,24,0,2,0,83,8,14799.2,13820.7,16741.3,0.791,5,1,0,4,0
ascendancyRatio:+10,committed,greedy,12,won,51,51,,0,0,0,archmage:conquered:26 orc:conquered:35 goblin:conquered:43 dwarf:conquered:51,2,23,21,0,2,0,81,14,16794.8,15448.9,16741.3,0.844,4,2,0,4,0
ascendancyRatio:+10,committed,greedy,13,active,71,,,0,0,0,,7,26,12,1,2,0,99,1,14748.5,14150.4,16741.3,0.827,6,11,0,38,0
ascendancyRatio:+10,committed,greedy,14,won,58,58,,0,0,0,goblin:conquered:33 orc:conquered:42 archmage:conquered:50 dwarf:conquered:58,1,21,17,0,2,0,82,7,14678.8,13706.8,16741.3,0.783,5,1,0,6,0
ascendancyRatio:+10,committed,greedy,15,active,71,,,0,0,0,goblin:conquered:50 archmage:conquered:63,4,35,26,1,3,1,117,11,13293.2,12872,16741.3,0.797,6,2,2,24,0
ascendancyRatio:+10,committed,greedy,16,won,67,67,,0,0,0,dwarf:conquered:40 archmage:conquered:51 orc:conquered:59 goblin:conquered:67,3,29,22,0,2,0,82,5,14249.8,13596.7,16741.3,0.806,6,2,1,8,0
ascendancyRatio:+10,committed,greedy,17,active,71,,,0,0,0,,8,28,13,2,2,0,134,8,13509.3,13001.4,16741.3,0.805,7,1,0,35,0
ascendancyRatio:+10,committed,greedy,18,active,71,,,0,0,0,,8,26,13,0,2,0,78,3,14194.6,13769.5,16741.3,0.817,6,2,0,36,0
ascendancyRatio:+10,committed,greedy,19,active,71,,,0,0,0,,7,26,13,0,2,0,89,1,14326.5,13812.9,16741.3,0.788,6,3,0,43,0
ascendancyRatio:+10,committed,greedy,20,active,71,,,0,0,0,,6,24,7,0,3,1,119,4,13183.6,12793.6,16741.3,0.789,6,2,0,36,0
ascendancyRatio:+10,committed,greedy,21,active,71,,,0,0,0,,7,24,9,2,2,0,83,6,13700.2,13296,16741.3,0.81,6,1,0,33,0
ascendancyRatio:+10,committed,greedy,22,active,71,,,0,0,0,,7,29,9,2,3,1,143,8,13748.3,13351.7,16741.3,0.8,6,2,0,34,0
ascendancyRatio:+10,committed,greedy,23,active,71,,,0,0,0,,7,25,11,0,2,0,116,1,14428.9,13884.1,16741.3,0.819,6,2,0,35,0
ascendancyRatio:+10,committed,greedy,24,won,61,61,,0,0,0,dwarf:conquered:35 orc:conquered:45 archmage:conquered:53 goblin:conquered:61,3,24,19,0,2,0,86,8,14643.1,13822.2,16741.3,0.805,5,2,1,5,0
ascendancyRatio:+10,committed,greedy,25,active,71,,,0,0,0,,7,29,7,0,2,0,108,5,13356.9,12964.5,16741.3,0.793,6,3,0,23,0
ascendancyRatio:+10,committed,greedy,26,active,71,,,0,0,0,,4,24,11,0,2,0,100,2,13930.3,13374.1,16741.3,0.773,6,1,1,35,0
ascendancyRatio:+10,committed,greedy,27,won,66,66,,0,0,0,goblin:conquered:36 archmage:conquered:50 orc:conquered:58 dwarf:conquered:66,2,31,27,0,2,0,88,6,14893.8,13986.1,16741.3,0.813,6,1,0,15,0
ascendancyRatio:+10,committed,greedy,28,active,71,,,0,0,0,archmage:conquered:66,5,43,38,2,2,0,99,10,13504.8,12984.3,16741.3,0.787,6,2,1,20,0
ascendancyRatio:+10,committed,greedy,29,won,63,63,,0,0,0,goblin:conquered:39 archmage:conquered:47 orc:conquered:55 dwarf:conquered:63,2,29,26,0,2,0,83,5,15374.1,14311.4,16741.3,0.804,5,1,0,5,0
ascendancyRatio:+10,committed,greedy,30,active,71,,,0,0,0,goblin:conquered:39 archmage:conquered:58 orc:conquered:66,3,33,27,0,2,0,94,6,14575.5,13876.6,16741.3,0.841,7,2,1,16,0
ascendancyRatio:+10,steadfast,greedy,1,won,66,66,,0,0,0,archmage:conquered:42 orc:conquered:50 goblin:conquered:58 dwarf:conquered:66,3,31,27,0,2,0,88,4,16730.5,15696.3,16741.3,0.877,8,10,0,3,0
ascendancyRatio:+10,steadfast,greedy,2,won,63,63,,0,0,0,archmage:conquered:39 orc:conquered:47 dwarf:conquered:55 goblin:conquered:63,4,29,24,0,2,0,85,4,17433.3,16265.6,16741.3,0.867,7,2,0,7,0
ascendancyRatio:+10,steadfast,greedy,3,won,54,54,,0,0,0,archmage:conquered:30 goblin:conquered:38 orc:conquered:46 dwarf:conquered:54,4,27,25,0,2,0,73,5,20624.1,18732.2,16741.3,0.931,7,1,0,4,0
ascendancyRatio:+10,steadfast,greedy,4,won,60,60,,0,0,0,archmage:conquered:36 orc:conquered:44 goblin:conquered:52 dwarf:conquered:60,4,29,25,0,2,0,77,2,17270.2,16010.8,16741.3,0.841,7,1,0,2,0
ascendancyRatio:+10,steadfast,greedy,5,won,57,57,,0,0,0,archmage:conquered:33 orc:conquered:41 goblin:conquered:49 dwarf:conquered:57,3,26,22,0,2,0,80,3,18424.1,17064.3,16741.3,0.885,7,1,0,5,0
ascendancyRatio:+10,steadfast,greedy,6,won,48,48,,0,0,0,goblin:conquered:24 archmage:conquered:32 orc:conquered:40 dwarf:conquered:48,2,21,20,0,3,1,70,2,19122.7,17410.6,16741.3,0.87,7,2,0,4,0
ascendancyRatio:+10,steadfast,greedy,7,won,46,46,,0,0,0,goblin:conquered:21 archmage:conquered:30 orc:conquered:38 dwarf:conquered:46,2,23,22,0,2,0,72,4,19172,17479.3,15969.3,0.913,5,2,0,5,0
ascendancyRatio:+10,steadfast,greedy,8,won,55,55,,0,0,0,archmage:conquered:31 goblin:conquered:39 orc:conquered:47 dwarf:conquered:55,4,25,22,0,2,0,70,1,19805,18093.6,16741.3,0.901,6,1,0,3,0
ascendancyRatio:+10,steadfast,greedy,9,won,49,49,,0,0,0,goblin:conquered:23 archmage:conquered:33 orc:conquered:41 dwarf:conquered:49,2,22,20,0,3,1,84,7,18052.8,16584.5,16741.3,0.859,6,2,0,3,0
ascendancyRatio:+10,steadfast,greedy,10,active,71,,,0,0,0,orc:conquered:27,3,18,17,0,2,0,75,7,20064.8,18280.9,16741.3,0.907,9,2,0,4,0
ascendancyRatio:+10,steadfast,greedy,11,won,61,61,,0,0,0,archmage:conquered:37 orc:conquered:45 goblin:conquered:53 dwarf:conquered:61,4,30,28,0,2,0,80,5,18899.8,17454.3,16741.3,0.875,7,1,0,4,0
ascendancyRatio:+10,steadfast,greedy,12,won,55,55,,0,0,0,archmage:conquered:30 goblin:conquered:38 orc:conquered:47 dwarf:conquered:55,4,28,27,0,2,0,73,5,20393.7,18539,16741.3,0.917,7,2,0,4,0
ascendancyRatio:+10,steadfast,greedy,13,won,57,57,,0,0,0,archmage:conquered:33 goblin:conquered:41 orc:conquered:49 dwarf:conquered:57,4,27,24,0,2,0,80,4,19504.9,17916.7,16741.3,0.915,7,11,0,4,0
ascendancyRatio:+10,steadfast,greedy,14,won,50,50,,0,0,0,goblin:conquered:25 archmage:conquered:34 orc:conquered:42 dwarf:conquered:50,2,21,19,0,2,0,73,4,18721.2,17064.5,16741.3,0.869,6,1,0,3,0
ascendancyRatio:+10,steadfast,greedy,15,won,57,57,,0,0,0,orc:conquered:33 goblin:conquered:41 archmage:conquered:49 dwarf:conquered:57,5,24,22,0,3,1,75,8,19182.9,17523.1,16741.3,0.869,7,2,0,5,0
ascendancyRatio:+10,steadfast,greedy,16,won,60,60,,0,0,0,archmage:conquered:36 goblin:conquered:44 orc:conquered:52 dwarf:conquered:60,4,25,22,0,2,0,77,3,18928.8,17415.1,16741.3,0.896,7,2,0,6,0
ascendancyRatio:+10,steadfast,greedy,17,won,46,46,,0,0,0,goblin:conquered:21 archmage:conquered:30 orc:conquered:38 dwarf:conquered:46,2,21,20,0,2,0,71,3,17670.2,16149.2,15969.3,0.88,5,1,0,3,0
ascendancyRatio:+10,steadfast,greedy,18,won,46,46,,0,0,0,archmage:conquered:22 orc:conquered:30 goblin:conquered:38 dwarf:conquered:46,2,23,20,0,2,0,77,5,18935.3,17252.9,15969.3,0.896,6,2,0,6,0
ascendancyRatio:+10,steadfast,greedy,19,won,51,51,,0,0,0,archmage:conquered:27 orc:conquered:35 goblin:conquered:43 dwarf:conquered:51,3,24,22,0,2,0,70,1,20190.6,18347.8,16741.3,0.907,6,3,0,4,0
ascendancyRatio:+10,steadfast,greedy,20,won,48,48,,0,0,0,goblin:conquered:24 archmage:conquered:32 orc:conquered:40 dwarf:conquered:48,4,23,21,0,2,0,70,2,19188.7,17496,16741.3,0.88,5,1,0,3,0
ascendancyRatio:+10,steadfast,greedy,21,won,48,48,,0,0,0,goblin:conquered:24 archmage:conquered:32 orc:conquered:40 dwarf:conquered:48,3,22,20,0,2,0,68,1,19497.2,17722.6,16741.3,0.906,6,1,0,3,0
ascendancyRatio:+10,steadfast,greedy,22,won,48,48,,0,0,0,goblin:conquered:23 archmage:conquered:32 orc:conquered:40 dwarf:conquered:48,3,24,23,0,2,0,74,6,19615.4,17809.1,16741.3,0.903,6,2,0,4,0
ascendancyRatio:+10,steadfast,greedy,23,won,48,48,,0,0,0,archmage:conquered:23 orc:conquered:32 goblin:conquered:40 dwarf:conquered:48,2,20,18,0,2,0,71,1,20243.6,18427.3,16741.3,0.918,6,2,0,2,0
ascendancyRatio:+10,steadfast,greedy,24,won,49,49,,0,0,0,archmage:conquered:25 goblin:conquered:33 orc:conquered:41 dwarf:conquered:49,3,26,25,0,2,0,68,0,19508.6,17764.9,16741.3,0.88,6,2,0,4,0
ascendancyRatio:+10,steadfast,greedy,25,won,52,52,,0,0,0,archmage:conquered:27 orc:conquered:36 goblin:conquered:44 dwarf:conquered:52,3,22,21,0,2,0,70,3,18310.2,16696.9,16741.3,0.861,6,2,0,4,0
ascendancyRatio:+10,steadfast,greedy,26,won,69,69,,0,0,0,archmage:conquered:45 orc:conquered:53 goblin:conquered:61 dwarf:conquered:69,4,35,31,0,2,0,85,2,17412,16272.2,16741.3,0.868,8,1,0,5,0
ascendancyRatio:+10,steadfast,greedy,27,won,46,46,,0,0,0,archmage:conquered:22 goblin:conquered:30 orc:conquered:38 dwarf:conquered:46,2,22,20,0,2,0,76,5,17716.9,16168.5,15969.3,0.877,5,1,0,4,0
ascendancyRatio:+10,steadfast,greedy,28,won,58,58,,0,0,0,goblin:conquered:34 archmage:conquered:42 orc:conquered:50 dwarf:conquered:58,3,29,26,0,2,0,74,3,18469.8,16959.9,16741.3,0.883,8,2,0,4,0
ascendancyRatio:+10,steadfast,greedy,29,won,63,63,,0,0,0,archmage:conquered:38 orc:conquered:47 goblin:conquered:55 dwarf:conquered:63,4,32,27,0,2,0,84,5,18336.8,16977.6,16741.3,0.903,8,1,0,6,0
ascendancyRatio:+10,steadfast,greedy,30,won,46,46,,0,0,0,archmage:conquered:21 orc:conquered:30 goblin:conquered:38 dwarf:conquered:46,3,24,23,0,2,0,73,2,19358.9,17631.9,15969.3,0.928,5,2,0,4,0
ascendancyRatio:+20,committed,greedy,1,active,71,,,0,0,0,goblin:conquered:43 archmage:conquered:66,1,31,26,1,2,0,92,7,13423.4,12887,16741.3,0.782,6,10,3,19,0
ascendancyRatio:+20,committed,greedy,2,won,66,66,,0,0,0,archmage:conquered:41 goblin:conquered:50 orc:conquered:58 dwarf:conquered:66,2,25,20,0,2,0,88,9,13329.9,12750.9,16741.3,0.766,6,3,3,7,0
ascendancyRatio:+20,committed,greedy,3,active,71,,,0,0,0,goblin:conquered:50 archmage:conquered:62 orc:conquered:70,6,41,30,2,2,0,123,1,15190,14612.7,16741.3,0.856,7,1,0,20,0
ascendancyRatio:+20,committed,greedy,4,won,69,69,,0,0,0,archmage:conquered:40 goblin:conquered:51 orc:conquered:61 dwarf:conquered:69,2,29,23,1,2,0,89,7,13640.4,13099,16741.3,0.773,6,1,0,15,0
ascendancyRatio:+20,committed,greedy,5,won,63,63,,0,0,0,archmage:conquered:37 orc:conquered:47 goblin:conquered:55 dwarf:conquered:63,2,30,25,0,2,0,91,9,15205.7,14332.6,16741.3,0.814,5,1,0,6,0
ascendancyRatio:+20,committed,greedy,6,won,67,67,,0,0,0,archmage:conquered:40 orc:conquered:51 goblin:conquered:59 dwarf:conquered:67,3,28,21,0,3,1,94,8,13906.7,13313.9,16741.3,0.8,6,2,0,11,0
ascendancyRatio:+20,committed,greedy,7,won,60,60,,0,0,0,goblin:conquered:35 archmage:conquered:44 orc:conquered:52 dwarf:conquered:60,3,28,24,0,2,0,89,12,15893.7,14778.3,16741.3,0.826,5,2,0,3,0
ascendancyRatio:+20,committed,greedy,8,won,60,60,,0,0,0,archmage:conquered:34 goblin:conquered:44 orc:conquered:52 dwarf:conquered:60,2,31,26,0,2,0,88,9,15292.6,14446.7,16741.3,0.818,5,1,0,8,0
ascendancyRatio:+20,committed,greedy,9,active,71,,,0,0,0,goblin:conquered:42 archmage:conquered:63,2,33,28,0,4,2,96,9,13615.5,13047.1,16741.3,0.762,6,2,0,18,0
ascendancyRatio:+20,committed,greedy,10,active,71,,,0,0,0,,8,18,10,1,2,0,99,0,14305.6,13865.8,16741.3,0.824,6,2,0,37,0
ascendancyRatio:+20,committed,greedy,11,won,63,63,,0,0,0,goblin:conquered:39 archmage:conquered:47 orc:conquered:55 dwarf:conquered:63,2,28,24,0,2,0,83,8,14799.2,13820.7,16741.3,0.791,5,1,0,4,0
ascendancyRatio:+20,committed,greedy,12,won,51,51,,0,0,0,archmage:conquered:26 orc:conquered:35 goblin:conquered:43 dwarf:conquered:51,2,23,21,0,2,0,81,14,16794.8,15448.9,16741.3,0.844,4,2,0,4,0
ascendancyRatio:+20,committed,greedy,13,active,71,,,0,0,0,,7,26,12,1,2,0,99,1,14748.5,14150.4,16741.3,0.827,6,11,0,38,0
ascendancyRatio:+20,committed,greedy,14,won,58,58,,0,0,0,goblin:conquered:33 orc:conquered:42 archmage:conquered:50 dwarf:conquered:58,1,21,17,0,2,0,82,7,14678.8,13706.8,16741.3,0.783,5,1,0,6,0
ascendancyRatio:+20,committed,greedy,15,active,71,,,0,0,0,goblin:conquered:50 archmage:conquered:63,4,35,26,1,3,1,117,11,13293.2,12872,16741.3,0.797,6,2,2,24,0
ascendancyRatio:+20,committed,greedy,16,won,67,67,,0,0,0,dwarf:conquered:40 archmage:conquered:51 orc:conquered:59 goblin:conquered:67,3,29,22,0,2,0,82,5,14249.8,13596.7,16741.3,0.806,6,2,0,8,0
ascendancyRatio:+20,committed,greedy,17,active,71,,,0,0,0,,8,28,13,2,2,0,134,8,13509.3,13001.4,16741.3,0.805,7,1,0,35,0
ascendancyRatio:+20,committed,greedy,18,active,71,,,0,0,0,,8,26,13,0,2,0,78,3,14194.6,13769.5,16741.3,0.817,6,2,0,36,0
ascendancyRatio:+20,committed,greedy,19,active,71,,,0,0,0,,7,26,13,0,2,0,89,1,14326.5,13812.9,16741.3,0.788,6,3,0,43,0
ascendancyRatio:+20,committed,greedy,20,active,71,,,0,0,0,,6,24,7,0,3,1,119,4,13183.6,12793.6,16741.3,0.789,6,2,0,36,0
ascendancyRatio:+20,committed,greedy,21,active,71,,,0,0,0,,7,24,9,2,2,0,83,6,13700.2,13296,16741.3,0.81,6,1,0,33,0
ascendancyRatio:+20,committed,greedy,22,active,71,,,0,0,0,,7,29,9,2,3,1,143,8,13748.3,13351.7,16741.3,0.8,6,2,0,34,0
ascendancyRatio:+20,committed,greedy,23,active,71,,,0,0,0,,7,25,11,0,2,0,116,1,14428.9,13884.1,16741.3,0.819,6,2,0,35,0
ascendancyRatio:+20,committed,greedy,24,won,61,61,,0,0,0,dwarf:conquered:35 orc:conquered:45 archmage:conquered:53 goblin:conquered:61,3,24,19,0,2,0,86,8,14643.1,13822.2,16741.3,0.805,5,2,0,5,0
ascendancyRatio:+20,committed,greedy,25,active,71,,,0,0,0,,7,29,7,0,2,0,108,5,13356.9,12964.5,16741.3,0.793,6,3,0,23,0
ascendancyRatio:+20,committed,greedy,26,active,71,,,0,0,0,,4,24,11,0,2,0,100,2,13930.3,13374.1,16741.3,0.773,6,1,0,35,0
ascendancyRatio:+20,committed,greedy,27,won,66,66,,0,0,0,goblin:conquered:36 archmage:conquered:50 orc:conquered:58 dwarf:conquered:66,2,31,27,0,2,0,88,6,14893.8,13986.1,16741.3,0.813,6,1,0,15,0
ascendancyRatio:+20,committed,greedy,28,active,71,,,0,0,0,archmage:conquered:66,5,43,38,2,2,0,99,10,13504.8,12984.3,16741.3,0.787,6,2,0,20,0
ascendancyRatio:+20,committed,greedy,29,won,63,63,,0,0,0,goblin:conquered:39 archmage:conquered:47 orc:conquered:55 dwarf:conquered:63,2,29,26,0,2,0,83,5,15374.1,14311.4,16741.3,0.804,5,1,0,5,0
ascendancyRatio:+20,committed,greedy,30,active,71,,,0,0,0,goblin:conquered:39 archmage:conquered:58 orc:conquered:66,3,33,27,0,2,0,94,6,14575.5,13876.6,16741.3,0.841,7,2,0,16,0
ascendancyRatio:+20,steadfast,greedy,1,won,66,66,,0,0,0,archmage:conquered:42 orc:conquered:50 goblin:conquered:58 dwarf:conquered:66,3,31,27,0,2,0,88,4,16730.5,15696.3,16741.3,0.877,8,10,0,3,0
ascendancyRatio:+20,steadfast,greedy,2,won,63,63,,0,0,0,archmage:conquered:39 orc:conquered:47 dwarf:conquered:55 goblin:conquered:63,4,29,24,0,2,0,85,4,17433.3,16265.6,16741.3,0.867,7,2,0,7,0
ascendancyRatio:+20,steadfast,greedy,3,won,54,54,,0,0,0,archmage:conquered:30 goblin:conquered:38 orc:conquered:46 dwarf:conquered:54,4,27,25,0,2,0,73,5,20624.1,18732.2,16741.3,0.931,7,1,0,4,0
ascendancyRatio:+20,steadfast,greedy,4,won,60,60,,0,0,0,archmage:conquered:36 orc:conquered:44 goblin:conquered:52 dwarf:conquered:60,4,29,25,0,2,0,77,2,17270.2,16010.8,16741.3,0.841,7,1,0,2,0
ascendancyRatio:+20,steadfast,greedy,5,won,57,57,,0,0,0,archmage:conquered:33 orc:conquered:41 goblin:conquered:49 dwarf:conquered:57,3,26,22,0,2,0,80,3,18424.1,17064.3,16741.3,0.885,7,1,0,5,0
ascendancyRatio:+20,steadfast,greedy,6,won,48,48,,0,0,0,goblin:conquered:24 archmage:conquered:32 orc:conquered:40 dwarf:conquered:48,2,21,20,0,3,1,70,2,19122.7,17410.6,16741.3,0.87,7,2,0,4,0
ascendancyRatio:+20,steadfast,greedy,7,won,46,46,,0,0,0,goblin:conquered:21 archmage:conquered:30 orc:conquered:38 dwarf:conquered:46,2,23,22,0,2,0,72,4,19172,17479.3,15969.3,0.913,5,2,0,5,0
ascendancyRatio:+20,steadfast,greedy,8,won,55,55,,0,0,0,archmage:conquered:31 goblin:conquered:39 orc:conquered:47 dwarf:conquered:55,4,25,22,0,2,0,70,1,19805,18093.6,16741.3,0.901,6,1,0,3,0
ascendancyRatio:+20,steadfast,greedy,9,won,49,49,,0,0,0,goblin:conquered:23 archmage:conquered:33 orc:conquered:41 dwarf:conquered:49,2,22,20,0,3,1,84,7,18052.8,16584.5,16741.3,0.859,6,2,0,3,0
ascendancyRatio:+20,steadfast,greedy,10,active,71,,,0,0,0,orc:conquered:27,3,18,17,0,2,0,75,7,20064.8,18280.9,16741.3,0.907,9,2,0,4,0
ascendancyRatio:+20,steadfast,greedy,11,won,61,61,,0,0,0,archmage:conquered:37 orc:conquered:45 goblin:conquered:53 dwarf:conquered:61,4,30,28,0,2,0,80,5,18899.8,17454.3,16741.3,0.875,7,1,0,4,0
ascendancyRatio:+20,steadfast,greedy,12,won,55,55,,0,0,0,archmage:conquered:30 goblin:conquered:38 orc:conquered:47 dwarf:conquered:55,4,28,27,0,2,0,73,5,20393.7,18539,16741.3,0.917,7,2,0,4,0
ascendancyRatio:+20,steadfast,greedy,13,won,57,57,,0,0,0,archmage:conquered:33 goblin:conquered:41 orc:conquered:49 dwarf:conquered:57,4,27,24,0,2,0,80,4,19504.9,17916.7,16741.3,0.915,7,11,0,4,0
ascendancyRatio:+20,steadfast,greedy,14,won,50,50,,0,0,0,goblin:conquered:25 archmage:conquered:34 orc:conquered:42 dwarf:conquered:50,2,21,19,0,2,0,73,4,18721.2,17064.5,16741.3,0.869,6,1,0,3,0
ascendancyRatio:+20,steadfast,greedy,15,won,57,57,,0,0,0,orc:conquered:33 goblin:conquered:41 archmage:conquered:49 dwarf:conquered:57,5,24,22,0,3,1,75,8,19182.9,17523.1,16741.3,0.869,7,2,0,5,0
ascendancyRatio:+20,steadfast,greedy,16,won,60,60,,0,0,0,archmage:conquered:36 goblin:conquered:44 orc:conquered:52 dwarf:conquered:60,4,25,22,0,2,0,77,3,18928.8,17415.1,16741.3,0.896,7,2,0,6,0
ascendancyRatio:+20,steadfast,greedy,17,won,46,46,,0,0,0,goblin:conquered:21 archmage:conquered:30 orc:conquered:38 dwarf:conquered:46,2,21,20,0,2,0,71,3,17670.2,16149.2,15969.3,0.88,5,1,0,3,0
ascendancyRatio:+20,steadfast,greedy,18,won,46,46,,0,0,0,archmage:conquered:22 orc:conquered:30 goblin:conquered:38 dwarf:conquered:46,2,23,20,0,2,0,77,5,18935.3,17252.9,15969.3,0.896,6,2,0,6,0
ascendancyRatio:+20,steadfast,greedy,19,won,51,51,,0,0,0,archmage:conquered:27 orc:conquered:35 goblin:conquered:43 dwarf:conquered:51,3,24,22,0,2,0,70,1,20190.6,18347.8,16741.3,0.907,6,3,0,4,0
ascendancyRatio:+20,steadfast,greedy,20,won,48,48,,0,0,0,goblin:conquered:24 archmage:conquered:32 orc:conquered:40 dwarf:conquered:48,4,23,21,0,2,0,70,2,19188.7,17496,16741.3,0.88,5,1,0,3,0
ascendancyRatio:+20,steadfast,greedy,21,won,48,48,,0,0,0,goblin:conquered:24 archmage:conquered:32 orc:conquered:40 dwarf:conquered:48,3,22,20,0,2,0,68,1,19497.2,17722.6,16741.3,0.906,6,1,0,3,0
ascendancyRatio:+20,steadfast,greedy,22,won,48,48,,0,0,0,goblin:conquered:23 archmage:conquered:32 orc:conquered:40 dwarf:conquered:48,3,24,23,0,2,0,74,6,19615.4,17809.1,16741.3,0.903,6,2,0,4,0
ascendancyRatio:+20,steadfast,greedy,23,won,48,48,,0,0,0,archmage:conquered:23 orc:conquered:32 goblin:conquered:40 dwarf:conquered:48,2,20,18,0,2,0,71,1,20243.6,18427.3,16741.3,0.918,6,2,0,2,0
ascendancyRatio:+20,steadfast,greedy,24,won,49,49,,0,0,0,archmage:conquered:25 goblin:conquered:33 orc:conquered:41 dwarf:conquered:49,3,26,25,0,2,0,68,0,19508.6,17764.9,16741.3,0.88,6,2,0,4,0
ascendancyRatio:+20,steadfast,greedy,25,won,52,52,,0,0,0,archmage:conquered:27 orc:conquered:36 goblin:conquered:44 dwarf:conquered:52,3,22,21,0,2,0,70,3,18310.2,16696.9,16741.3,0.861,6,2,0,4,0
ascendancyRatio:+20,steadfast,greedy,26,won,69,69,,0,0,0,archmage:conquered:45 orc:conquered:53 goblin:conquered:61 dwarf:conquered:69,4,35,31,0,2,0,85,2,17412,16272.2,16741.3,0.868,8,1,0,5,0
ascendancyRatio:+20,steadfast,greedy,27,won,46,46,,0,0,0,archmage:conquered:22 goblin:conquered:30 orc:conquered:38 dwarf:conquered:46,2,22,20,0,2,0,76,5,17716.9,16168.5,15969.3,0.877,5,1,0,4,0
ascendancyRatio:+20,steadfast,greedy,28,won,58,58,,0,0,0,goblin:conquered:34 archmage:conquered:42 orc:conquered:50 dwarf:conquered:58,3,29,26,0,2,0,74,3,18469.8,16959.9,16741.3,0.883,8,2,0,4,0
ascendancyRatio:+20,steadfast,greedy,29,won,63,63,,0,0,0,archmage:conquered:38 orc:conquered:47 goblin:conquered:55 dwarf:conquered:63,4,32,27,0,2,0,84,5,18336.8,16977.6,16741.3,0.903,8,1,0,6,0
ascendancyRatio:+20,steadfast,greedy,30,won,46,46,,0,0,0,archmage:conquered:21 orc:conquered:30 goblin:conquered:38 dwarf:conquered:46,3,24,23,0,2,0,73,2,19358.9,17631.9,15969.3,0.928,5,2,0,4,0
base,casual,greedy,1,fallen,41,,42,1,0,1,,0,7,0,1,5,3,5,3,5752.1,5639.1,14039.3,0.483,1,17,4,0,0
base,casual,greedy,2,fallen,41,,42,1,0,1,,0,7,0,0,3,1,3,1,5517.8,5409.8,14039.3,0.453,1,34,4,0,0
base,casual,greedy,3,fallen,41,,42,1,0,1,,0,7,0,2,3,1,3,1,6170.6,6049.6,14039.3,0.524,1,3,4,0,0
base,casual,greedy,4,fallen,41,,42,1,0,1,,0,7,0,1,5,3,5,3,5790.5,5677.5,14039.3,0.497,1,15,4,0,0
base,casual,greedy,5,fallen,41,,42,1,0,1,,0,7,0,1,6,4,6,4,6183.2,6061.9,14039.3,0.521,1,1,4,0,0
base,casual,greedy,6,fallen,41,,42,1,0,1,,0,7,0,0,3,1,3,1,5528.4,5420.3,14039.3,0.47,1,,4,0,0
base,casual,greedy,7,fallen,41,,42,1,0,1,,0,7,0,3,3,1,3,1,6333.6,6208.9,14039.3,0.52,1,2,4,0,0
base,casual,greedy,8,fallen,41,,42,1,0,1,,0,7,0,1,6,4,6,4,5687.6,5576,14039.3,0.48,1,1,4,0,0
base,casual,greedy,9,fallen,41,,42,1,0,1,,0,7,0,0,4,2,4,2,5741,5628.4,14039.3,0.471,1,2,4,0,0
base,casual,greedy,10,fallen,41,,42,1,0,1,,0,7,0,0,3,1,3,1,6168.2,6047.4,14039.3,0.524,1,2,4,0,0
base,casual,greedy,11,fallen,41,,42,1,0,1,,0,7,0,0,5,4,6,4,5730.8,5618,14039.3,0.495,1,3,4,0,0
base,casual,greedy,12,fallen,41,,42,1,0,1,,0,7,0,1,5,3,5,3,6189.7,6068.6,14039.3,0.529,1,2,4,0,0
base,casual,greedy,13,fallen,41,,42,1,0,1,,0,7,0,1,3,1,3,1,6486.7,6359.8,14039.3,0.534,1,24,4,0,0
base,casual,greedy,14,fallen,41,,42,1,0,1,,0,7,0,0,6,4,6,4,5927.8,5811.5,14039.3,0.506,1,9,4,0,0
base,casual,greedy,15,fallen,41,,42,1,0,1,,0,7,0,1,4,2,4,2,6174.6,6053.5,14039.3,0.549,1,2,4,0,0
base,casual,greedy,16,fallen,41,,42,1,0,1,,0,7,0,2,2,0,2,0,5953.6,5836.5,14039.3,0.51,1,2,4,0,0
base,casual,greedy,17,fallen,41,,42,1,0,1,,0,7,0,0,4,3,6,4,5655.4,5544.6,14039.3,0.481,1,2,4,0,0
base,casual,greedy,18,fallen,41,,42,1,0,1,,0,7,0,0,2,0,2,0,6132.3,6012.2,14039.3,0.507,1,2,4,0,0
base,casual,greedy,19,fallen,41,,42,1,0,1,,0,7,0,0,6,5,7,5,5815.4,5701.5,14039.3,0.478,1,3,4,0,0
base,casual,greedy,20,fallen,41,,42,1,0,1,,0,7,0,0,3,1,3,1,5849,5734.4,14039.3,0.49,1,2,4,0,0
base,casual,greedy,21,fallen,41,,42,1,0,1,,0,7,0,0,3,1,3,1,5916.1,5800,14039.3,0.49,1,1,4,0,0
base,casual,greedy,22,fallen,41,,42,1,0,1,,0,7,0,1,4,2,4,2,5731.2,5619,14039.3,0.489,1,2,4,0,0
base,casual,greedy,23,fallen,41,,42,1,0,1,,0,7,0,1,4,2,4,2,6169.7,6048.6,14039.3,0.513,1,2,4,0,0
base,casual,greedy,24,fallen,41,,42,1,0,1,,0,7,0,0,3,1,3,1,5890.4,5775.1,14039.3,0.488,1,2,4,0,0
base,casual,greedy,25,fallen,41,,42,1,0,1,,0,7,0,0,2,0,2,0,5840.6,5726.1,14039.3,0.49,1,3,4,0,0
base,casual,greedy,26,fallen,41,,42,1,0,1,,0,7,0,0,3,1,3,1,5725.5,5613.2,14039.3,0.454,1,39,4,0,0
base,casual,greedy,27,fallen,41,,42,1,0,1,,0,7,0,0,5,3,5,3,6024.8,5906.7,14039.3,0.494,1,2,4,0,0
base,casual,greedy,28,fallen,41,,42,1,0,1,,0,7,0,2,6,4,6,4,5390,5284.4,14039.3,0.466,1,,6,0,0
base,casual,greedy,29,fallen,41,,42,1,0,1,,0,7,0,1,4,2,4,2,5984.9,5867.6,14039.3,0.495,1,2,4,0,0
base,casual,greedy,30,fallen,41,,42,1,0,1,,0,7,0,1,5,3,5,3,6102.2,5982.7,14039.3,0.511,1,3,4,0,0
base,casual,greedy,31,fallen,41,,42,1,0,1,,0,7,0,0,4,2,4,2,5968,5851.3,14039.3,0.514,1,3,4,0,0
base,casual,greedy,32,fallen,41,,42,1,0,1,,0,7,0,1,6,4,6,4,5488.7,5381.1,14039.3,0.48,1,2,4,0,0
base,casual,greedy,33,fallen,41,,42,1,0,1,,0,7,0,1,3,1,3,1,6045,5926.5,14039.3,0.502,1,2,4,0,0
base,casual,greedy,34,fallen,41,,42,1,0,1,,0,7,0,1,5,3,5,3,6187.3,6065.7,14039.3,0.525,1,10,4,0,0
base,casual,greedy,35,fallen,41,,42,1,0,1,,0,7,0,2,4,2,4,2,5859,5744.3,14039.3,0.507,1,21,4,0,0
base,casual,greedy,36,fallen,41,,42,1,0,1,,0,7,0,0,5,3,5,3,6253,6130.2,14039.3,0.524,1,2,4,0,0
base,casual,greedy,37,fallen,41,,42,1,0,1,,0,7,0,0,3,1,3,1,5764,5651.2,14039.3,0.487,1,2,4,0,0
base,casual,greedy,38,fallen,41,,42,1,0,1,,0,7,0,0,7,5,7,5,5337.5,5232.8,14039.3,0.456,1,7,6,0,0
base,casual,greedy,39,fallen,41,,42,1,0,1,,0,7,0,0,5,3,5,3,5921.1,5805.2,14039.3,0.499,1,2,4,0,0
base,casual,greedy,40,fallen,41,,42,1,0,1,,0,7,0,0,4,2,4,2,5796.8,5683,14039.3,0.494,1,3,4,0,0
base,casual,greedy,41,fallen,41,,42,1,0,1,,0,7,0,0,3,2,6,4,5875.4,5760.4,14039.3,0.497,1,2,4,0,0
base,casual,greedy,42,fallen,41,,42,1,0,1,,0,7,0,0,5,3,5,3,5913.1,5797.3,14039.3,0.484,1,1,4,0,0
base,casual,greedy,43,fallen,41,,42,1,0,1,,0,7,0,1,4,2,4,2,6287.6,6164.5,14039.3,0.527,1,4,4,0,0
base,casual,greedy,44,fallen,41,,42,1,0,1,,0,7,0,0,6,4,6,4,5649.3,5538.6,14039.3,0.48,1,14,4,0,0
base,casual,greedy,45,fallen,41,,42,1,0,1,,0,7,0,0,3,2,8,6,5451.8,5344.8,14039.3,0.467,1,,4,0,0
base,casual,greedy,46,fallen,41,,42,1,0,1,,0,7,0,1,4,2,4,2,5816.4,5702.2,14039.3,0.491,1,,4,0,0
base,casual,greedy,47,fallen,41,,42,1,0,1,,0,7,0,0,6,4,6,4,5888.7,5773.3,14039.3,0.498,1,9,4,0,0
base,casual,greedy,48,fallen,41,,42,1,0,1,,0,7,0,0,4,3,6,4,5860.2,5745.2,14039.3,0.49,1,2,4,0,0
base,casual,greedy,49,fallen,41,,42,1,0,1,,0,7,0,1,3,1,3,1,6401.8,6276.5,14039.3,0.545,1,2,4,0,0
base,casual,greedy,50,fallen,41,,42,1,0,1,,0,7,0,0,3,1,3,1,6202.4,6080.8,14039.3,0.527,1,2,4,0,0
base,casual,greedy,51,fallen,41,,42,1,0,1,,0,7,0,2,4,2,4,2,5721.6,5609.3,14039.3,0.488,1,2,4,0,0
base,casual,greedy,52,fallen,41,,42,1,0,1,,0,7,0,2,5,3,5,3,5439,5332.7,14039.3,0.465,1,2,6,0,0
base,casual,greedy,53,fallen,41,,42,1,0,1,,0,7,0,1,5,3,5,3,5679.7,5568.1,14039.3,0.482,1,10,4,0,0
base,casual,greedy,54,fallen,41,,42,1,0,1,,0,7,0,0,3,1,3,1,5879.3,5764,14039.3,0.507,1,8,4,0,0
base,casual,greedy,55,fallen,41,,42,1,0,1,,0,7,0,0,3,1,3,1,5991.2,5873.9,14039.3,0.502,1,1,4,0,0
base,casual,greedy,56,fallen,41,,42,1,0,1,,0,7,0,1,6,4,6,4,5769.6,5656.5,14039.3,0.483,1,2,4,0,0
base,casual,greedy,57,fallen,41,,42,1,0,1,,0,7,0,0,3,1,3,1,6144.2,6023.7,14039.3,0.522,1,10,4,0,0
base,casual,greedy,58,fallen,41,,42,1,0,1,,0,7,0,0,3,1,3,1,6083.1,5963.9,14039.3,0.524,1,4,4,0,0
base,casual,greedy,59,fallen,41,,42,1,0,1,,0,7,0,1,4,2,4,2,5896.1,5780.4,14039.3,0.492,1,2,4,0,0
base,casual,greedy,60,fallen,41,,42,1,0,1,,0,7,0,1,4,2,4,2,5878.8,5763.8,14039.3,0.486,1,36,4,0,0
base,casual,greedy,61,fallen,41,,42,1,0,1,,0,7,0,2,4,2,4,2,6064.7,5945.5,14039.3,0.496,1,2,4,0,0
base,casual,greedy,62,fallen,41,,42,1,0,1,,0,7,0,0,4,2,4,2,5804.1,5690.2,14039.3,0.492,1,3,4,0,0
base,casual,greedy,63,fallen,41,,42,1,0,1,,0,7,0,0,4,2,4,2,5860.4,5745.4,14039.3,0.505,1,18,4,0,0
base,casual,greedy,64,fallen,41,,42,1,0,1,,0,7,0,0,4,2,4,2,5623.7,5513.5,14039.3,0.479,1,30,4,0,0
base,casual,greedy,65,fallen,41,,42,1,0,1,,0,7,0,0,5,3,5,3,5527.1,5418.6,14039.3,0.483,1,2,4,0,0
base,casual,greedy,66,fallen,41,,42,1,0,1,,0,7,0,0,7,5,7,5,5552.2,5443.4,14039.3,0.474,1,10,4,0,0
base,casual,greedy,67,fallen,41,,42,1,0,1,,0,7,0,2,4,2,4,2,5948.8,5832.1,14039.3,0.485,1,6,4,0,0
base,casual,greedy,68,fallen,41,,42,1,0,1,,0,7,0,0,4,2,4,2,6376.9,6252.1,14039.3,0.543,1,4,4,0,0
base,casual,greedy,69,fallen,41,,42,1,0,1,,0,7,0,0,4,2,4,2,5860.8,5745.6,14039.3,0.491,1,1,4,0,0
base,casual,greedy,70,fallen,41,,42,1,0,1,,0,7,0,2,7,5,7,5,5827.5,5712.9,14039.3,0.496,1,31,4,0,0
base,casual,greedy,71,fallen,41,,42,1,0,1,,0,7,0,0,5,3,5,3,6150.7,6029.8,14039.3,0.524,1,2,4,0,0
base,casual,greedy,72,fallen,41,,42,1,0,1,,0,7,0,0,4,2,4,2,6292.4,6168.9,14039.3,0.514,1,5,4,0,0
base,casual,greedy,73,fallen,41,,42,1,0,1,,0,7,0,0,4,2,4,2,6125.5,6005.2,14039.3,0.521,1,16,4,0,0
base,casual,greedy,74,fallen,41,,42,1,0,1,,0,7,0,0,3,1,3,1,6025.7,5907.7,14039.3,0.516,1,2,4,0,0
base,casual,greedy,75,fallen,41,,42,1,0,1,,0,7,0,1,3,2,6,4,5483.3,5375.8,14039.3,0.463,1,2,4,0,0
base,casual,greedy,76,fallen,41,,42,1,0,1,,0,7,0,1,6,4,6,4,6190.4,6069.2,14039.3,0.507,1,6,4,0,0
base,casual,greedy,77,fallen,41,,42,1,0,1,,0,7,0,2,8,6,8,6,5957.7,5841.2,14039.3,0.49,1,2,4,0,0
base,casual,greedy,78,fallen,41,,42,1,0,1,,0,7,0,0,5,3,5,3,6509.1,6381.5,14039.3,0.561,1,,4,0,0
base,casual,greedy,79,fallen,41,,42,1,0,1,,0,7,0,0,4,2,4,2,6138.3,6017.9,14039.3,0.522,1,2,4,0,0
base,casual,greedy,80,fallen,41,,42,1,0,1,,0,7,0,2,5,3,5,3,5788.6,5675,14039.3,0.508,1,25,4,0,0
base,casual,greedy,81,fallen,41,,42,1,0,1,,0,7,0,2,3,1,3,1,5880.3,5764.5,14039.3,0.499,1,2,4,0,0
base,casual,greedy,82,fallen,41,,42,1,0,1,,0,7,0,0,5,3,5,3,5865.9,5750.8,14039.3,0.491,1,21,4,0,0
base,casual,greedy,83,fallen,41,,42,1,0,1,,0,7,0,1,4,2,4,2,6007.8,5889.6,14039.3,0.499,1,2,4,0,0
base,casual,greedy,84,fallen,41,,42,1,0,1,,0,7,0,0,3,1,3,1,5517.9,5409.9,14039.3,0.46,1,1,4,0,0
base,casual,greedy,85,fallen,41,,42,1,0,1,,0,7,0,0,4,3,7,5,5665.7,5554.5,14039.3,0.491,1,18,4,0,0
base,casual,greedy,86,fallen,41,,42,1,0,1,,0,7,0,0,2,0,2,0,5929.3,5812.9,14039.3,0.502,1,31,4,0,0
base,casual,greedy,87,fallen,41,,42,1,0,1,,0,7,0,0,1,1,4,2,5925,5808.6,14039.3,0.488,1,15,4,0,0
base,casual,greedy,88,fallen,41,,42,1,0,1,,0,7,0,0,3,1,3,1,5613.6,5503.5,14039.3,0.482,1,1,4,0,0
base,casual,greedy,89,fallen,41,,42,1,0,1,,0,7,0,0,3,1,3,1,5953.5,5836.8,14039.3,0.504,1,,4,0,0
base,casual,greedy,90,fallen,41,,42,1,0,1,,0,7,0,0,3,2,5,3,5487.3,5379.5,14039.3,0.47,1,27,6,0,0
base,casual,greedy,91,fallen,41,,42,1,0,1,,0,7,0,0,4,3,6,4,5834.5,5720.2,14039.3,0.483,1,23,4,0,0
base,casual,greedy,92,fallen,41,,42,1,0,1,,0,7,0,1,4,2,4,2,5978.9,5861.8,14039.3,0.491,1,3,4,0,0
base,casual,greedy,93,fallen,41,,42,1,0,1,,0,7,0,0,7,5,7,5,5839.2,5724.6,14039.3,0.499,1,2,4,0,0
base,casual,greedy,94,fallen,41,,42,1,0,1,,0,7,0,2,4,3,6,4,5982.8,5865.3,14039.3,0.49,1,4,4,0,0
base,casual,greedy,95,fallen,41,,42,1,0,1,,0,7,0,1,3,1,3,1,5993.8,5876.4,14039.3,0.488,1,2,4,0,0
base,casual,greedy,96,fallen,41,,42,1,0,1,,0,7,0,0,4,3,8,6,6024.2,5906.2,14039.3,0.501,1,2,4,0,0
base,casual,greedy,97,fallen,41,,42,1,0,1,,0,7,0,1,6,4,6,4,5779.6,5666.3,14039.3,0.486,1,1,4,0,0
base,casual,greedy,98,fallen,41,,42,1,0,1,,0,7,0,0,7,5,7,5,5865.3,5750.5,14039.3,0.475,1,5,4,0,0
base,casual,greedy,99,fallen,41,,42,1,0,1,,0,7,0,0,5,3,5,3,5710.8,5598.8,14039.3,0.473,1,15,4,0,0
base,casual,greedy,100,fallen,41,,42,1,0,1,,0,7,0,4,2,2,7,5,5678.3,5567.2,14039.3,0.454,1,10,4,0,0
base,casual,greedy,101,fallen,41,,42,1,0,1,,0,7,0,0,7,6,8,6,5957.5,5841,14039.3,0.497,1,20,4,0,0
base,casual,greedy,102,fallen,41,,42,1,0,1,,0,7,0,1,4,2,4,2,5959.7,5843,14039.3,0.5,1,1,4,0,0
base,casual,greedy,103,fallen,41,,42,1,0,1,,0,7,0,2,5,3,5,3,5614.4,5504.3,14039.3,0.474,1,2,4,0,0
base,casual,greedy,104,fallen,41,,42,1,0,1,,0,7,0,0,4,2,4,2,6203.8,6082.3,14039.3,0.523,1,3,4,0,0
base,casual,greedy,105,fallen,41,,42,1,0,1,,0,7,0,1,5,3,5,3,5611,5500.8,14039.3,0.474,1,7,6,0,0
base,casual,greedy,106,fallen,41,,42,1,0,1,,0,7,0,0,6,4,6,4,5954.8,5837.9,14039.3,0.49,1,9,4,0,0
base,casual,greedy,107,fallen,41,,42,1,0,1,,0,7,0,0,2,0,2,0,6272.4,6149.6,14039.3,0.541,1,2,4,0,0
base,casual,greedy,108,fallen,41,,42,1,0,1,,0,7,0,0,6,4,6,4,5898.4,5782.5,14039.3,0.493,1,9,4,0,0
base,casual,greedy,109,fallen,41,,42,1,0,1,,0,7,0,0,5,3,5,3,5393.9,5288.4,14039.3,0.448,1,10,4,0,0
base,casual,greedy,110,fallen,41,,42,1,0,1,,0,7,0,0,6,5,9,7,5666.5,5555.4,14039.3,0.483,1,13,4,0,0
base,casual,greedy,111,fallen,41,,42,1,0,1,,0,7,0,0,3,2,5,3,5315.8,5211.7,14039.3,0.45,1,2,4,0,0
base,casual,greedy,112,fallen,41,,42,1,0,1,,0,7,0,0,6,4,6,4,6035.5,5917.5,14039.3,0.52,1,2,4,0,0
base,casual,greedy,113,fallen,41,,42,1,0,1,,0,7,0,0,5,3,5,3,5442.4,5336,14039.3,0.455,1,2,4,0,0
base,casual,greedy,114,fallen,41,,42,1,0,1,,0,7,0,1,4,2,4,2,5892.7,5776.9,14039.3,0.488,1,,4,0,0
base,casual,greedy,115,fallen,41,,42,1,0,1,,0,7,0,2,3,1,3,1,6156,6035.5,14039.3,0.531,1,1,4,0,0
base,casual,greedy,116,fallen,41,,42,1,0,1,,0,7,0,0,5,3,5,3,5777.4,5664.5,14039.3,0.473,1,3,4,0,0
base,casual,greedy,117,fallen,41,,42,1,0,1,,0,7,0,1,9,7,9,7,6249.1,6126.4,14039.3,0.529,1,25,4,0,0
base,casual,greedy,118,fallen,41,,42,1,0,1,,0,7,0,0,3,2,4,2,6043.7,5925.3,14039.3,0.509,1,2,4,0,0
base,casual,greedy,119,fallen,41,,42,1,0,1,,0,7,0,0,5,3,5,3,6129.6,6009.4,14039.3,0.51,1,2,4,0,0
base,casual,greedy,120,fallen,41,,42,1,0,1,,0,7,0,0,4,2,4,2,5827.7,5713.4,14039.3,0.502,1,1,4,0,0
base,casual,greedy,121,fallen,41,,42,1,0,1,,0,7,0,0,6,4,6,4,6216.1,6094.2,14039.3,0.505,1,18,4,0,0
base,casual,greedy,122,fallen,41,,42,1,0,1,,0,7,0,0,6,4,6,4,5809.6,5695.6,14039.3,0.486,1,20,4,0,0
base,casual,greedy,123,fallen,41,,42,1,0,1,,0,7,0,0,4,2,4,2,5655.2,5544.2,14039.3,0.475,1,6,4,0,0
base,casual,greedy,124,fallen,41,,42,1,0,1,,0,7,0,1,3,1,3,1,5830.1,5715.8,14039.3,0.499,1,2,4,0,0
base,casual,greedy,125,fallen,41,,42,1,0,1,,0,7,0,0,2,0,2,0,6076.8,5958,14039.3,0.522,1,1,4,0,0
base,casual,greedy,126,fallen,41,,42,1,0,1,,0,7,0,0,4,2,4,2,5635.3,5524.7,14039.3,0.479,1,37,4,0,0
base,casual,greedy,127,fallen,41,,42,1,0,1,,0,7,0,0,5,3,5,3,6428.6,6302.3,14039.3,0.53,1,19,4,0,0
base,casual,greedy,128,fallen,41,,42,1,0,1,,0,7,0,1,4,2,4,2,6133.7,6013.5,14039.3,0.522,1,3,4,0,0
base,casual,greedy,129,fallen,41,,42,1,0,1,,0,7,0,0,4,2,4,2,5878.7,5763.4,14039.3,0.493,1,2,4,0,0
base,casual,greedy,130,fallen,41,,42,1,0,1,,0,7,0,1,6,4,6,4,6141.7,6021.4,14039.3,0.514,1,2,4,0,0
base,casual,greedy,131,fallen,41,,42,1,0,1,,0,7,0,0,6,4,6,4,6196.6,6075,14039.3,0.505,1,19,4,0,0
base,casual,greedy,132,fallen,41,,42,1,0,1,,0,7,0,1,6,4,6,4,6028.3,5909.7,14039.3,0.509,1,2,4,0,0
base,casual,greedy,133,fallen,41,,42,1,0,1,,0,7,0,0,3,1,3,1,6240,6117.9,14039.3,0.514,1,2,4,0,0
base,casual,greedy,134,fallen,41,,42,1,0,1,,0,7,0,1,4,2,4,2,6004.6,5887,14039.3,0.501,1,15,4,0,0
base,casual,greedy,135,fallen,41,,42,1,0,1,,0,7,0,2,3,1,3,1,6010.7,5893,14039.3,0.506,1,2,4,0,0
base,casual,greedy,136,fallen,41,,42,1,0,1,,0,7,0,0,3,2,5,3,6180.4,6059.4,14039.3,0.496,1,,4,0,0
base,casual,greedy,137,fallen,41,,42,1,0,1,,0,7,0,0,4,2,4,2,6012.6,5894.4,14039.3,0.502,1,2,4,0,0
base,casual,greedy,138,fallen,41,,42,1,0,1,,0,7,0,0,4,2,4,2,5757.1,5644.1,14039.3,0.49,1,2,4,0,0
base,casual,greedy,139,fallen,41,,42,1,0,1,,0,7,0,2,4,2,4,2,6400.4,6275,14039.3,0.534,1,3,4,0,0
base,casual,greedy,140,fallen,41,,42,1,0,1,,0,7,0,1,6,4,6,4,6240.4,6118.3,14039.3,0.518,1,4,4,0,0
base,casual,greedy,141,fallen,41,,42,1,0,1,,0,7,0,0,4,2,4,2,6597.4,6468.2,14039.3,0.537,1,3,4,0,0
base,casual,greedy,142,fallen,41,,42,1,0,1,,0,7,0,0,4,2,4,2,5864.3,5749.4,14039.3,0.475,1,2,4,0,0
base,casual,greedy,143,fallen,41,,42,1,0,1,,0,7,0,0,3,2,4,2,5732.7,5620.3,14039.3,0.496,1,2,4,0,0
base,casual,greedy,144,fallen,41,,42,1,0,1,,0,7,0,1,3,1,3,1,6121,6001.1,14039.3,0.508,1,27,4,0,0
base,casual,greedy,145,fallen,41,,42,1,0,1,,0,7,0,1,4,2,4,2,6273.5,6150.7,14039.3,0.519,1,7,4,0,0
base,casual,greedy,146,fallen,41,,42,1,0,1,,0,7,0,2,5,3,5,3,5465.3,5358.3,14039.3,0.466,1,4,4,0,0
base,casual,greedy,147,fallen,41,,42,1,0,1,,0,7,0,0,4,2,4,2,6119.8,5999.8,14039.3,0.514,1,3,4,0,0
base,casual,greedy,148,fallen,41,,42,1,0,1,,0,7,0,0,5,3,5,3,5823.6,5709.2,14039.3,0.493,1,8,4,0,0
base,casual,greedy,149,fallen,41,,42,1,0,1,,0,7,0,0,5,3,5,3,5741.9,5629.4,14039.3,0.479,1,1,4,0,0
base,casual,greedy,150,fallen,41,,42,1,0,1,,0,7,0,0,1,1,7,5,5985,5867.8,14039.3,0.496,1,29,4,0,0
base,casual,greedy,151,fallen,41,,42,1,0,1,,0,7,0,0,5,3,5,3,6126,6005.9,14039.3,0.513,1,2,4,0,0
base,casual,greedy,152,fallen,41,,42,1,0,1,,0,7,0,1,3,1,3,1,5938.7,5822.4,14039.3,0.503,1,2,4,0,0
base,casual,greedy,153,fallen,41,,42,1,0,1,,0,7,0,0,5,3,5,3,6185.8,6064.5,14039.3,0.516,1,2,4,0,0
base,casual,greedy,154,fallen,41,,42,1,0,1,,0,7,0,0,4,2,4,2,6005.5,5887.9,14039.3,0.508,1,2,4,0,0
base,casual,greedy,155,fallen,41,,42,1,0,1,,0,7,0,0,4,2,4,2,5884.1,5769,14039.3,0.488,1,4,4,0,0
base,casual,greedy,156,fallen,41,,42,1,0,1,,0,7,0,0,7,5,7,5,5943,5826.2,14039.3,0.504,1,4,4,0,0
base,casual,greedy,157,fallen,41,,42,1,0,1,,0,7,0,1,3,1,3,1,6131.3,6010.8,14039.3,0.514,1,17,4,0,0
base,casual,greedy,158,fallen,41,,42,1,0,1,,0,7,0,0,3,1,3,1,5785.9,5672.6,14039.3,0.477,1,,4,0,0
base,casual,greedy,159,fallen,41,,42,1,0,1,,0,7,0,1,4,2,4,2,5624.8,5514.5,14039.3,0.474,1,1,4,0,0
base,casual,greedy,160,fallen,41,,42,1,0,1,,0,7,0,0,4,2,4,2,5651,5540.1,14039.3,0.485,1,5,4,0,0
base,casual,greedy,161,fallen,41,,42,1,0,1,,0,7,0,0,2,2,5,3,5826.1,5711.8,14039.3,0.475,1,16,4,0,0
base,casual,greedy,162,fallen,41,,42,1,0,1,,0,7,0,0,3,1,3,1,6445.7,6319.3,14039.3,0.559,1,2,4,0,0
base,casual,greedy,163,fallen,41,,42,1,0,1,,0,7,0,1,6,4,6,4,5790.1,5676.5,14039.3,0.484,1,17,4,0,0
base,casual,greedy,164,fallen,41,,42,1,0,1,,0,7,0,1,6,4,6,4,6066.7,5947.8,14039.3,0.514,1,2,4,0,0
base,casual,greedy,165,fallen,41,,42,1,0,1,,0,7,0,1,3,1,3,1,5790.4,5676.9,14039.3,0.491,1,2,4,0,0
base,casual,greedy,166,fallen,41,,42,1,0,1,,0,7,0,0,4,2,4,2,5975.5,5858.1,14039.3,0.507,1,2,4,0,0
base,casual,greedy,167,fallen,41,,42,1,0,1,,0,7,0,1,6,4,6,4,5719,5607.1,14039.3,0.485,1,5,4,0,0
base,casual,greedy,168,fallen,41,,42,1,0,1,,0,7,0,2,4,2,4,2,6142.2,6021.9,14039.3,0.515,1,4,4,0,0
base,casual,greedy,169,fallen,41,,42,1,0,1,,0,7,0,1,2,0,2,0,5517.6,5409.6,14039.3,0.473,1,17,4,0,0
base,casual,greedy,170,fallen,41,,42,1,0,1,,0,7,0,0,3,2,5,3,6372.9,6247.7,14039.3,0.532,1,16,4,0,0
base,casual,greedy,171,fallen,41,,42,1,0,1,,0,7,0,1,7,5,7,5,5968,5850.8,14039.3,0.508,1,4,4,0,0
base,casual,greedy,172,fallen,41,,42,1,0,1,,0,7,0,1,5,3,5,3,6379.2,6254,14039.3,0.534,1,2,4,0,0
base,casual,greedy,173,fallen,41,,42,1,0,1,,0,7,0,1,4,3,6,4,5505.2,5397.4,14039.3,0.464,1,38,4,0,0
base,casual,greedy,174,fallen,41,,42,1,0,1,,0,7,0,0,3,1,3,1,5430.5,5324.2,14039.3,0.455,1,20,5,0,0
base,casual,greedy,175,fallen,41,,42,1,0,1,,0,7,0,1,5,3,5,3,5676.5,5564.8,14039.3,0.492,1,1,4,0,0
base,casual,greedy,176,fallen,41,,42,1,0,1,,0,7,0,0,4,2,4,2,5853.8,5738.8,14039.3,0.486,1,30,4,0,0
base,casual,greedy,177,fallen,41,,42,1,0,1,,0,7,0,1,3,1,3,1,5460.8,5353.3,14039.3,0.452,1,15,4,0,0
base,casual,greedy,178,fallen,41,,42,1,0,1,,0,7,0,3,5,3,5,3,5877.6,5762.4,14039.3,0.504,1,5,4,0,0
base,casual,greedy,179,fallen,41,,42,1,0,1,,0,7,0,0,3,1,3,1,6489.6,6362.6,14039.3,0.523,1,21,4,0,0
base,casual,greedy,180,fallen,41,,42,1,0,1,,0,7,0,2,8,6,8,6,6091.8,5972.7,14039.3,0.511,1,1,4,0,0
base,casual,greedy,181,fallen,41,,42,1,0,1,,0,7,0,0,6,4,6,4,5732,5619.5,14039.3,0.478,1,2,4,0,0
base,casual,greedy,182,fallen,41,,42,1,0,1,,0,7,0,1,3,2,5,3,6116.7,5996.8,14039.3,0.526,1,33,4,0,0
base,casual,greedy,183,fallen,41,,42,1,0,1,,0,7,0,0,5,3,5,3,5765.2,5652.2,14039.3,0.488,1,2,4,0,0
base,casual,greedy,184,fallen,41,,42,1,0,1,,0,7,0,0,3,1,3,1,5649.3,5538.6,14039.3,0.487,1,3,4,0,0
base,casual,greedy,185,fallen,41,,42,1,0,1,,0,7,0,0,5,3,5,3,6014.9,5896.9,14039.3,0.499,1,,4,0,0
base,casual,greedy,186,fallen,41,,42,1,0,1,,0,7,0,1,4,2,4,2,6049.3,5930.5,14039.3,0.514,1,15,4,0,0
base,casual,greedy,187,fallen,41,,42,1,0,1,,0,7,0,0,3,1,3,1,6279.6,6156.3,14039.3,0.533,1,2,4,0,0
base,casual,greedy,188,fallen,41,,42,1,0,1,,0,7,0,1,3,1,3,1,5839.1,5724.7,14039.3,0.491,1,4,4,0,0
base,casual,greedy,189,fallen,41,,42,1,0,1,,0,7,0,0,5,3,5,3,6005.5,5887.5,14039.3,0.506,1,2,4,0,0
base,casual,greedy,190,fallen,41,,42,1,0,1,,0,7,0,0,4,2,4,2,6153.1,6032.6,14039.3,0.518,1,6,4,0,0
base,casual,greedy,191,fallen,41,,42,1,0,1,,0,7,0,0,4,2,4,2,6100.9,5981.3,14039.3,0.512,1,14,4,0,0
base,casual,greedy,192,fallen,41,,42,1,0,1,,0,7,0,2,4,2,4,2,5976.6,5859.4,14039.3,0.516,1,3,4,0,0
base,casual,greedy,193,fallen,41,,42,1,0,1,,0,7,0,0,4,2,4,2,6006.2,5888.8,14039.3,0.494,1,26,4,0,0
base,casual,greedy,194,fallen,41,,42,1,0,1,,0,7,0,0,3,1,3,1,5975.1,5857.8,14039.3,0.506,1,2,4,0,0
base,casual,greedy,195,fallen,41,,42,1,0,1,,0,7,0,2,6,4,6,4,6337,6212.7,14039.3,0.528,1,6,4,0,0
base,casual,greedy,196,fallen,41,,42,1,0,1,,0,7,0,1,4,2,4,2,5825.5,5711.3,14039.3,0.482,1,2,4,0,0
base,casual,greedy,197,fallen,41,,42,1,0,1,,0,7,0,0,3,1,3,1,5954.3,5837.8,14039.3,0.496,1,2,4,0,0
base,casual,greedy,198,fallen,41,,42,1,0,1,,0,7,0,0,4,2,4,2,6034.7,5916.2,14039.3,0.508,1,2,4,0,0
base,casual,greedy,199,fallen,41,,42,1,0,1,,0,7,0,1,4,2,4,2,6217.7,6095.7,14039.3,0.529,1,5,4,0,0
base,casual,greedy,200,fallen,41,,42,1,0,1,,0,7,0,1,2,1,4,2,6066.1,5946.6,14039.3,0.504,1,8,4,0,0
base,casual,greedy,201,fallen,41,,42,1,0,1,,0,7,0,1,5,4,7,5,5981.4,5864,14039.3,0.503,1,21,4,0,0
base,casual,greedy,202,fallen,41,,42,1,0,1,,0,7,0,0,6,4,6,4,5923.6,5807,14039.3,0.485,1,9,4,0,0
base,casual,greedy,203,fallen,41,,42,1,0,1,,0,7,0,1,3,1,3,1,5770.2,5656.8,14039.3,0.482,1,2,4,0,0
base,casual,greedy,204,fallen,41,,42,1,0,1,,0,7,0,1,6,5,8,6,6079,5959.9,14039.3,0.485,1,15,4,0,0
base,casual,greedy,205,fallen,41,,42,1,0,1,,0,7,0,0,5,3,5,3,5966.1,5849.5,14039.3,0.517,1,6,4,0,0
base,casual,greedy,206,fallen,41,,42,1,0,1,,0,7,0,3,3,2,5,3,6199.7,6078.1,14039.3,0.513,1,2,4,0,0
base,casual,greedy,207,fallen,41,,42,1,0,1,,0,7,0,1,2,0,2,0,5667.4,5556.4,14039.3,0.481,1,2,4,0,0
base,casual,greedy,208,fallen,41,,42,1,0,1,,0,7,0,0,3,1,3,1,5672.5,5561.1,14039.3,0.484,1,2,4,0,0
base,casual,greedy,209,fallen,41,,42,1,0,1,,0,7,0,0,5,3,5,3,5598.7,5488.9,14039.3,0.47,1,4,6,0,0
base,casual,greedy,210,fallen,41,,42,1,0,1,,0,7,0,0,6,4,6,4,5201.3,5099.1,14039.3,0.439,1,2,4,0,0
base,casual,greedy,211,fallen,41,,42,1,0,1,,0,7,0,0,2,0,2,0,5988.1,5870.6,14039.3,0.499,1,4,4,0,0
base,casual,greedy,212,fallen,41,,42,1,0,1,,0,7,0,0,5,3,5,3,5758.3,5644.9,14039.3,0.501,1,2,4,0,0
base,casual,greedy,213,fallen,41,,42,1,0,1,,0,7,0,0,5,3,5,3,5575.1,5465.8,14039.3,0.479,1,2,4,0,0
base,casual,greedy,214,fallen,41,,42,1,0,1,,0,7,0,0,3,1,3,1,5703.7,5591.8,14039.3,0.478,1,1,6,0,0
base,casual,greedy,215,fallen,41,,42,1,0,1,,0,7,0,4,4,2,4,2,5594.4,5484.3,14039.3,0.475,1,9,4,0,0
base,casual,greedy,216,fallen,41,,42,1,0,1,,0,7,0,1,6,4,6,4,6006.9,5888.7,14039.3,0.513,1,6,4,0,0
base,casual,greedy,217,fallen,41,,42,1,0,1,,0,7,0,1,3,1,3,1,5860.7,5745.6,14039.3,0.495,1,1,4,0,0
base,casual,greedy,218,fallen,41,,42,1,0,1,,0,7,0,0,3,1,3,1,5569.5,5460.3,14039.3,0.468,1,2,4,0,0
base,casual,greedy,219,fallen,41,,42,1,0,1,,0,7,0,0,5,3,5,3,5341.5,5236.5,14039.3,0.45,1,2,4,0,0
base,casual,greedy,220,fallen,41,,42,1,0,1,,0,7,0,0,5,3,5,3,5482.9,5375.6,14039.3,0.484,1,2,4,0,0
base,casual,greedy,221,fallen,41,,42,1,0,1,,0,7,0,0,3,1,3,1,5940.1,5823.7,14039.3,0.494,1,1,4,0,0
base,casual,greedy,222,fallen,41,,42,1,0,1,,0,7,0,2,3,1,3,1,5908.4,5792.4,14039.3,0.498,1,4,4,0,0
base,casual,greedy,223,fallen,41,,42,1,0,1,,0,7,0,2,5,3,5,3,5959.9,5843,14039.3,0.514,1,,4,0,0
base,casual,greedy,224,fallen,41,,42,1,0,1,,0,7,0,0,3,1,3,1,6401.2,6275.5,14039.3,0.541,1,20,4,0,0
base,casual,greedy,225,fallen,41,,42,1,0,1,,0,7,0,1,6,4,6,4,6395.8,6270.5,14039.3,0.527,1,13,4,0,0
base,casual,greedy,226,fallen,41,,42,1,0,1,,0,7,0,0,5,3,5,3,6065,5946.1,14039.3,0.517,1,6,4,0,0
base,casual,greedy,227,fallen,41,,42,1,0,1,,0,7,0,0,6,4,6,4,6180.3,6059.1,14039.3,0.517,1,2,4,0,0
base,casual,greedy,228,fallen,41,,42,1,0,1,,0,7,0,0,5,3,5,3,5646.8,5536,14039.3,0.482,1,1,4,0,0
base,casual,greedy,229,fallen,41,,42,1,0,1,,0,7,0,1,3,1,3,1,5820.8,5706.8,14039.3,0.492,1,9,4,0,0
base,casual,greedy,230,fallen,41,,42,1,0,1,,0,7,0,1,4,2,4,2,6112.9,5992.8,14039.3,0.51,1,2,4,0,0
base,casual,greedy,231,fallen,41,,42,1,0,1,,0,7,0,1,4,2,4,2,5825.8,5711.4,14039.3,0.498,1,2,4,0,0
base,casual,greedy,232,fallen,41,,42,1,0,1,,0,7,0,1,5,3,5,3,6107.2,5987.6,14039.3,0.516,1,2,4,0,0
base,casual,greedy,233,fallen,41,,42,1,0,1,,0,7,0,2,6,4,6,4,6071.1,5951.9,14039.3,0.499,1,,4,0,0
base,casual,greedy,234,fallen,41,,42,1,0,1,,0,7,0,0,6,4,6,4,5746.1,5633.3,14039.3,0.492,1,30,4,0,0
base,casual,greedy,235,fallen,41,,42,1,0,1,,0,7,0,0,5,4,6,4,5825,5710.6,14039.3,0.489,1,18,4,0,0
base,casual,greedy,236,fallen,41,,42,1,0,1,,0,7,0,1,4,2,4,2,5454.3,5347.3,14039.3,0.463,1,22,6,0,0
base,casual,greedy,237,fallen,41,,42,1,0,1,,0,7,0,0,6,4,6,4,5803,5689.1,14039.3,0.505,1,4,4,0,0
base,casual,greedy,238,fallen,41,,42,1,0,1,,0,7,0,1,7,5,7,5,5515.3,5407.2,14039.3,0.462,1,18,4,0,0
base,casual,greedy,239,fallen,41,,42,1,0,1,,0,7,0,0,3,1,3,1,5980.5,5863.3,14039.3,0.499,1,,4,0,0
base,casual,greedy,240,fallen,41,,42,1,0,1,,0,7,0,3,7,5,7,5,6349.4,6224.9,14039.3,0.523,1,8,4,0,0
base,casual,greedy,241,fallen,41,,42,1,0,1,,0,7,0,0,7,5,7,5,6267.5,6144.8,14039.3,0.534,1,1,4,0,0
base,casual,greedy,242,fallen,41,,42,1,0,1,,0,7,0,0,5,3,5,3,5777.2,5663.7,14039.3,0.501,1,32,4,0,0
base,casual,greedy,243,fallen,41,,42,1,0,1,,0,7,0,0,5,3,5,3,5902.5,5786.6,14039.3,0.503,1,5,4,0,0
base,casual,greedy,244,fallen,41,,42,1,0,1,,0,7,0,2,5,3,5,3,5116.7,5016.2,14039.3,0.422,1,5,4,0,0
base,casual,greedy,245,fallen,41,,42,1,0,1,,0,7,0,0,4,2,4,2,5949.2,5832.5,14039.3,0.51,1,5,4,0,0
base,casual,greedy,246,fallen,41,,42,1,0,1,,0,7,0,0,5,3,5,3,5775.8,5662.4,14039.3,0.483,1,1,4,0,0
base,casual,greedy,247,fallen,41,,42,1,0,1,,0,7,0,1,6,4,6,4,6050.9,5932.6,14039.3,0.505,1,2,4,0,0
base,casual,greedy,248,fallen,41,,42,1,0,1,,0,7,0,2,5,3,5,3,6340.2,6216.2,14039.3,0.534,1,2,4,0,0
base,casual,greedy,249,fallen,41,,42,1,0,1,,0,7,0,1,5,3,5,3,5510.8,5402.3,14039.3,0.482,1,3,4,0,0
base,casual,greedy,250,fallen,41,,42,1,0,1,,0,7,0,0,5,3,5,3,6107.6,5987.7,14039.3,0.51,1,1,4,0,0
base,casual,greedy,251,fallen,41,,42,1,0,1,,0,7,0,0,5,3,5,3,5850,5735.2,14039.3,0.48,1,3,4,0,0
base,casual,greedy,252,fallen,41,,42,1,0,1,,0,7,0,1,7,5,7,5,5795.7,5682.2,14039.3,0.49,1,40,4,0,0
base,casual,greedy,253,fallen,41,,42,1,0,1,,0,7,0,0,5,3,5,3,6046.6,5928,14039.3,0.511,1,2,4,0,0
base,casual,greedy,254,fallen,41,,42,1,0,1,,0,7,0,0,3,1,3,1,5912.3,5796.3,14039.3,0.5,1,,4,0,0
base,casual,greedy,255,fallen,41,,42,1,0,1,,0,7,0,0,4,2,4,2,5576.8,5467.4,14039.3,0.48,1,2,4,0,0
base,casual,greedy,256,fallen,41,,42,1,0,1,,0,7,0,0,3,1,3,1,6097.2,5977.6,14039.3,0.498,1,2,4,0,0
base,casual,greedy,257,fallen,41,,42,1,0,1,,0,7,0,0,3,1,3,1,5477.4,5369.8,14039.3,0.465,1,1,4,0,0
base,casual,greedy,258,fallen,41,,42,1,0,1,,0,7,0,1,4,2,4,2,5652,5540.9,14039.3,0.481,1,2,4,0,0
base,casual,greedy,259,fallen,41,,42,1,0,1,,0,7,0,0,4,3,5,3,5671.5,5560.5,14039.3,0.465,1,12,4,0,0
base,casual,greedy,260,fallen,41,,42,1,0,1,,0,7,0,0,7,5,7,5,6191,6069.5,14039.3,0.514,1,38,4,0,0
base,casual,greedy,261,fallen,41,,42,1,0,1,,0,7,0,0,6,4,6,4,6251.9,6129.5,14039.3,0.517,1,2,4,0,0
base,casual,greedy,262,fallen,41,,42,1,0,1,,0,7,0,0,4,2,4,2,5802.4,5688.6,14039.3,0.483,1,30,4,0,0
base,casual,greedy,263,fallen,41,,42,1,0,1,,0,7,0,1,2,0,2,0,5420.6,5314.1,14039.3,0.483,1,1,4,0,0
base,casual,greedy,264,fallen,41,,42,1,0,1,,0,7,0,0,3,2,6,4,5805,5691.1,14039.3,0.485,1,19,4,0,0
base,casual,greedy,265,fallen,41,,42,1,0,1,,0,7,0,1,3,1,3,1,6201.5,6079.8,14039.3,0.502,1,2,4,0,0
base,casual,greedy,266,fallen,41,,42,1,0,1,,0,7,0,1,2,0,2,0,5595.9,5486.3,14039.3,0.49,1,20,4,0,0
base,casual,greedy,267,fallen,41,,42,1,0,1,,0,7,0,4,3,1,3,1,5842.3,5727.8,14039.3,0.492,1,2,4,0,0
base,casual,greedy,268,fallen,41,,42,1,0,1,,0,7,0,0,5,3,5,3,5689.7,5578.2,14039.3,0.454,1,2,4,0,0
base,casual,greedy,269,fallen,41,,42,1,0,1,,0,7,0,0,3,1,3,1,5707.3,5595.7,14039.3,0.473,1,2,4,0,0
base,casual,greedy,270,fallen,41,,42,1,0,1,,0,7,0,3,4,2,4,2,6050.8,5932.1,14039.3,0.518,1,2,4,0,0
base,casual,greedy,271,fallen,41,,42,1,0,1,,0,7,0,0,4,2,4,2,5387.1,5281.5,14039.3,0.461,1,2,4,0,0
base,casual,greedy,272,fallen,41,,42,1,0,1,,0,7,0,1,5,3,5,3,6023,5904.8,14039.3,0.493,1,3,4,0,0
base,casual,greedy,273,fallen,41,,42,1,0,1,,0,7,0,0,4,2,4,2,5864.6,5749.6,14039.3,0.492,1,1,4,0,0
base,casual,greedy,274,fallen,41,,42,1,0,1,,0,7,0,1,4,2,4,2,5699.2,5587.5,14039.3,0.486,1,2,4,0,0
base,casual,greedy,275,fallen,41,,42,1,0,1,,0,7,0,1,5,3,5,3,6039.9,5921.3,14039.3,0.502,1,9,4,0,0
base,casual,greedy,276,fallen,41,,42,1,0,1,,0,7,0,1,4,2,4,2,5815.2,5701,14039.3,0.485,1,1,4,0,0
base,casual,greedy,277,fallen,41,,42,1,0,1,,0,7,0,0,4,2,4,2,6023.7,5905.7,14039.3,0.521,1,1,4,0,0
base,casual,greedy,278,fallen,41,,42,1,0,1,,0,7,0,1,3,1,3,1,6222.2,6100.4,14039.3,0.525,1,2,4,0,0
base,casual,greedy,279,fallen,41,,42,1,0,1,,0,7,0,0,3,1,3,1,6302.2,6178.8,14039.3,0.526,1,1,4,0,0
base,casual,greedy,280,fallen,41,,42,1,0,1,,0,7,0,1,7,5,7,5,5940.9,5824.2,14039.3,0.489,1,2,4,0,0
base,casual,greedy,281,fallen,41,,42,1,0,1,,0,7,0,1,4,2,4,2,5751.9,5639.5,14039.3,0.487,1,14,4,0,0
base,casual,greedy,282,fallen,41,,42,1,0,1,,0,7,0,0,4,2,4,2,6088.6,5969.3,14039.3,0.513,1,17,4,0,0
base,casual,greedy,283,fallen,41,,42,1,0,1,,0,7,0,1,4,2,4,2,5759.4,5646.4,14039.3,0.477,1,2,4,0,0
base,casual,greedy,284,fallen,41,,42,1,0,1,,0,7,0,1,5,3,5,3,5710.3,5598.6,14039.3,0.482,1,1,4,0,0
base,casual,greedy,285,fallen,41,,42,1,0,1,,0,7,0,2,6,4,6,4,5415.2,5309.1,14039.3,0.442,1,23,4,0,0
base,casual,greedy,286,fallen,41,,42,1,0,1,,0,7,0,0,8,6,8,6,5915.8,5799.7,14039.3,0.5,1,33,4,0,0
base,casual,greedy,287,fallen,41,,42,1,0,1,,0,7,0,0,5,3,5,3,5676,5564.4,14039.3,0.477,1,3,4,0,0
base,casual,greedy,288,fallen,41,,42,1,0,1,,0,7,0,0,6,4,6,4,6260.9,6138.1,14039.3,0.502,1,36,4,0,0
base,casual,greedy,289,fallen,41,,42,1,0,1,,0,7,0,1,5,4,7,5,5706,5594,14039.3,0.481,1,4,4,0,0
base,casual,greedy,290,fallen,41,,42,1,0,1,,0,7,0,0,4,2,4,2,5373,5267.8,14039.3,0.458,1,2,4,0,0
base,casual,greedy,291,fallen,41,,42,1,0,1,,0,7,0,0,5,3,5,3,5938.7,5822.1,14039.3,0.504,1,,4,0,0
base,casual,greedy,292,fallen,41,,42,1,0,1,,0,7,0,0,3,1,3,1,5874,5759.2,14039.3,0.501,1,1,4,0,0
base,casual,greedy,293,fallen,41,,42,1,0,1,,0,7,0,1,4,2,4,2,5663.6,5552.5,14039.3,0.478,1,2,4,0,0
base,casual,greedy,294,fallen,41,,42,1,0,1,,0,7,0,0,7,5,7,5,6402.3,6276.9,14039.3,0.539,1,2,4,0,0
base,casual,greedy,295,fallen,41,,42,1,0,1,,0,7,0,1,2,0,2,0,6029.3,5911.1,14039.3,0.509,1,1,4,0,0
base,casual,greedy,296,fallen,41,,42,1,0,1,,0,7,0,0,3,1,3,1,5315,5210.9,14039.3,0.445,1,11,6,0,0
base,casual,greedy,297,fallen,41,,42,1,0,1,,0,7,0,1,3,1,3,1,5976.5,5859.1,14039.3,0.512,1,1,4,0,0
base,casual,greedy,298,fallen,41,,42,1,0,1,,0,7,0,1,5,3,5,3,5968,5851.4,14039.3,0.496,1,27,4,0,0
base,casual,greedy,299,fallen,41,,42,1,0,1,,0,7,0,1,2,0,2,0,6091.8,5972.5,14039.3,0.514,1,2,4,0,0
base,casual,greedy,300,fallen,41,,42,1,0,1,,0,7,0,0,4,2,4,2,5974.5,5857.3,14039.3,0.505,1,27,4,0,0
base,casual,push,1,won,59,59,,0,0,0,goblin:conquered:31 orc:conquered:41 archmage:conquered:51 dwarf:conquered:59,2,27,22,0,22,17,280,178,7709.4,7170.4,16741.3,0.484,1,10,2,4,0
base,casual,push,2,active,71,,,0,0,0,archmage:conquered:34 goblin:conquered:49 orc:conquered:57,2,30,26,1,21,16,281,183,7413,6889.5,16741.3,0.466,2,11,0,1,0
base,casual,push,3,won,62,62,,1,1,0,orc:conquered:37 archmage:conquered:46 dwarf:conquered:54 goblin:conquered:62,2,33,27,0,20,13,251,160,8516.4,7880.8,16741.3,0.531,2,3,4,0,0
base,casual,push,4,won,64,64,,0,0,0,goblin:conquered:31 archmage:conquered:48 orc:conquered:56 dwarf:conquered:64,2,36,27,0,18,13,279,175,7783.8,7230.7,16741.3,0.484,1,9,0,0,0
base,casual,push,5,won,51,51,,0,0,0,orc:conquered:22 goblin:conquered:31 archmage:conquered:43 dwarf:conquered:51,2,25,18,0,19,15,232,149,8471.3,7819.7,16741.3,0.514,1,1,0,2,0
base,casual,push,6,won,55,55,,0,0,0,goblin:conquered:27 archmage:conquered:36 orc:conquered:47 dwarf:conquered:55,2,34,24,0,21,14,253,161,7570.2,7019.6,16741.3,0.487,1,7,0,0,0
base,casual,push,7,won,52,52,,0,0,0,orc:conquered:26 archmage:conquered:36 dwarf:conquered:44 goblin:conquered:52,2,23,19,0,21,15,235,152,8824.2,8144.2,16741.3,0.527,1,2,0,1,0
base,casual,push,8,won,55,55,,0,0,0,goblin:conquered:24 archmage:conquered:37 orc:conquered:47 dwarf:conquered:55,2,30,25,0,20,16,269,169,7434.2,6916.2,16741.3,0.471,1,1,0,3,0
base,casual,push,9,won,51,51,,0,0,0,goblin:conquered:26 archmage:conquered:34 orc:conquered:43 dwarf:conquered:51,2,28,23,0,20,15,268,172,7694.9,7147,16741.3,0.473,1,2,0,4,0
base,casual,push,10,won,53,53,,0,0,0,goblin:conquered:25 orc:conquered:36 archmage:conquered:45 dwarf:conquered:53,2,26,18,0,20,14,242,154,8783,8123.3,16741.3,0.535,1,2,2,1,0
base,casual,push,11,won,64,64,,0,0,0,orc:conquered:39 archmage:conquered:48 dwarf:conquered:56 goblin:conquered:64,2,26,18,0,21,16,278,184,7945.8,7386.5,16741.3,0.503,2,8,3,0,0
base,casual,push,12,won,67,67,,0,0,0,archmage:conquered:43 orc:conquered:51 goblin:conquered:59 dwarf:conquered:67,4,32,27,0,21,14,229,145,8837.3,8148.6,16741.3,0.517,2,2,0,0,0
base,casual,push,13,won,62,62,,0,0,0,goblin:conquered:26 archmage:conquered:46 orc:conquered:54 dwarf:conquered:62,1,40,34,0,21,16,236,154,8777.4,8116.8,16741.3,0.523,2,7,0,1,0
base,casual,push,14,won,62,62,,1,1,0,orc:conquered:36 archmage:conquered:46 goblin:conquered:54 dwarf:conquered:62,2,33,25,0,21,15,251,162,8023.9,7421.9,16741.3,0.48,2,7,4,1,0
base,casual,push,15,won,50,50,,0,0,0,goblin:conquered:23 archmage:conquered:33 orc:conquered:42 dwarf:conquered:50,2,27,21,0,21,16,235,142,8254.9,7634.6,16741.3,0.516,1,2,0,3,0
base,casual,push,16,won,57,57,,0,0,0,goblin:conquered:24 archmage:conquered:41 orc:conquered:49 dwarf:conquered:57,2,28,21,0,20,14,255,160,8234.8,7621.3,16741.3,0.523,1,2,0,0,0
base,casual,push,17,won,59,59,,0,0,0,goblin:conquered:21 orc:conquered:40 archmage:conquered:51 dwarf:conquered:59,2,27,21,0,19,15,290,180,7573.3,7041.2,16741.3,0.488,2,2,2,4,0
base,casual,push,18,won,51,51,,0,0,0,goblin:conquered:23 archmage:conquered:33 orc:conquered:43 dwarf:conquered:51,2,28,21,0,19,12,236,138,8582.8,7924,16741.3,0.515,1,2,0,2,0
base,casual,push,19,won,53,53,,0,0,0,goblin:conquered:26 orc:conquered:36 archmage:conquered:45 dwarf:conquered:53,2,26,22,0,22,16,251,155,7818.4,7236.5,16741.3,0.479,1,3,2,2,0
base,casual,push,20,won,63,63,,0,0,0,goblin:conquered:36 orc:conquered:47 archmage:conquered:55 dwarf:conquered:63,2,27,22,0,20,15,257,164,7779.8,7203.4,16741.3,0.488,1,6,0,0,0
base,casual,push,21,won,53,53,,0,0,0,goblin:conquered:24 archmage:conquered:35 orc:conquered:45 dwarf:conquered:53,2,29,23,0,20,15,254,163,7784.5,7223.8,16741.3,0.484,1,1,0,1,0
base,casual,push,22,won,65,65,,0,0,0,archmage:conquered:37 orc:conquered:49 goblin:conquered:57 dwarf:conquered:65,2,31,25,0,19,14,252,163,8015.8,7427.2,16741.3,0.488,2,2,0,0,0
base,casual,push,23,won,64,64,,0,0,0,orc:conquered:38 archmage:conquered:48 goblin:conquered:56 dwarf:conquered:64,1,30,20,0,20,16,264,173,8414.5,7808.9,16741.3,0.514,2,8,0,1,0
base,casual,push,24,won,64,64,,1,1,0,orc:conquered:36 archmage:conquered:48 goblin:conquered:56 dwarf:conquered:64,1,34,29,0,20,13,257,163,7756.3,7179.9,16741.3,0.479,2,2,4,0,0
base,casual,push,25,won,59,59,,0,0,0,archmage:conquered:33 goblin:conquered:43 orc:conquered:51 dwarf:conquered:59,2,29,24,0,18,13,277,179,7691.2,7164,16741.3,0.484,1,7,0,0,0
base,casual,push,26,active,71,,,1,1,0,orc:conquered:45 goblin:conquered:55 archmage:conquered:63,2,36,26,0,17,13,301,196,7877.3,7328.5,16741.3,0.484,2,14,4,2,0
base,casual,push,27,won,53,53,,0,0,0,goblin:conquered:25 archmage:conquered:34 orc:conquered:45 dwarf:conquered:53,2,31,26,0,20,14,237,147,8222.1,7603.3,16741.3,0.506,1,1,0,2,0
base,casual,push,28,active,71,,,1,1,0,orc:conquered:45 archmage:conquered:55 dwarf:conquered:63,2,27,20,0,19,14,311,202,7150.8,6672.1,16741.3,0.471,2,2,4,1,0
base,casual,push,29,won,67,67,,0,0,0,archmage:conquered:37 goblin:conquered:51 orc:conquered:59 dwarf:conquered:67,2,38,29,0,18,14,280,182,8058,7499.5,16741.3,0.503,2,4,0,0,0
base,casual,push,30,won,53,53,,0,0,0,goblin:conquered:25 archmage:conquered:34 orc:conquered:45 dwarf:conquered:53,2,27,23,0,22,16,245,158,8352.4,7729.1,16741.3,0.519,1,4,0,2,0
base,casual,push,31,won,58,58,,0,0,0,goblin:conquered:31 archmage:conquered:42 orc:conquered:50 dwarf:conquered:58,2,28,23,0,20,15,245,152,8273.4,7657,16741.3,0.529,1,6,0,1,0
base,casual,push,32,won,57,57,,0,0,0,goblin:conquered:31 archmage:conquered:41 orc:conquered:49 dwarf:conquered:57,1,32,24,0,21,16,261,164,7657.8,7085,16741.3,0.487,2,2,0,1,0
base,casual,push,33,won,68,68,,0,0,0,goblin:conquered:35 archmage:conquered:52 orc:conquered:60 dwarf:conquered:68,2,39,29,0,24,19,280,181,8332.8,7724.4,16741.3,0.512,1,8,0,1,0
base,casual,push,34,won,53,53,,0,0,0,goblin:conquered:27 archmage:conquered:36 orc:conquered:45 dwarf:conquered:53,2,26,21,0,18,13,248,153,8631.5,7986.6,16741.3,0.526,1,7,0,1,0
base,casual,push,35,won,65,65,,0,0,0,orc:conquered:38 archmage:conquered:49 goblin:conquered:57 dwarf:conquered:65,2,26,20,0,19,14,270,173,7911.6,7349.9,16741.3,0.507,2,9,0,0,0
base,casual,push,36,won,53,53,,0,0,0,goblin:conquered:25 archmage:conquered:34 orc:conquered:45 dwarf:conquered:53,2,30,24,0,22,16,237,145,8644.3,7989.3,16741.3,0.529,1,2,0,1,0
base,casual,push,37,won,59,59,,0,0,0,goblin:conquered:32 archmage:conquered:43 orc:conquered:51 dwarf:conquered:59,2,27,23,0,21,14,276,180,7585.2,7043.6,16741.3,0.481,2,7,0,0,0
base,casual,push,38,won,67,67,,0,0,0,goblin:conquered:40 archmage:conquered:51 orc:conquered:59 dwarf:conquered:67,2,34,25,0,22,17,303,202,7487.4,6966.3,16741.3,0.452,2,7,2,1,0
base,casual,push,39,won,59,59,,0,0,0,archmage:conquered:34 orc:conquered:43 goblin:conquered:51 dwarf:conquered:59,2,30,22,0,18,12,268,169,8403.6,7785.5,16741.3,0.516,2,2,0,0,0
base,casual,push,40,won,62,62,,0,0,0,archmage:conquered:34 goblin:conquered:46 orc:conquered:54 dwarf:conquered:62,1,28,23,0,20,15,259,166,7483.1,6966.6,16741.3,0.478,1,5,0,0,0
base,casual,push,41,won,59,59,,0,0,0,goblin:conquered:31 orc:conquered:40 archmage:conquered:51 dwarf:conquered:59,2,28,22,0,20,15,263,167,7966.7,7409.2,16741.3,0.496,1,9,2,1,0
base,casual,push,42,won,60,60,,0,0,0,archmage:conquered:35 goblin:conquered:44 orc:conquered:52 dwarf:conquered:60,2,27,22,0,20,16,271,172,7726.6,7181.2,16741.3,0.488,2,1,0,0,0
base,casual,push,43,won,52,52,,0,0,0,goblin:conquered:24 archmage:conquered:35 orc:conquered:44 dwarf:conquered:52,2,27,23,0,23,16,233,141,8614.9,7947.3,16741.3,0.526,1,4,0,2,0
base,casual,push,44,won,65,65,,0,0,0,archmage:conquered:37 goblin:conquered:49 orc:conquered:57 dwarf:conquered:65,2,33,27,0,20,16,265,168,7428.6,6920.6,16741.3,0.498,2,8,0,1,0
base,casual,push,45,won,65,65,,0,0,0,archmage:conquered:36 goblin:conquered:49 orc:conquered:57 dwarf:conquered:65,2,29,24,0,21,17,281,184,7420.3,6894.9,16741.3,0.469,2,8,0,0,0
base,casual,push,46,won,56,56,,0,0,0,goblin:conquered:24 archmage:conquered:37 orc:conquered:48 dwarf:conquered:56,2,31,23,0,21,15,267,173,8026.7,7442.2,16741.3,0.496,1,7,0,1,0
base,casual,push,47,won,67,67,,1,1,0,orc:conquered:41 archmage:conquered:51 dwarf:conquered:59 goblin:conquered:67,2,34,26,0,23,16,263,163,7891.9,7335.9,16741.3,0.499,2,7,4,1,0
base,casual,push,48,won,67,67,,0,0,0,goblin:conquered:38 orc:conquered:51 archmage:conquered:59 dwarf:conquered:67,2,33,25,0,21,16,293,191,7809.3,7285.2,16741.3,0.479,2,2,1,2,0
base,casual,push,49,won,61,61,,0,0,0,goblin:conquered:35 orc:conquered:45 archmage:conquered:53 dwarf:conquered:61,2,32,23,0,20,14,258,164,8608.7,7973.8,16741.3,0.522,1,2,0,0,0
base,casual,push,50,won,63,63,,0,0,0,goblin:conquered:35 orc:conquered:47 archmage:conquered:55 dwarf:conquered:63,2,28,24,0,21,15,233,147,8636.6,7985.9,16741.3,0.503,1,6,0,1,0
base,casual,smarter,1,fallen,45,,46,1,0,1,,0,7,0,1,5,3,5,3,6410.5,6284.7,15583.3,0.488,1,17,10,0,0
base,casual,smarter,2,fallen,45,,46,1,0,1,,0,7,0,0,3,1,3,1,6059.9,5941.2,15583.3,0.455,1,34,10,0,0
base,casual,smarter,3,fallen,45,,46,1,0,1,,0,7,0,2,3,1,3,1,6883.8,6748.8,15583.3,0.527,1,3,10,0,0
base,casual,smarter,4,fallen,45,,46,1,0,1,,0,7,0,3,5,3,5,3,6398.2,6273.2,15583.3,0.492,1,15,10,0,0
base,casual,smarter,5,fallen,45,,46,1,0,1,,0,7,0,2,6,4,6,4,6788.5,6655.3,15583.3,0.519,1,1,10,0,0
base,casual,smarter,6,fallen,45,,46,1,0,1,,0,7,0,0,3,1,3,1,6137.8,6017.8,15583.3,0.476,1,,10,0,0
base,casual,smarter,7,fallen,45,,46,1,0,1,,0,7,0,3,3,1,3,1,6953.3,6816.5,15583.3,0.522,1,2,10,0,0
base,casual,smarter,8,fallen,45,,46,1,0,1,,0,8,0,1,6,4,6,4,6195.8,6074.2,15583.3,0.473,1,1,10,0,0
base,casual,smarter,9,fallen,45,,46,1,0,1,,0,7,0,1,4,2,4,2,6322.9,6198.9,15583.3,0.471,1,2,10,0,0
base,casual,smarter,10,fallen,45,,46,1,0,1,,0,7,0,0,3,1,3,1,6918.6,6783,15583.3,0.527,1,2,10,0,0
base,casual,smarter,11,fallen,45,,46,1,0,1,,0,7,0,0,5,4,6,4,6407.6,6281.6,15583.3,0.498,1,3,10,0,0
base,casual,smarter,12,fallen,45,,46,1,0,1,,0,7,0,1,5,3,5,3,6803.8,6670.7,15583.3,0.53,1,2,10,0,0
base,casual,smarter,13,fallen,45,,46,1,0,1,,0,7,0,1,3,1,3,1,6941.4,6805.7,15583.3,0.529,1,24,10,0,0
base,casual,smarter,14,fallen,45,,46,1,0,1,,0,7,0,0,6,4,6,4,6479.4,6352.3,15583.3,0.501,1,9,10,0,0
base,casual,smarter,15,fallen,45,,46,1,0,1,,0,8,0,2,4,2,4,2,6673.5,6542.7,15583.3,0.534,1,2,10,0,0
base,casual,smarter,16,fallen,45,,46,1,0,1,,0,7,0,2,2,0,2,0,6546.2,6417.4,15583.3,0.513,1,2,10,0,0
base,casual,smarter,17,fallen,45,,46,1,0,1,,0,7,0,1,4,3,6,4,6259,6136.3,15583.3,0.482,1,2,10,0,0
base,casual,smarter,18,fallen,45,,46,1,0,1,,0,8,0,0,2,0,2,0,6812.4,6678.9,15583.3,0.512,1,2,10,0,0
base,casual,smarter,19,fallen,45,,46,1,0,1,,0,7,0,0,6,5,7,5,6401.8,6276.4,15583.3,0.482,1,3,10,0,0
base,casual,smarter,20,fallen,45,,46,1,0,1,,0,7,0,0,3,1,3,1,6344.6,6220.3,15583.3,0.487,1,2,10,0,0
base,casual,smarter,21,fallen,45,,46,1,0,1,,0,8,0,0,3,1,3,1,6440.9,6314.5,15583.3,0.491,1,1,10,0,0
base,casual,smarter,22,fallen,45,,46,1,0,1,,0,7,0,1,4,2,4,2,6437.2,6311.1,15583.3,0.494,1,2,10,0,0
base,casual,smarter,23,fallen,45,,46,1,0,1,,0,8,0,1,4,2,4,2,6811.5,6677.8,15583.3,0.514,1,2,10,0,0
base,casual,smarter,24,fallen,45,,46,1,0,1,,0,7,0,0,3,1,3,1,6516.4,6388.9,15583.3,0.494,1,2,10,0,0
base,casual,smarter,25,fallen,45,,46,1,0,1,,0,7,0,0,2,0,2,0,6426.8,6300.7,15583.3,0.488,1,3,10,0,0
base,casual,smarter,26,fallen,45,,46,1,0,1,,0,7,0,1,3,1,3,1,6324.2,6200.2,15583.3,0.462,1,39,10,0,0
base,casual,smarter,27,fallen,45,,46,1,0,1,,0,7,0,1,5,3,5,3,6699.9,6568.7,15583.3,0.501,1,2,10,0,0
base,casual,smarter,28,fallen,45,,46,1,0,1,,0,7,0,2,6,4,6,4,5966,5849.1,15583.3,0.467,1,,10,0,0
base,casual,smarter,29,fallen,45,,46,1,0,1,,0,8,0,1,4,2,4,2,6561.9,6433.3,15583.3,0.499,1,2,10,0,0
base,casual,smarter,30,fallen,45,,46,1,0,1,,0,7,0,1,5,3,5,3,6622.1,6492.4,15583.3,0.508,1,3,10,0,0
base,casual,smarter,31,fallen,45,,46,1,0,1,,0,7,0,0,4,2,4,2,6648.7,6518.6,15583.3,0.514,1,3,10,0,0
base,casual,smarter,32,fallen,45,,46,1,0,1,,0,7,0,2,6,4,6,4,6189.6,6068.3,15583.3,0.484,1,2,10,0,0
base,casual,smarter,33,fallen,45,,46,1,0,1,,0,7,0,2,3,1,3,1,6604.8,6475.2,15583.3,0.507,1,2,10,0,0
base,casual,smarter,34,fallen,48,,49,3,0,1,,0,8,0,1,5,3,5,3,7433.3,7287.3,16741.3,0.531,1,10,13,0,0
base,casual,smarter,35,fallen,45,,46,1,0,1,,0,7,0,2,4,2,4,2,6459.8,6333.4,15583.3,0.509,1,21,10,0,0
base,casual,smarter,36,fallen,46,,47,3,0,1,,0,8,0,0,5,3,5,3,7043,6904.6,15969.3,0.526,1,2,11,0,0
base,casual,smarter,37,fallen,45,,46,1,0,1,,0,8,0,0,3,1,3,1,6400.2,6275,15583.3,0.483,1,2,10,0,0
base,casual,smarter,38,fallen,45,,46,1,0,1,,0,8,0,0,7,5,7,5,6012.4,5894.5,15583.3,0.464,1,7,10,0,0
base,casual,smarter,39,fallen,45,,46,1,0,1,,0,7,0,0,5,3,5,3,6599.8,6470.6,15583.3,0.508,1,2,10,0,0
base,casual,smarter,40,fallen,45,,46,1,0,1,,0,8,0,0,4,2,4,2,6231.5,6109.1,15583.3,0.48,1,3,10,0,0
base,casual,smarter,41,fallen,45,,46,1,0,1,,0,8,0,0,3,2,6,4,6502.6,6375.4,15583.3,0.497,1,2,10,0,0
base,casual,smarter,42,fallen,45,,46,1,0,1,,0,8,0,0,5,3,5,3,6327,6203,15583.3,0.477,1,1,10,0,0
base,casual,smarter,43,fallen,45,,46,1,0,1,,0,7,0,2,4,2,4,2,6834.4,6700.6,15583.3,0.518,1,4,10,0,0
base,casual,smarter,44,fallen,45,,46,1,0,1,,0,7,0,1,6,4,6,4,6207.5,6085.9,15583.3,0.476,1,14,10,0,0
base,casual,smarter,45,fallen,45,,46,1,0,1,,0,8,0,0,3,2,8,6,6011.1,5893.2,15583.3,0.464,1,,10,0,0
base,casual,smarter,46,fallen,45,,46,1,0,1,,0,7,0,1,4,2,4,2,6420.4,6294.4,15583.3,0.492,1,,10,0,0
base,casual,smarter,47,fallen,45,,46,1,0,1,,0,8,0,0,6,4,6,4,6428.2,6302.2,15583.3,0.489,1,9,10,0,0
base,casual,smarter,48,fallen,45,,46,1,0,1,,0,8,0,1,4,3,6,4,6419.9,6294,15583.3,0.49,1,2,10,0,0
base,casual,smarter,49,fallen,45,,46,1,0,1,,0,7,0,1,3,1,3,1,6866.3,6731.9,15583.3,0.535,1,2,10,0,0
base,casual,smarter,50,fallen,45,,46,1,0,1,,0,7,0,0,3,1,3,1,6812.8,6679.2,15583.3,0.529,1,2,10,0,0
base,casual,smarter,51,fallen,45,,46,1,0,1,,0,8,0,2,4,2,4,2,6348.4,6223.8,15583.3,0.488,1,2,10,0,0
base,casual,smarter,52,fallen,45,,46,1,0,1,,0,7,0,1,5,3,5,3,6085.2,5966.3,15583.3,0.468,1,2,10,0,0
base,casual,smarter,53,fallen,45,,46,1,0,1,,0,7,0,1,5,3,5,3,6157.7,6036.7,15583.3,0.48,1,10,10,0,0
base,casual,smarter,54,fallen,45,,46,1,0,1,,0,7,0,0,3,1,3,1,6379.8,6254.7,15583.3,0.504,1,8,10,0,0
base,casual,smarter,55,fallen,45,,46,1,0,1,,0,7,0,0,3,1,3,1,6435.1,6309.1,15583.3,0.495,1,1,10,0,0
base,casual,smarter,56,fallen,45,,46,1,0,1,,0,7,0,1,6,4,6,4,6380,6255,15583.3,0.483,1,2,10,0,0
base,casual,smarter,57,fallen,45,,46,1,0,1,,0,7,0,0,3,1,3,1,6822.4,6688.5,15583.3,0.526,1,10,10,0,0
base,casual,smarter,58,fallen,45,,46,1,0,1,,0,7,0,1,3,1,3,1,6711.6,6580,15583.3,0.524,1,4,10,0,0
base,casual,smarter,59,fallen,45,,46,1,0,1,,0,7,0,1,4,2,4,2,6598.6,6469.1,15583.3,0.496,1,2,10,0,0
base,casual,smarter,60,fallen,45,,46,1,0,1,,0,7,0,1,4,2,4,2,6575.1,6446.5,15583.3,0.494,1,36,10,0,0
base,casual,smarter,61,fallen,45,,46,1,0,1,,0,8,0,2,4,2,4,2,6712.2,6580.4,15583.3,0.5,1,2,10,0,0
base,casual,smarter,62,fallen,45,,46,1,0,1,,0,7,0,1,4,2,4,2,6395.7,6270.2,15583.3,0.49,1,3,10,0,0
base,casual,smarter,63,fallen,45,,46,1,0,1,,0,7,0,0,4,2,4,2,6600.9,6471.4,15583.3,0.506,1,18,10,0,0
base,casual,smarter,64,fallen,45,,46,1,0,1,,0,7,0,0,4,2,4,2,6233.1,6111,15583.3,0.482,1,30,10,0,0
base,casual,smarter,65,fallen,45,,46,1,0,1,,0,8,0,0,5,3,5,3,6224.3,6102.2,15583.3,0.484,1,2,10,0,0
base,casual,smarter,66,fallen,45,,46,1,0,1,,0,7,0,1,7,5,7,5,6202.5,6080.9,15583.3,0.483,1,10,10,0,0
base,casual,smarter,67,fallen,45,,46,1,0,1,,0,7,0,2,4,2,4,2,6633.1,6503,15583.3,0.496,1,6,10,0,0
base,casual,smarter,68,fallen,45,,46,1,0,1,,0,7,0,0,4,2,4,2,6898.3,6763.3,15583.3,0.539,1,4,10,0,0
base,casual,smarter,69,fallen,45,,46,1,0,1,,0,7,0,0,4,2,4,2,6544.3,6415.7,15583.3,0.498,1,1,10,0,0
base,casual,smarter,70,fallen,45,,46,1,0,1,,0,7,0,2,7,5,7,5,6361.2,6236.2,15583.3,0.496,1,31,10,0,0
base,casual,smarter,71,fallen,45,,46,1,0,1,,0,7,0,0,5,3,5,3,6672.5,6541.4,15583.3,0.521,1,2,10,0,0
base,casual,smarter,72,fallen,45,,46,1,0,1,,0,7,0,1,4,2,4,2,6918.9,6783.1,15583.3,0.516,1,5,10,0,0
base,casual,smarter,73,fallen,45,,46,1,0,1,,0,8,0,0,4,2,4,2,6745.3,6612.7,15583.3,0.522,1,16,10,0,0
base,casual,smarter,74,fallen,45,,46,1,0,1,,0,7,0,0,3,1,3,1,6548.5,6420.3,15583.3,0.518,1,2,10,0,0
base,casual,smarter,75,fallen,45,,46,1,0,1,,0,7,0,1,3,2,6,4,6019.8,5901.7,15583.3,0.466,1,2,10,0,0
base,casual,smarter,76,fallen,45,,46,1,0,1,,0,7,0,1,6,4,6,4,6783.5,6650.7,15583.3,0.507,1,6,10,0,0
base,casual,smarter,77,fallen,45,,46,1,0,1,,0,7,0,2,8,6,8,6,6309.9,6186.4,15583.3,0.477,1,2,10,0,0
base,casual,smarter,78,fallen,45,,46,1,0,1,,0,7,0,0,5,3,5,3,6948.6,6812.3,15583.3,0.548,1,,10,0,0
base,casual,smarter,79,fallen,45,,46,1,0,1,,0,7,0,1,4,2,4,2,6803.1,6669.7,15583.3,0.519,1,2,10,0,0
base,casual,smarter,80,fallen,45,,46,1,0,1,,0,7,0,2,5,3,5,3,6485.5,6358.2,15583.3,0.514,1,25,10,0,0
base,casual,smarter,81,fallen,45,,46,1,0,1,,0,8,0,4,3,1,3,1,6338.8,6214.1,15583.3,0.485,1,2,10,0,0
base,casual,smarter,82,fallen,45,,46,1,0,1,,0,7,0,0,5,3,5,3,6454.4,6327.9,15583.3,0.494,1,21,10,0,0
base,casual,smarter,83,fallen,45,,46,1,0,1,,0,8,0,1,4,2,4,2,6619.1,6488.9,15583.3,0.5,1,2,10,0,0
base,casual,smarter,84,fallen,45,,46,1,0,1,,0,7,0,0,3,1,3,1,6067.8,5949,15583.3,0.464,1,1,10,0,0
base,casual,smarter,85,fallen,45,,46,1,0,1,,0,8,0,0,4,3,7,5,6257.7,6134.9,15583.3,0.483,1,18,10,0,0
base,casual,smarter,86,fallen,45,,46,1,0,1,,0,7,0,0,2,0,2,0,6589.8,6460.5,15583.3,0.497,1,,10,0,0
base,casual,smarter,87,fallen,45,,46,1,0,1,,0,7,0,0,1,1,4,2,6640,6509.6,15583.3,0.492,1,15,10,0,0
base,casual,smarter,88,fallen,45,,46,1,0,1,,0,7,0,0,3,1,3,1,6163.6,6042.6,15583.3,0.483,1,1,10,0,0
base,casual,smarter,89,fallen,45,,46,1,0,1,,0,8,0,0,3,1,3,1,6537.7,6409.5,15583.3,0.499,1,42,10,0,0
base,casual,smarter,90,fallen,45,,46,1,0,1,,0,7,0,1,3,2,5,3,6098,5978.2,15583.3,0.477,1,27,10,0,0
base,casual,smarter,91,fallen,45,,46,1,0,1,,0,7,0,1,4,3,6,4,6502.7,6375.3,15583.3,0.49,1,23,10,0,0
base,casual,smarter,92,fallen,45,,46,1,0,1,,0,7,0,1,4,2,4,2,6544.2,6416.1,15583.3,0.497,1,3,10,0,0
base,casual,smarter,93,fallen,45,,46,1,0,1,,0,7,0,0,7,5,7,5,6333,6208.6,15583.3,0.496,1,2,10,0,0
base,casual,smarter,94,fallen,45,,46,1,0,1,,0,7,0,2,4,3,6,4,6619,6489.1,15583.3,0.495,1,4,10,0,0
base,casual,smarter,95,fallen,45,,46,1,0,1,,0,7,0,1,3,1,3,1,6572,6443.3,15583.3,0.496,1,2,10,0,0
base,casual,smarter,96,fallen,45,,46,1,0,1,,0,7,0,1,4,3,8,6,6534.8,6406.7,15583.3,0.498,1,2,10,0,0
base,casual,smarter,97,fallen,45,,46,1,0,1,,0,7,0,2,6,4,6,4,6479.7,6352.6,15583.3,0.492,1,1,10,0,0
base,casual,smarter,98,fallen,45,,46,1,0,1,,0,7,0,0,7,5,7,5,6376.1,6251.3,15583.3,0.48,1,5,10,0,0
base,casual,smarter,99,fallen,45,,46,1,0,1,,0,7,0,0,5,3,5,3,6131.5,6011.3,15583.3,0.466,1,15,10,0,0
base,casual,smarter,100,fallen,45,,46,1,0,1,,0,7,0,4,2,2,7,5,6262.1,6139.5,15583.3,0.46,1,10,10,0,0
base,casual,smarter,101,fallen,45,,46,1,0,1,,0,7,0,0,7,6,8,6,6407.3,6281.9,15583.3,0.484,1,20,10,0,0
base,casual,smarter,102,fallen,45,,46,1,0,1,,0,7,0,1,4,2,4,2,6446.7,6320.5,15583.3,0.498,1,1,10,0,0
base,casual,smarter,103,fallen,45,,46,1,0,1,,0,7,0,2,5,3,5,3,6271.4,6148.4,15583.3,0.481,1,2,10,0,0
base,casual,smarter,104,fallen,45,,46,1,0,1,,0,7,0,1,4,2,4,2,6687.9,6556.9,15583.3,0.517,1,3,10,0,0
base,casual,smarter,105,fallen,45,,46,1,0,1,,0,7,0,3,5,3,5,3,6278.7,6155.4,15583.3,0.48,1,7,10,0,0
base,casual,smarter,106,fallen,45,,46,1,0,1,,0,7,0,0,6,4,6,4,6563.7,6434.8,15583.3,0.491,1,9,10,0,0
base,casual,smarter,107,fallen,45,,46,1,0,1,,0,7,0,0,2,0,2,0,6731.4,6599.6,15583.3,0.533,1,2,10,0,0
base,casual,smarter,108,fallen,45,,46,1,0,1,,0,7,0,0,6,4,6,4,6366.7,6241.7,15583.3,0.495,1,9,10,0,0
base,casual,smarter,109,fallen,45,,46,1,0,1,,0,7,0,0,5,3,5,3,5976.6,5859.6,15583.3,0.451,1,10,10,0,0
base,casual,smarter,110,fallen,45,,46,1,0,1,,0,7,0,1,6,5,9,7,6194.2,6072.7,15583.3,0.481,1,13,10,0,0
base,casual,smarter,111,fallen,45,,46,1,0,1,,0,7,0,0,3,2,5,3,5892.5,5777.1,15583.3,0.457,1,2,10,0,0
base,casual,smarter,112,fallen,45,,46,1,0,1,,0,8,0,1,6,4,6,4,6606.9,6477.8,15583.3,0.52,1,2,10,0,0
base,casual,smarter,113,fallen,45,,46,1,0,1,,0,7,0,0,5,3,5,3,5917.3,5801.5,15583.3,0.455,1,2,10,0,0
base,casual,smarter,114,fallen,45,,46,1,0,1,,0,8,0,2,4,2,4,2,6605.7,6476,15583.3,0.498,1,,10,0,0
base,casual,smarter,115,fallen,45,,46,1,0,1,,0,8,0,2,3,1,3,1,6688.6,6557.7,15583.3,0.528,1,1,10,0,0
base,casual,smarter,116,fallen,45,,46,1,0,1,,0,7,0,1,5,3,5,3,6455.6,6329.4,15583.3,0.477,1,3,10,0,0
base,casual,smarter,117,fallen,45,,46,1,0,1,,0,7,0,1,9,7,9,7,6957.5,6820.9,15583.3,0.527,1,25,10,0,0
base,casual,smarter,118,fallen,45,,46,1,0,1,,0,7,0,0,3,2,4,2,6647.5,6517.3,15583.3,0.514,1,2,10,0,0
base,casual,smarter,119,fallen,45,,46,1,0,1,,0,7,0,0,5,3,5,3,6532,6403.9,15583.3,0.507,1,2,10,0,0
base,casual,smarter,120,fallen,45,,46,1,0,1,,0,7,0,1,4,2,4,2,6436.5,6310.2,15583.3,0.497,1,1,10,0,0
base,casual,smarter,121,fallen,45,,46,1,0,1,,0,7,0,0,6,4,6,4,6728.5,6596.6,15583.3,0.501,1,18,10,0,0
base,casual,smarter,122,fallen,45,,46,1,0,1,,0,7,0,1,6,4,6,4,6252.9,6130.2,15583.3,0.484,1,20,10,0,0
base,casual,smarter,123,fallen,45,,46,1,0,1,,0,7,0,0,4,2,4,2,6228,6105.8,15583.3,0.47,1,6,10,0,0
base,casual,smarter,124,fallen,45,,46,1,0,1,,0,8,0,1,3,1,3,1,6508.4,6380.9,15583.3,0.505,1,2,10,0,0
base,casual,smarter,125,fallen,45,,46,1,0,1,,0,7,0,0,2,0,2,0,6567.2,6438.7,15583.3,0.512,1,1,10,0,0
base,casual,smarter,126,fallen,45,,46,1,0,1,,0,7,0,0,4,2,4,2,6360.9,6236.1,15583.3,0.482,1,37,10,0,0
base,casual,smarter,127,fallen,45,,46,1,0,1,,0,7,0,0,5,3,5,3,7080.3,6941.3,15583.3,0.526,1,19,10,0,0
base,casual,smarter,128,fallen,45,,46,1,0,1,,0,7,0,1,4,2,4,2,6749.6,6617.3,15583.3,0.513,1,3,10,0,0
base,casual,smarter,129,fallen,45,,46,1,0,1,,0,8,0,1,4,2,4,2,6468.5,6341.6,15583.3,0.498,1,2,10,0,0
base,casual,smarter,130,fallen,45,,46,1,0,1,,0,7,0,1,6,4,6,4,6657.8,6527.4,15583.3,0.51,1,2,10,0,0
base,casual,smarter,131,fallen,45,,46,1,0,1,,0,7,0,0,6,4,6,4,6657.9,6527.2,15583.3,0.501,1,19,10,0,0
base,casual,smarter,132,fallen,45,,46,1,0,1,,0,7,0,2,6,4,6,4,6712.6,6580.6,15583.3,0.513,1,2,10,0,0
base,casual,smarter,133,fallen,45,,46,1,0,1,,0,7,0,0,3,1,3,1,6783.7,6650.9,15583.3,0.509,1,2,10,0,0
base,casual,smarter,134,fallen,45,,46,1,0,1,,0,7,0,1,4,2,4,2,6610.1,6480.6,15583.3,0.502,1,15,10,0,0
base,casual,smarter,135,fallen,45,,46,1,0,1,,0,7,0,2,3,1,3,1,6455.4,6329,15583.3,0.495,1,2,10,0,0
base,casual,smarter,136,fallen,45,,46,1,0,1,,0,7,0,0,3,2,5,3,6650.3,6520.1,15583.3,0.495,1,,10,0,0
base,casual,smarter,137,fallen,45,,46,1,0,1,,0,7,0,0,4,2,4,2,6510.3,6382.4,15583.3,0.499,1,2,10,0,0
base,casual,smarter,138,fallen,48,,49,3,0,1,,0,8,0,0,4,2,4,2,7023.7,6885.8,16741.3,0.503,1,2,13,0,0
base,casual,smarter,139,fallen,45,,46,1,0,1,,0,7,0,3,4,2,4,2,7017.8,6880.4,15583.3,0.537,1,3,10,0,0
base,casual,smarter,140,fallen,45,,46,1,0,1,,0,7,0,1,6,4,6,4,6671.5,6540.9,15583.3,0.513,1,4,10,0,0
base,casual,smarter,141,fallen,45,,46,1,0,1,,0,7,0,0,4,2,4,2,7152.2,7012.2,15583.3,0.539,1,3,10,0,0
base,casual,smarter,142,fallen,45,,46,1,0,1,,0,7,0,0,4,2,4,2,6389.6,6264.4,15583.3,0.481,1,2,10,0,0
base,casual,smarter,143,fallen,45,,46,1,0,1,,0,8,0,1,3,2,4,2,6276.7,6153.6,15583.3,0.492,1,2,10,0,0
base,casual,smarter,144,fallen,45,,46,1,0,1,,0,7,0,1,3,1,3,1,6698.7,6567.4,15583.3,0.503,1,27,10,0,0
base,casual,smarter,145,fallen,45,,46,1,0,1,,0,8,0,1,4,2,4,2,6973.5,6837,15583.3,0.527,1,7,10,0,0
base,casual,smarter,146,fallen,45,,46,1,0,1,,0,8,0,2,5,3,5,3,6088.6,5969.4,15583.3,0.468,1,4,10,0,0
base,casual,smarter,147,fallen,45,,46,1,0,1,,0,8,0,0,4,2,4,2,6608.7,6479.1,15583.3,0.506,1,3,10,0,0
base,casual,smarter,148,fallen,45,,46,1,0,1,,0,8,0,0,5,3,5,3,6303.3,6179.5,15583.3,0.494,1,8,10,0,0
base,casual,smarter,149,fallen,45,,46,1,0,1,,0,7,0,1,5,3,5,3,6302.6,6179.1,15583.3,0.474,1,1,10,0,0
base,casual,smarter,150,fallen,45,,46,1,0,1,,0,7,0,0,1,1,7,5,6575,6446.2,15583.3,0.498,1,29,10,0,0
base,casual,smarter,151,fallen,45,,46,1,0,1,,0,7,0,0,5,3,5,3,6702.8,6571.4,15583.3,0.51,1,2,10,0,0
base,casual,smarter,152,fallen,45,,46,1,0,1,,0,8,0,2,3,1,3,1,6543.1,6414.8,15583.3,0.5,1,2,10,0,0
base,casual,smarter,153,fallen,45,,46,1,0,1,,0,7,0,0,5,3,5,3,6699.8,6568.4,15583.3,0.517,1,2,10,0,0
base,casual,smarter,154,fallen,45,,46,1,0,1,,0,7,0,1,4,2,4,2,6583,6454,15583.3,0.508,1,2,10,0,0
base,casual,smarter,155,fallen,45,,46,1,0,1,,0,7,0,0,4,2,4,2,6483.1,6356.2,15583.3,0.488,1,4,10,0,0
base,casual,smarter,156,fallen,45,,46,1,0,1,,0,7,0,0,7,5,7,5,6529.3,6400.9,15583.3,0.506,1,4,10,0,0
base,casual,smarter,157,fallen,45,,46,1,0,1,,0,7,0,1,3,1,3,1,6703.8,6572.1,15583.3,0.512,1,17,10,0,0
base,casual,smarter,158,fallen,45,,46,1,0,1,,0,7,0,1,3,1,3,1,6410.6,6285.1,15583.3,0.48,1,43,10,0,0
base,casual,smarter,159,fallen,45,,46,1,0,1,,0,8,0,1,4,2,4,2,6030.7,5912.4,15583.3,0.475,1,1,10,0,0
base,casual,smarter,160,fallen,45,,46,1,0,1,,0,7,0,1,4,2,4,2,6369,6244.1,15583.3,0.492,1,5,10,0,0
base,casual,smarter,161,fallen,45,,46,1,0,1,,0,8,0,0,2,2,5,3,6237,6114.6,15583.3,0.465,1,16,10,0,0
base,casual,smarter,162,fallen,45,,46,1,0,1,,0,7,0,1,3,1,3,1,7090.8,6951.8,15583.3,0.548,1,2,10,0,0
base,casual,smarter,163,fallen,45,,46,1,0,1,,0,7,0,1,6,4,6,4,6373.5,6248.5,15583.3,0.487,1,17,10,0,0
base,casual,smarter,164,fallen,45,,46,1,0,1,,0,7,0,1,6,4,6,4,6717.8,6586.2,15583.3,0.518,1,2,10,0,0
base,casual,smarter,165,fallen,45,,46,1,0,1,,0,7,0,1,3,1,3,1,6419.2,6293.4,15583.3,0.497,1,2,10,0,0
base,casual,smarter,166,fallen,45,,46,1,0,1,,0,7,0,1,4,2,4,2,6666.9,6535.9,15583.3,0.51,1,2,10,0,0
base,casual,smarter,167,fallen,45,,46,1,0,1,,0,8,0,1,6,4,6,4,6199.3,6078,15583.3,0.48,1,5,10,0,0
base,casual,smarter,168,fallen,45,,46,1,0,1,,0,7,0,3,4,2,4,2,6761.5,6629,15583.3,0.513,1,4,10,0,0
base,casual,smarter,169,fallen,45,,46,1,0,1,,0,7,0,1,2,0,2,0,6011.6,5893.9,15583.3,0.476,1,17,10,0,0
base,casual,smarter,170,fallen,45,,46,1,0,1,,0,7,0,0,3,2,5,3,6860.8,6726,15583.3,0.526,1,16,10,0,0
base,casual,smarter,171,fallen,45,,46,1,0,1,,0,7,0,1,7,5,7,5,6544.3,6415.8,15583.3,0.507,1,4,10,0,0
base,casual,smarter,172,fallen,48,,49,3,0,1,,0,8,0,3,5,3,5,3,7217.6,7076,16741.3,0.525,1,2,13,0,0
base,casual,smarter,173,fallen,45,,46,1,0,1,,0,7,0,1,4,3,6,4,6155,6034.4,15583.3,0.467,1,21,10,0,0
base,casual,smarter,174,fallen,45,,46,1,0,1,,0,7,0,0,3,1,3,1,6124.7,6004.8,15583.3,0.468,1,20,10,0,0
base,casual,smarter,175,fallen,45,,46,1,0,1,,0,7,0,2,5,3,5,3,6053.5,5934.3,15583.3,0.479,1,1,10,0,0
base,casual,smarter,176,fallen,45,,46,1,0,1,,0,8,0,0,4,2,4,2,6488.6,6361.2,15583.3,0.491,1,30,10,0,0
base,casual,smarter,177,fallen,45,,46,1,0,1,,0,7,0,1,3,1,3,1,5991.9,5873.9,15583.3,0.453,1,15,10,0,0
base,casual,smarter,178,fallen,45,,46,1,0,1,,0,7,0,3,5,3,5,3,6236.7,6114.4,15583.3,0.491,1,5,10,0,0
base,casual,smarter,179,fallen,45,,46,1,0,1,,0,7,0,0,3,1,3,1,7137.6,6997.9,15583.3,0.527,1,21,10,0,0
base,casual,smarter,180,fallen,45,,46,1,0,1,,0,7,0,2,8,6,8,6,6721.5,6589.9,15583.3,0.515,1,1,10,0,0
base,casual,smarter,181,fallen,45,,46,1,0,1,,0,7,0,0,6,4,6,4,6335.7,6211.3,15583.3,0.483,1,2,10,0,0
base,casual,smarter,182,fallen,48,,49,3,0,1,,0,8,0,2,3,2,5,3,6934,6798.1,16741.3,0.508,1,33,13,0,0
base,casual,smarter,183,fallen,45,,46,1,0,1,,0,8,0,0,5,3,5,3,6342.1,6217.8,15583.3,0.488,1,2,10,0,0
base,casual,smarter,184,fallen,45,,46,1,0,1,,0,8,0,0,3,1,3,1,6117,5997.1,15583.3,0.484,1,3,10,0,0
base,casual,smarter,185,fallen,45,,46,1,0,1,,0,7,0,0,5,3,5,3,6455.4,6328.8,15583.3,0.494,1,,10,0,0
base,casual,smarter,186,fallen,45,,46,1,0,1,,0,7,0,1,4,2,4,2,6742.5,6610.2,15583.3,0.518,1,15,10,0,0
base,casual,smarter,187,fallen,48,,49,3,0,1,,0,8,0,0,3,1,3,1,7471.9,7325.4,16741.3,0.54,1,2,13,0,0
base,casual,smarter,188,fallen,48,,49,3,0,1,,0,8,0,2,3,1,3,1,6956.2,6820,16741.3,0.495,1,4,13,0,0
base,casual,smarter,189,fallen,45,,46,1,0,1,,0,7,0,0,5,3,5,3,6764.1,6631.3,15583.3,0.501,1,2,10,0,0
base,casual,smarter,190,fallen,48,,49,3,0,1,,0,8,0,0,4,2,4,2,7075.1,6936.5,16741.3,0.513,1,6,13,0,0
base,casual,smarter,191,fallen,45,,46,1,0,1,,0,7,0,0,4,2,4,2,6653.3,6522.9,15583.3,0.511,1,14,10,0,0
base,casual,smarter,192,fallen,45,,46,1,0,1,,0,8,0,2,4,2,4,2,6620.6,6490.8,15583.3,0.505,1,3,10,0,0
base,casual,smarter,193,fallen,45,,46,1,0,1,,0,7,0,1,4,2,4,2,6526.6,6399.1,15583.3,0.498,1,26,10,0,0
base,casual,smarter,194,fallen,45,,46,1,0,1,,0,7,0,0,3,1,3,1,6677.9,6546.8,15583.3,0.512,1,2,10,0,0
base,casual,smarter,195,fallen,45,,46,1,0,1,,0,7,0,2,6,4,6,4,6832.3,6698.3,15583.3,0.527,1,6,10,0,0
base,casual,smarter,196,fallen,45,,46,1,0,1,,0,7,0,1,4,2,4,2,6414,6288.3,15583.3,0.478,1,2,10,0,0
base,casual,smarter,197,fallen,45,,46,1,0,1,,0,7,0,0,3,1,3,1,6588.9,6459.9,15583.3,0.498,1,2,10,0,0
base,casual,smarter,198,fallen,45,,46,1,0,1,,0,7,0,0,4,2,4,2,6604.7,6475,15583.3,0.512,1,2,10,0,0
base,casual,smarter,199,fallen,45,,46,1,0,1,,0,7,0,2,4,2,4,2,6952.6,6816.2,15583.3,0.532,1,5,10,0,0
base,casual,smarter,200,fallen,45,,46,1,0,1,,0,7,0,1,2,1,4,2,6646.1,6515.3,15583.3,0.507,1,8,10,0,0
base,casual,smarter,201,fallen,45,,46,1,0,1,,0,7,0,1,5,4,7,5,6611.1,6481.3,15583.3,0.506,1,21,10,0,0
base,casual,smarter,202,fallen,45,,46,1,0,1,,0,7,0,0,6,4,6,4,6421.9,6295.6,15583.3,0.486,1,9,10,0,0
base,casual,smarter,203,fallen,45,,46,1,0,1,,0,7,0,1,3,1,3,1,6223.1,6100.8,15583.3,0.478,1,2,10,0,0
base,casual,smarter,204,fallen,45,,46,1,0,1,,0,8,0,1,6,5,8,6,6620.8,6491.1,15583.3,0.487,1,15,10,0,0
base,casual,smarter,205,fallen,45,,46,1,0,1,,0,8,0,1,5,3,5,3,6504.1,6377,15583.3,0.506,1,6,10,0,0
base,casual,smarter,206,fallen,45,,46,1,0,1,,0,8,0,3,3,2,5,3,6878,6743.1,15583.3,0.509,1,2,10,0,0
base,casual,smarter,207,fallen,45,,46,1,0,1,,0,7,0,1,2,0,2,0,6238.3,6116.1,15583.3,0.486,1,2,10,0,0
base,casual,smarter,208,fallen,45,,46,1,0,1,,0,7,0,0,3,1,3,1,6285,6161.7,15583.3,0.491,1,2,10,0,0
base,casual,smarter,209,fallen,45,,46,1,0,1,,0,8,0,1,5,3,5,3,6318.9,6194.9,15583.3,0.475,1,4,10,0,0
base,casual,smarter,210,fallen,45,,46,1,0,1,,0,7,0,0,6,4,6,4,5865.7,5750.5,15583.3,0.446,1,2,10,0,0
base,casual,smarter,211,fallen,45,,46,1,0,1,,0,7,0,0,2,0,2,0,6578,6449,15583.3,0.5,1,4,10,0,0
base,casual,smarter,212,fallen,45,,46,1,0,1,,0,7,0,0,5,3,5,3,6376.1,6250.5,15583.3,0.502,1,2,10,0,0
base,casual,smarter,213,fallen,45,,46,1,0,1,,0,7,0,0,5,3,5,3,6246.6,6124.1,15583.3,0.475,1,2,10,0,0
base,casual,smarter,214,fallen,45,,46,1,0,1,,0,7,0,0,3,1,3,1,6369.5,6244.6,15583.3,0.486,1,1,10,0,0
base,casual,smarter,215,fallen,45,,46,1,0,1,,0,8,0,4,4,2,4,2,6163.3,6042.1,15583.3,0.48,1,9,10,0,0
base,casual,smarter,216,fallen,45,,46,1,0,1,,0,8,0,2,6,4,6,4,6475.8,6348.4,15583.3,0.508,1,6,10,0,0
base,casual,smarter,217,fallen,45,,46,1,0,1,,0,7,0,1,3,1,3,1,6537.9,6409.5,15583.3,0.501,1,1,10,0,0
base,casual,smarter,218,fallen,45,,46,1,0,1,,0,7,0,0,3,1,3,1,6012.3,5894.4,15583.3,0.465,1,2,10,0,0
base,casual,smarter,219,fallen,45,,46,1,0,1,,0,8,0,0,5,3,5,3,5988.3,5870.5,15583.3,0.455,1,2,10,0,0
base,casual,smarter,220,fallen,45,,46,1,0,1,,0,7,0,0,5,3,5,3,6077.7,5958.8,15583.3,0.478,1,2,10,0,0
base,casual,smarter,221,fallen,45,,46,1,0,1,,0,7,0,0,3,1,3,1,6508.9,6381.4,15583.3,0.497,1,1,10,0,0
base,casual,smarter,222,fallen,45,,46,1,0,1,,0,7,0,2,3,1,3,1,6553.3,6424.7,15583.3,0.495,1,4,10,0,0
base,casual,smarter,223,fallen,45,,46,1,0,1,,0,7,0,3,5,3,5,3,6551.2,6422.7,15583.3,0.514,1,,10,0,0
base,casual,smarter,224,fallen,45,,46,1,0,1,,0,7,0,0,3,1,3,1,6972.2,6835.2,15583.3,0.536,1,20,10,0,0
base,casual,smarter,225,fallen,45,,46,1,0,1,,0,7,0,1,6,4,6,4,7081.7,6943,15583.3,0.53,1,26,10,0,0
base,casual,smarter,226,fallen,45,,46,1,0,1,,0,7,0,0,5,3,5,3,6739.6,6607.4,15583.3,0.52,1,6,10,0,0
base,casual,smarter,227,fallen,45,,46,1,0,1,,0,7,0,0,6,4,6,4,6784.2,6651.2,15583.3,0.52,1,2,10,0,0
base,casual,smarter,228,fallen,45,,46,1,0,1,,0,7,0,0,5,3,5,3,6257.5,6134.7,15583.3,0.483,1,1,10,0,0
base,casual,smarter,229,fallen,45,,46,1,0,1,,0,7,0,2,3,1,3,1,6514.1,6386.5,15583.3,0.499,1,9,10,0,0
base,casual,smarter,230,fallen,45,,46,1,0,1,,0,7,0,1,4,2,4,2,6808.8,6675,15583.3,0.514,1,2,10,0,0
base,casual,smarter,231,fallen,45,,46,1,0,1,,0,7,0,1,4,2,4,2,6337.8,6213.3,15583.3,0.494,1,2,10,0,0
base,casual,smarter,232,fallen,45,,46,1,0,1,,0,8,0,1,5,3,5,3,6736.4,6604.5,15583.3,0.515,1,2,10,0,0
base,casual,smarter,233,fallen,45,,46,1,0,1,,0,7,0,2,6,4,6,4,6609.6,6479.8,15583.3,0.498,1,22,10,0,0
base,casual,smarter,234,fallen,45,,46,1,0,1,,0,7,0,0,6,4,6,4,6373.3,6248.2,15583.3,0.495,1,30,10,0,0
base,casual,smarter,235,fallen,45,,46,1,0,1,,0,7,0,1,5,4,6,4,6337.5,6213,15583.3,0.49,1,18,10,0,0
base,casual,smarter,236,fallen,45,,46,1,0,1,,0,7,0,1,4,2,4,2,5953.5,5836.7,15583.3,0.461,1,22,10,0,0
base,casual,smarter,237,fallen,45,,46,1,0,1,,0,8,0,1,6,4,6,4,6406.4,6280.7,15583.3,0.51,1,4,10,0,0
base,casual,smarter,238,fallen,45,,46,1,0,1,,0,7,0,1,7,5,7,5,6144.5,6024.2,15583.3,0.469,1,18,10,0,0
base,casual,smarter,239,fallen,45,,46,1,0,1,,0,7,0,0,3,1,3,1,6256.3,6133.6,15583.3,0.492,1,,10,0,0
base,casual,smarter,240,fallen,45,,46,1,0,1,,0,7,0,3,7,5,7,5,6837.9,6703.8,15583.3,0.515,1,8,10,0,0
base,casual,smarter,241,fallen,45,,46,1,0,1,,0,8,0,0,7,5,7,5,6935.2,6799.3,15583.3,0.533,1,1,10,0,0
base,casual,smarter,242,fallen,45,,46,1,0,1,,0,7,0,1,5,3,5,3,6310.4,6186.4,15583.3,0.501,1,32,10,0,0
base,casual,smarter,243,fallen,45,,46,1,0,1,,0,8,0,1,5,3,5,3,6549.6,6421,15583.3,0.505,1,5,10,0,0
base,casual,smarter,244,fallen,45,,46,1,0,1,,0,8,0,2,5,3,5,3,5695.4,5583.5,15583.3,0.425,1,5,10,0,0
base,casual,smarter,245,fallen,45,,46,1,0,1,,0,8,0,0,4,2,4,2,6504.8,6377.3,15583.3,0.506,1,5,10,0,0
base,casual,smarter,246,fallen,45,,46,1,0,1,,0,7,0,1,5,3,5,3,6398,6272.5,15583.3,0.484,1,1,10,0,0
base,casual,smarter,247,fallen,45,,46,1,0,1,,0,7,0,1,6,4,6,4,6691.2,6560.4,15583.3,0.512,1,2,10,0,0
base,casual,smarter,248,fallen,45,,46,1,0,1,,0,8,0,2,5,3,5,3,6954.2,6818.1,15583.3,0.533,1,2,10,0,0
base,casual,smarter,249,fallen,45,,46,1,0,1,,0,7,0,1,5,3,5,3,6155.4,6034.3,15583.3,0.476,1,3,10,0,0
base,casual,smarter,250,fallen,45,,46,1,0,1,,0,8,0,1,5,3,5,3,6746.3,6613.9,15583.3,0.508,1,1,10,0,0
base,casual,smarter,251,fallen,45,,46,1,0,1,,0,7,0,0,5,3,5,3,6538.2,6409.9,15583.3,0.488,1,3,10,0,0
base,casual,smarter,252,fallen,45,,46,1,0,1,,0,8,0,1,7,5,7,5,6489.4,6362.3,15583.3,0.487,1,40,10,0,0
base,casual,smarter,253,fallen,45,,46,1,0,1,,0,7,0,2,5,3,5,3,6742.2,6610,15583.3,0.517,1,2,10,0,0
base,casual,smarter,254,fallen,45,,46,1,0,1,,0,8,0,0,3,1,3,1,6386,6260.8,15583.3,0.491,1,,10,0,0
base,casual,smarter,255,fallen,45,,46,1,0,1,,0,7,0,0,4,2,4,2,6158.9,6038,15583.3,0.483,1,2,10,0,0
base,casual,smarter,256,fallen,45,,46,1,0,1,,0,7,0,1,3,1,3,1,6628.3,6498.3,15583.3,0.489,1,2,7,0,0
base,casual,smarter,257,fallen,45,,46,1,0,1,,0,7,0,0,3,1,3,1,6193.4,6071.8,15583.3,0.468,1,1,10,0,0
base,casual,smarter,258,fallen,45,,46,1,0,1,,0,7,0,1,4,2,4,2,6201.9,6080,15583.3,0.476,1,2,10,0,0
base,casual,smarter,259,fallen,45,,46,1,0,1,,0,8,0,0,4,3,5,3,6266,6143.3,15583.3,0.465,1,12,10,0,0
base,casual,smarter,260,fallen,45,,46,1,0,1,,0,7,0,2,7,5,7,5,6795.4,6662,15583.3,0.515,1,38,10,0,0
base,casual,smarter,261,fallen,45,,46,1,0,1,,0,7,0,0,6,4,6,4,6891.5,6756.6,15583.3,0.519,1,2,10,0,0
base,casual,smarter,262,fallen,45,,46,1,0,1,,0,7,0,1,4,2,4,2,6427.4,6301.4,15583.3,0.483,1,30,10,0,0
base,casual,smarter,263,fallen,45,,46,1,0,1,,0,7,0,1,2,0,2,0,5988.3,5870.6,15583.3,0.47,1,1,10,0,0
base,casual,smarter,264,fallen,45,,46,1,0,1,,0,8,0,1,3,2,6,4,6361.6,6236.7,15583.3,0.492,1,19,10,0,0
base,casual,smarter,265,fallen,45,,46,1,0,1,,0,7,0,1,3,1,3,1,6779.2,6646.1,15583.3,0.506,1,2,10,0,0
base,casual,smarter,266,fallen,45,,46,1,0,1,,0,8,0,3,2,0,2,0,6090.9,5971.5,15583.3,0.474,1,20,10,0,0
base,casual,smarter,267,fallen,45,,46,1,0,1,,0,7,0,4,3,1,3,1,6248.3,6125.8,15583.3,0.489,1,2,10,0,0
base,casual,smarter,268,fallen,45,,46,1,0,1,,0,8,0,2,5,3,5,3,6394.2,6268.9,15583.3,0.465,1,2,10,0,0
base,casual,smarter,269,fallen,45,,46,1,0,1,,0,7,0,0,3,1,3,1,6304.3,6181,15583.3,0.476,1,2,10,0,0
base,casual,smarter,270,fallen,45,,46,1,0,1,,0,7,0,3,4,2,4,2,6596.1,6466.7,15583.3,0.51,1,2,10,0,0
base,casual,smarter,271,fallen,45,,46,1,0,1,,0,8,0,0,4,2,4,2,5965.5,5848.6,15583.3,0.456,1,2,10,0,0
base,casual,smarter,272,fallen,45,,46,1,0,1,,0,7,0,2,5,3,5,3,6682.4,6551.3,15583.3,0.497,1,3,10,0,0
base,casual,smarter,273,fallen,45,,46,1,0,1,,0,8,0,0,4,2,4,2,6315.9,6192.1,15583.3,0.484,1,1,10,0,0
base,casual,smarter,274,fallen,45,,46,1,0,1,,0,7,0,1,4,2,4,2,6280.4,6157.3,15583.3,0.488,1,2,10,0,0
base,casual,smarter,275,fallen,45,,46,1,0,1,,0,7,0,1,5,3,5,3,6603,6473.2,15583.3,0.5,1,9,10,0,0
base,casual,smarter,276,fallen,45,,46,1,0,1,,0,7,0,1,4,2,4,2,6351.4,6226.6,15583.3,0.486,1,1,10,0,0
base,casual,smarter,277,fallen,45,,46,1,0,1,,0,7,0,0,4,2,4,2,6544.3,6416.2,15583.3,0.512,1,1,10,0,0
base,casual,smarter,278,fallen,45,,46,1,0,1,,0,7,0,2,3,1,3,1,6709,6577.7,15583.3,0.518,1,2,10,0,0
base,casual,smarter,279,fallen,45,,46,1,0,1,,0,7,0,1,3,1,3,1,6939.3,6803.3,15583.3,0.529,1,1,10,0,0
base,casual,smarter,280,fallen,45,,46,1,0,1,,0,7,0,1,7,5,7,5,6441.9,6315.5,15583.3,0.492,1,2,10,0,0
base,casual,smarter,281,fallen,45,,46,1,0,1,,0,7,0,1,4,2,4,2,6409.2,6283.9,15583.3,0.489,1,9,10,0,0
base,casual,smarter,282,fallen,45,,46,1,0,1,,0,8,0,2,4,2,4,2,6738.8,6606.7,15583.3,0.517,1,17,10,0,0
base,casual,smarter,283,fallen,45,,46,1,0,1,,0,7,0,1,4,2,4,2,6405,6279.3,15583.3,0.478,1,2,10,0,0
base,casual,smarter,284,fallen,45,,46,1,0,1,,0,7,0,1,5,3,5,3,6218.2,6096.5,15583.3,0.483,1,1,10,0,0
base,casual,smarter,285,fallen,45,,46,1,0,1,,0,7,0,2,6,4,6,4,6013.9,5896.1,15583.3,0.452,1,23,10,0,0
base,casual,smarter,286,fallen,45,,46,1,0,1,,0,7,0,1,8,6,8,6,6455.4,6328.8,15583.3,0.5,1,33,10,0,0
base,casual,smarter,287,fallen,45,,46,1,0,1,,0,7,0,0,5,3,5,3,6213.8,6091.7,15583.3,0.467,1,3,10,0,0
base,casual,smarter,288,fallen,45,,46,1,0,1,,0,7,0,0,6,4,6,4,6702.4,6571,15583.3,0.499,1,36,10,0,0
base,casual,smarter,289,fallen,45,,46,1,0,1,,0,7,0,2,5,4,7,5,6299.6,6176,15583.3,0.483,1,4,10,0,0
base,casual,smarter,290,fallen,45,,46,1,0,1,,0,7,0,0,4,2,4,2,5976.7,5859.7,15583.3,0.458,1,2,10,0,0
base,casual,smarter,291,fallen,45,,46,1,0,1,,0,7,0,1,5,3,5,3,6420.2,6294.2,15583.3,0.496,1,45,10,0,0
base,casual,smarter,292,fallen,45,,46,1,0,1,,0,8,0,0,3,1,3,1,6528,6400.3,15583.3,0.507,1,1,10,0,0
base,casual,smarter,293,fallen,45,,46,1,0,1,,0,7,0,1,4,2,4,2,6308.9,6185.1,15583.3,0.482,1,2,10,0,0
base,casual,smarter,294,fallen,45,,46,1,0,1,,0,8,0,0,7,5,7,5,7018.2,6880.8,15583.3,0.536,1,2,10,0,0
base,casual,smarter,295,fallen,45,,46,1,0,1,,0,7,0,1,2,0,2,0,6737.5,6605.4,15583.3,0.512,1,1,10,0,0
base,casual,smarter,296,fallen,45,,46,1,0,1,,0,7,0,0,3,1,3,1,5865.6,5750.7,15583.3,0.452,1,11,10,0,0
base,casual,smarter,297,fallen,45,,46,1,0,1,,0,7,0,2,3,1,3,1,6475.8,6348.6,15583.3,0.505,1,1,10,0,0
base,casual,smarter,298,fallen,45,,46,1,0,1,,0,7,0,1,5,3,5,3,6571.1,6442.6,15583.3,0.506,1,27,10,0,0
base,casual,smarter,299,fallen,45,,46,1,0,1,,0,7,0,1,2,0,2,0,6733.6,6601.8,15583.3,0.516,1,2,10,0,0
base,casual,smarter,300,fallen,45,,46,1,0,1,,0,7,0,0,4,2,4,2,6578.7,6449.6,15583.3,0.508,1,27,10,0,0
base,committed,greedy,1,active,71,,,1,0,0,goblin:conquered:43 archmage:conquered:66,1,31,26,1,2,0,92,7,13423.4,12887,16741.3,0.782,6,10,5,19,0
base,committed,greedy,2,won,67,67,,1,1,0,archmage:conquered:43 goblin:conquered:51 orc:conquered:59 dwarf:conquered:67,2,30,25,0,2,0,86,6,13319.8,12750.9,16741.3,0.766,6,3,4,9,0
base,committed,greedy,3,active,71,,,0,0,0,goblin:conquered:50 archmage:conquered:62 orc:conquered:70,6,41,30,2,2,0,123,1,15190,14612.7,16741.3,0.856,7,1,1,20,0
base,committed,greedy,4,won,69,69,,0,0,0,archmage:conquered:40 goblin:conquered:51 orc:conquered:61 dwarf:conquered:69,2,29,23,1,2,0,89,7,13640.4,13099,16741.3,0.773,6,1,2,15,0
base,committed,greedy,5,won,63,63,,0,0,0,archmage:conquered:37 orc:conquered:47 goblin:conquered:55 dwarf:conquered:63,2,30,25,0,2,0,91,9,15205.7,14332.6,16741.3,0.814,5,1,0,6,0
base,committed,greedy,6,won,67,67,,0,0,0,archmage:conquered:40 orc:conquered:51 goblin:conquered:59 dwarf:conquered:67,3,28,21,0,3,1,94,8,13906.7,13313.9,16741.3,0.8,6,2,0,11,0
base,committed,greedy,7,won,60,60,,0,0,0,goblin:conquered:35 archmage:conquered:44 orc:conquered:52 dwarf:conquered:60,3,28,24,0,2,0,89,12,15893.7,14778.3,16741.3,0.826,5,2,0,3,0
base,committed,greedy,8,won,60,60,,0,0,0,archmage:conquered:34 goblin:conquered:44 orc:conquered:52 dwarf:conquered:60,2,31,26,0,2,0,88,9,15292.6,14446.7,16741.3,0.818,5,1,0,8,0
base,committed,greedy,9,active,71,,,0,0,0,goblin:conquered:42 archmage:conquered:63,2,33,28,0,4,2,96,9,13615.5,13047.1,16741.3,0.762,6,2,2,18,0
base,committed,greedy,10,active,71,,,0,0,0,,8,18,10,1,2,0,99,0,14305.6,13865.8,16741.3,0.824,6,2,0,37,0
base,committed,greedy,11,won,63,63,,0,0,0,goblin:conquered:39 archmage:conquered:47 orc:conquered:55 dwarf:conquered:63,2,28,24,0,2,0,83,8,14799.2,13820.7,16741.3,0.791,5,1,0,4,0
base,committed,greedy,12,won,51,51,,0,0,0,archmage:conquered:26 orc:conquered:35 goblin:conquered:43 dwarf:conquered:51,2,23,21,0,2,0,81,14,16794.8,15448.9,16741.3,0.844,4,2,0,4,0
base,committed,greedy,13,active,71,,,0,0,0,,7,26,12,1,2,0,99,1,14748.5,14150.4,16741.3,0.827,6,11,0,38,0
base,committed,greedy,14,won,58,58,,0,0,0,goblin:conquered:33 orc:conquered:42 archmage:conquered:50 dwarf:conquered:58,1,21,17,0,2,0,82,7,14678.8,13706.8,16741.3,0.783,5,1,0,6,0
base,committed,greedy,15,active,71,,,0,0,0,goblin:conquered:50 archmage:conquered:63,4,35,26,1,3,1,117,11,13293.2,12872,16741.3,0.797,6,2,2,24,0
base,committed,greedy,16,won,67,67,,0,0,0,dwarf:conquered:40 archmage:conquered:51 orc:conquered:59 goblin:conquered:67,3,29,22,0,2,0,82,5,14249.8,13596.7,16741.3,0.806,6,2,1,8,0
base,committed,greedy,17,active,71,,,0,0,0,,8,28,13,2,2,0,134,8,13509.3,13001.4,16741.3,0.805,7,1,0,35,0
base,committed,greedy,18,active,71,,,0,0,0,,8,26,13,0,2,0,78,3,14194.6,13769.5,16741.3,0.817,6,2,1,36,0
base,committed,greedy,19,active,71,,,0,0,0,,7,26,13,0,2,0,89,1,14326.5,13812.9,16741.3,0.788,6,3,0,43,0
base,committed,greedy,20,active,71,,,0,0,0,,6,24,7,0,3,1,119,4,13183.6,12793.6,16741.3,0.789,6,2,0,36,0
base,committed,greedy,21,active,71,,,0,0,0,,7,24,9,2,2,0,83,6,13700.2,13296,16741.3,0.81,6,1,0,33,0
base,committed,greedy,22,active,71,,,0,0,0,,7,29,9,2,3,1,143,8,13748.3,13351.7,16741.3,0.8,6,2,0,34,0
base,committed,greedy,23,active,71,,,0,0,0,,7,25,11,0,2,0,116,1,14428.9,13884.1,16741.3,0.819,6,2,0,35,0
base,committed,greedy,24,won,61,61,,0,0,0,dwarf:conquered:35 orc:conquered:45 archmage:conquered:53 goblin:conquered:61,3,24,19,0,2,0,86,8,14643.1,13822.2,16741.3,0.805,5,2,2,5,0
base,committed,greedy,25,active,71,,,0,0,0,,7,29,7,0,2,0,108,5,13356.9,12964.5,16741.3,0.793,6,3,0,23,0
base,committed,greedy,26,active,71,,,0,0,0,,4,24,11,0,2,0,100,2,13930.3,13374.1,16741.3,0.773,6,1,1,35,0
base,committed,greedy,27,won,66,66,,0,0,0,goblin:conquered:36 archmage:conquered:50 orc:conquered:58 dwarf:conquered:66,2,31,27,0,2,0,88,6,14893.8,13986.1,16741.3,0.813,6,1,0,15,0
base,committed,greedy,28,active,71,,,0,0,0,archmage:conquered:66,5,43,38,2,2,0,99,10,13504.8,12984.3,16741.3,0.787,6,2,2,20,0
base,committed,greedy,29,won,63,63,,0,0,0,goblin:conquered:39 archmage:conquered:47 orc:conquered:55 dwarf:conquered:63,2,29,26,0,2,0,83,5,15374.1,14311.4,16741.3,0.804,5,1,0,5,0
base,committed,greedy,30,active,71,,,0,0,0,goblin:conquered:39 archmage:conquered:58 orc:conquered:66,3,33,27,0,2,0,94,6,14575.5,13876.6,16741.3,0.841,7,2,1,16,0
base,committed,greedy,31,won,64,64,,0,0,0,goblin:conquered:40 archmage:conquered:48 orc:conquered:56 dwarf:conquered:64,3,31,26,0,2,0,93,11,15948.4,14903.4,16741.3,0.833,6,2,0,4,0
base,committed,greedy,32,won,67,67,,0,0,0,archmage:conquered:41 orc:conquered:51 goblin:conquered:59 dwarf:conquered:67,2,28,22,1,2,0,85,4,13998,13383.3,16741.3,0.809,5,1,2,11,0
base,committed,greedy,33,won,62,62,,0,0,0,goblin:conquered:36 archmage:conquered:46 orc:conquered:54 dwarf:conquered:62,2,26,21,0,2,0,93,12,14783.3,13901.4,16741.3,0.817,6,2,0,5,0
base,committed,greedy,34,active,71,,,0,0,0,,7,27,18,1,2,0,91,2,14628,14137.9,16741.3,0.798,6,10,0,36,0
base,committed,greedy,35,active,71,,,0,0,0,,6,23,8,0,2,0,106,1,14522.9,13941.4,16741.3,0.819,6,1,0,37,0
base,committed,greedy,36,active,71,,,0,0,0,,7,24,15,1,2,0,98,1,14936.4,14388.5,16741.3,0.852,7,1,0,34,0
base,committed,greedy,37,active,71,,,0,0,0,,6,29,17,1,2,0,108,7,13324.4,12915.3,16741.3,0.802,6,1,0,37,0
base,committed,greedy,38,active,71,,,0,0,0,,4,20,5,2,2,0,100,4,13051.9,12657.8,16741.3,0.735,6,7,2,36,0
base,committed,greedy,39,won,67,67,,0,0,0,archmage:conquered:42 goblin:conquered:50 orc:conquered:58 dwarf:conquered:67,3,30,27,0,2,0,88,11,15626.6,14554.4,16741.3,0.821,6,2,0,4,0
base,committed,greedy,40,active,71,,,0,0,0,,7,25,8,2,2,0,118,12,13213.3,12819.7,16741.3,0.77,6,1,0,38,0
base,committed,greedy,41,active,71,,,0,0,0,,7,32,17,0,2,0,116,5,14223.3,13729.8,16741.3,0.823,6,1,0,36,0
base,committed,greedy,42,won,60,60,,0,0,0,goblin:conquered:35 archmage:conquered:43 orc:conquered:52 dwarf:conquered:60,1,23,20,0,4,2,90,8,14569,13634.3,16741.3,0.799,5,1,0,5,0
base,committed,greedy,43,active,71,,,0,0,0,goblin:conquered:37 orc:conquered:64,3,33,26,0,2,0,88,6,14409,13702.3,16741.3,0.809,6,3,0,22,0
base,committed,greedy,44,won,61,61,,0,0,0,goblin:conquered:37 archmage:conquered:45 orc:conquered:53 dwarf:conquered:61,2,30,26,0,6,4,97,14,14452.8,13595.3,16741.3,0.795,5,2,0,3,0
base,committed,greedy,45,active,71,,,0,0,0,,6,27,12,0,4,2,100,5,13172.7,12785.5,16741.3,0.767,6,4,2,36,0
base,committed,greedy,46,active,71,,,0,0,0,,7,24,9,2,2,0,96,2,14166.8,13726,16741.3,0.829,6,3,0,36,0
base,committed,greedy,47,active,71,,,0,0,0,goblin:conquered:42 archmage:conquered:62 orc:conquered:70,3,34,27,0,4,2,90,7,14671.8,14013.9,16741.3,0.837,6,9,1,20,0
base,committed,greedy,48,active,71,,,0,0,0,goblin:conquered:42 archmage:conquered:62 orc:conquered:70,3,36,28,0,2,0,99,13,13559.1,13008,16741.3,0.752,6,2,0,19,0
base,committed,greedy,49,active,71,,,0,0,0,goblin:conquered:43 archmage:conquered:57 orc:conquered:65,4,37,29,1,3,1,99,8,14314.1,13747.2,16741.3,0.823,6,1,0,12,0
base,committed,greedy,50,active,71,,,0,0,0,,8,30,13,1,2,0,89,2,14513.2,14047.5,16741.3,0.834,6,2,0,35,0
base,committed,greedy,51,active,71,,,0,0,0,,4,33,21,2,2,0,137,2,13297.9,12804.6,16741.3,0.809,7,2,0,24,0
base,committed,greedy,52,won,55,55,,0,0,0,goblin:conquered:31 archmage:conquered:39 orc:conquered:47 dwarf:conquered:55,2,26,23,0,2,0,83,8,15049.7,14045.6,16741.3,0.789,5,1,0,7,0
base,committed,greedy,53,active,71,,,0,0,0,goblin:conquered:38 archmage:conquered:60 orc:conquered:68,1,30,25,0,2,0,98,5,13848.2,13150.6,16741.3,0.796,6,10,2,21,0
base,committed,greedy,54,active,71,,,0,0,0,,6,24,9,2,2,0,96,9,12705.5,12353.4,16741.3,0.799,6,2,2,34,0
base,committed,greedy,55,won,55,55,,0,0,0,archmage:conquered:31 goblin:conquered:39 orc:conquered:47 dwarf:conquered:55,3,22,19,0,2,0,88,9,15743.9,14660,16741.3,0.807,4,1,0,5,0
base,committed,greedy,56,active,71,,,0,0,0,,6,25,10,1,2,0,89,3,14152,13673.5,16741.3,0.798,6,1,2,37,0
base,committed,greedy,57,active,71,,,0,0,0,archmage:conquered:67,7,36,25,1,3,1,129,8,14161.4,13715,16741.3,0.801,6,4,0,27,0
base,committed,greedy,58,active,71,,,0,0,0,,7,27,6,1,2,0,114,7,13978.4,13565.2,16741.3,0.802,6,4,0,37,0
base,committed,greedy,59,active,71,,,0,0,0,,7,30,13,3,2,0,105,8,14682.3,14151,16741.3,0.807,6,2,0,46,0
base,committed,greedy,60,won,65,65,,0,0,0,dwarf:conquered:40 archmage:conquered:49 orc:conquered:57 goblin:conquered:65,2,30,24,0,2,0,81,2,14904.5,14167.4,16741.3,0.83,7,1,2,5,0
base,committed,greedy,61,won,62,62,,0,0,0,archmage:conquered:36 orc:conquered:46 goblin:conquered:54 dwarf:conquered:62,1,27,23,1,2,0,86,6,15640.4,14639.9,16741.3,0.81,5,2,0,13,0
base,committed,greedy,62,won,70,70,,0,0,0,archmage:conquered:46 goblin:conquered:54 orc:conquered:62 dwarf:conquered:70,6,38,32,1,3,1,90,11,15638.7,14614.6,16741.3,0.835,6,1,0,7,0
base,committed,greedy,63,won,70,70,,0,0,0,archmage:conquered:42 goblin:conquered:50 orc:conquered:62 dwarf:conquered:70,2,29,23,0,3,1,83,5,14197.3,13653,16741.3,0.802,6,1,1,21,0
base,committed,greedy,64,active,71,,,0,0,0,,7,25,10,0,2,0,91,2,13551.8,13112.5,16741.3,0.809,6,7,0,36,0
base,committed,greedy,65,won,60,60,,0,0,0,archmage:conquered:35 goblin:conquered:43 orc:conquered:52 dwarf:conquered:60,1,25,21,0,2,0,79,5,14515.9,13576.6,16741.3,0.78,5,1,2,13,0
base,committed,greedy,66,won,70,70,,0,0,0,archmage:conquered:39 orc:conquered:54 goblin:conquered:62 dwarf:conquered:70,3,33,28,0,3,1,92,8,14337.6,13707.5,16741.3,0.794,6,3,0,16,0
base,committed,greedy,67,won,66,66,,0,0,0,goblin:conquered:38 archmage:conquered:50 orc:conquered:58 dwarf:conquered:66,3,34,29,1,3,1,92,7,14805.7,14030.4,16741.3,0.81,6,2,2,13,0
base,committed,greedy,68,active,71,,,0,0,0,,7,28,9,1,3,1,110,4,14466.7,13999.8,16741.3,0.824,6,1,0,36,0
base,committed,greedy,69,active,71,,,0,0,0,archmage:conquered:26 goblin:conquered:35 orc:conquered:44,1,20,18,0,3,1,80,8,16008.9,14741.8,16741.3,0.804,6,1,0,3,0
base,committed,greedy,70,won,63,63,,0,0,0,goblin:conquered:37 archmage:conquered:47 orc:conquered:55 dwarf:conquered:63,3,32,28,0,2,0,88,2,15432.4,14455,16741.3,0.8,5,3,0,9,0
base,committed,greedy,71,active,71,,,0,0,0,,6,35,18,0,2,0,128,8,14913.4,14302.3,16741.3,0.855,7,1,0,39,0
base,committed,greedy,72,won,60,60,,0,0,0,dwarf:conquered:35 archmage:conquered:44 orc:conquered:52 goblin:conquered:60,1,27,23,0,3,1,88,12,14903,13986.9,16741.3,0.811,6,1,0,5,0
base,committed,greedy,73,won,63,63,,0,0,0,orc:conquered:39 goblin:conquered:47 archmage:conquered:55 dwarf:conquered:63,4,29,23,0,2,0,93,11,15513.3,14487,16741.3,0.832,5,1,0,4,0
base,committed,greedy,74,active,71,,,0,0,0,,8,26,11,0,2,0,98,6,14275.6,13849.5,16741.3,0.832,6,2,0,37,0
base,committed,greedy,75,won,65,65,,0,0,0,dwarf:conquered:37 archmage:conquered:49 goblin:conquered:57 orc:conquered:65,2,31,25,0,3,1,91,9,14356.7,13656.9,16741.3,0.808,6,2,3,7,0
base,committed,greedy,76,active,71,,,0,0,0,goblin:conquered:39 archmage:conquered:60 orc:conquered:68,2,34,26,0,4,2,102,10,15257.1,14471,16741.3,0.818,6,3,0,22,0
base,committed,greedy,77,won,63,63,,0,0,0,archmage:conquered:39 goblin:conquered:47 orc:conquered:55 dwarf:conquered:63,2,26,20,0,3,1,85,7,13921.3,13373.4,16741.3,0.805,6,2,1,13,0
base,committed,greedy,78,active,71,,,0,0,0,,8,21,8,2,4,2,139,5,14910.2,14237.8,16741.3,0.829,6,4,0,42,0
base,committed,greedy,79,won,62,62,,0,0,0,goblin:conquered:36 archmage:conquered:46 orc:conquered:54 dwarf:conquered:62,2,30,24,0,2,0,89,8,15425.9,14537.4,16741.3,0.819,5,1,0,6,0
base,committed,greedy,80,active,71,,,0,0,0,,7,24,14,1,2,0,68,1,14150.4,13707.8,16741.3,0.838,6,15,0,35,0
base,committed,greedy,81,active,71,,,0,0,0,goblin:conquered:54 archmage:conquered:66,5,37,27,4,3,1,115,7,14088.6,13546.4,16741.3,0.81,6,2,0,25,0
base,committed,greedy,82,won,65,65,,0,0,0,archmage:conquered:40 goblin:conquered:48 orc:conquered:57 dwarf:conquered:65,2,26,20,0,4,2,87,7,13701.9,13184.1,16741.3,0.796,6,2,1,16,0
base,committed,greedy,83,active,71,,,0,0,0,archmage:conquered:67,6,37,31,1,2,0,95,5,13698.8,13189.8,16741.3,0.799,6,2,1,21,0
base,committed,greedy,84,active,71,,,0,0,0,,6,25,10,2,3,1,116,9,13328.8,12904.2,16741.3,0.785,6,1,1,35,0
base,committed,greedy,85,active,71,,,0,0,0,,7,29,15,0,2,0,108,8,13758.8,13238.5,16741.3,0.803,6,2,0,35,0
base,committed,greedy,86,won,60,60,,0,0,0,archmage:conquered:35 goblin:conquered:44 orc:conquered:52 dwarf:conquered:60,2,27,22,0,2,0,85,5,15752.9,14829.3,16741.3,0.843,5,5,0,7,0
base,committed,greedy,87,active,71,,,0,0,0,goblin:conquered:47 archmage:conquered:64,3,31,25,0,3,1,98,9,14145.8,13576.8,16741.3,0.801,7,2,2,23,0
base,committed,greedy,88,won,56,56,,0,0,0,archmage:conquered:31 orc:conquered:40 goblin:conquered:48 dwarf:conquered:56,1,22,19,0,2,0,80,8,15434.2,14360.7,16741.3,0.805,5,1,0,2,0
base,committed,greedy,89,active,71,,,0,0,0,goblin:conquered:44 archmage:conquered:55 orc:conquered:63,3,33,28,0,2,0,104,6,13218.5,12680.9,16741.3,0.796,6,5,3,11,0
base,committed,greedy,90,active,71,,,0,0,0,,5,29,12,1,2,0,124,5,13707.9,13194.8,16741.3,0.793,6,2,1,35,0
base,committed,greedy,91,active,71,,,0,0,0,archmage:conquered:55 goblin:conquered:64,5,30,23,1,2,0,111,8,13826.6,13416.2,16741.3,0.791,6,1,0,30,0
base,committed,greedy,92,active,71,,,0,0,0,,6,29,14,1,3,1,108,5,14216.7,13689.6,16741.3,0.806,6,3,2,35,0
base,committed,greedy,93,won,68,68,,0,0,0,goblin:conquered:43 orc:conquered:52 archmage:conquered:60 dwarf:conquered:68,4,34,29,0,2,0,88,9,15039.8,14171.3,16741.3,0.801,6,1,0,7,0
base,committed,greedy,94,active,71,,,0,0,0,archmage:conquered:66,7,37,24,1,2,0,143,6,13831.5,13413.2,16741.3,0.831,7,4,1,24,0
base,committed,greedy,95,active,71,,,0,0,0,archmage:conquered:58 orc:conquered:66,6,40,27,0,3,1,109,3,14329.2,13745,16741.3,0.826,6,2,0,16,0
base,committed,greedy,96,active,71,,,0,0,0,,6,26,11,0,2,0,122,5,13670,13136.4,16741.3,0.807,6,1,0,36,0
base,committed,greedy,97,active,71,,,0,0,0,goblin:conquered:41 archmage:conquered:55 orc:conquered:63,3,33,27,1,2,0,96,7,14345.4,13653.3,16741.3,0.815,6,1,1,9,0
base,committed,greedy,98,active,71,,,0,0,0,,6,24,6,0,3,1,134,5,13508,13107.9,16741.3,0.785,7,7,0,35,0
base,committed,greedy,99,won,61,61,,0,0,0,archmage:conquered:35 goblin:conquered:44 orc:conquered:53 dwarf:conquered:61,2,27,22,0,2,0,94,11,14903.5,13985.1,16741.3,0.774,5,3,0,6,0
base,committed,greedy,100,active,71,,,0,0,0,goblin:conquered:42 archmage:conquered:60 orc:conquered:68,1,31,26,2,4,2,86,8,12955.5,12388.7,16741.3,0.748,6,5,2,18,0
base,committed,greedy,101,active,71,,,0,0,0,,8,30,15,1,2,0,114,2,13687.4,13246.2,16741.3,0.798,6,1,0,32,0
base,committed,greedy,102,won,64,64,,0,0,0,orc:conquered:40 archmage:conquered:48 goblin:conquered:56 dwarf:conquered:64,2,28,24,0,2,0,88,9,15267.1,14201.7,16741.3,0.808,6,1,0,6,0
base,committed,greedy,103,won,68,68,,0,0,0,goblin:conquered:42 archmage:conquered:52 orc:conquered:60 dwarf:conquered:68,2,31,24,0,2,0,98,7,14000.3,13399.7,16741.3,0.776,6,2,2,15,0
base,committed,greedy,104,active,71,,,0,0,0,goblin:conquered:55 archmage:conquered:67,6,34,20,3,3,1,131,8,13683.3,13289.7,16741.3,0.815,6,2,0,24,0
base,committed,greedy,105,active,71,,,0,0,0,,6,30,21,1,2,0,154,17,14003.1,13458,16741.3,0.797,6,1,1,33,0
base,committed,greedy,106,won,63,63,,0,0,0,archmage:conquered:38 orc:conquered:47 goblin:conquered:55 dwarf:conquered:63,2,29,25,0,2,0,88,12,14643.7,13752.5,16741.3,0.789,5,3,0,7,0
base,committed,greedy,107,won,67,67,,0,0,0,goblin:conquered:42 dwarf:conquered:51 archmage:conquered:59 orc:conquered:67,3,29,23,0,2,0,83,6,14430.2,13811.5,16741.3,0.835,6,2,2,8,0
base,committed,greedy,108,active,71,,,0,0,0,archmage:conquered:44 goblin:conquered:57 orc:conquered:65,3,32,25,0,2,0,93,8,12997.5,12537.1,16741.3,0.796,7,2,1,10,0
base,committed,greedy,109,active,71,,,1,1,0,archmage:conquered:62 orc:conquered:70,5,37,29,0,3,1,103,4,13446.4,12835.8,16741.3,0.767,6,10,4,22,0
base,committed,greedy,110,won,68,68,,0,0,0,goblin:conquered:36 archmage:conquered:52 orc:conquered:60 dwarf:conquered:68,1,30,25,0,2,0,85,1,14320.2,13539.5,16741.3,0.804,6,1,1,11,0
base,committed,greedy,111,active,71,,,1,1,0,,4,27,12,0,2,0,87,2,12505.9,12032.7,16741.3,0.759,6,1,4,35,0
base,committed,greedy,112,won,54,54,,0,0,0,archmage:conquered:30 goblin:conquered:38 orc:conquered:46 dwarf:conquered:54,2,24,22,0,3,1,80,13,16493.1,15171.7,16741.3,0.83,4,2,0,3,0
base,committed,greedy,113,won,62,62,,0,0,0,dwarf:conquered:37 archmage:conquered:46 goblin:conquered:54 orc:conquered:62,2,30,25,0,2,0,114,28,13648.2,12843.6,16741.3,0.768,5,2,1,9,0
base,committed,greedy,114,won,62,62,,0,0,0,archmage:conquered:37 goblin:conquered:45 orc:conquered:54 dwarf:conquered:62,2,27,21,0,2,0,86,5,14439.7,13789.7,16741.3,0.788,5,31,1,12,0
base,committed,greedy,115,won,66,66,,0,0,0,archmage:conquered:42 goblin:conquered:50 orc:conquered:58 dwarf:conquered:66,3,30,26,0,2,0,84,5,16481.8,15325.2,16741.3,0.829,5,1,0,7,0
base,committed,greedy,116,active,71,,,0,0,0,,7,19,5,1,3,1,127,8,13880.4,13307.1,16741.3,0.79,6,3,0,38,0
base,committed,greedy,117,active,71,,,0,0,0,,9,26,12,2,2,0,98,3,15190.1,14675.9,16741.3,0.838,6,1,0,39,0
base,committed,greedy,118,won,62,62,,0,0,0,archmage:conquered:38 dwarf:conquered:46 orc:conquered:54 goblin:conquered:62,3,33,29,0,3,1,88,7,14461.9,13672.7,16741.3,0.793,5,2,0,7,0
base,committed,greedy,119,active,71,,,0,0,0,orc:conquered:63,7,29,13,1,3,1,147,8,13982.3,13523.1,16741.3,0.79,6,2,0,34,0
base,committed,greedy,120,active,71,,,0,0,0,archmage:conquered:41 orc:conquered:56 goblin:conquered:64,2,30,24,0,2,0,93,15,13464.8,12915.6,16741.3,0.796,6,1,1,10,0
base,committed,greedy,121,won,63,63,,0,0,0,archmage:conquered:38 goblin:conquered:47 orc:conquered:55 dwarf:conquered:63,1,27,23,0,3,1,83,3,15374.5,14499.4,16741.3,0.811,6,3,0,8,0
base,committed,greedy,122,won,67,67,,0,0,0,goblin:conquered:41 orc:conquered:51 archmage:conquered:59 dwarf:conquered:67,3,27,21,0,3,1,89,6,13525.6,12965,16741.3,0.819,6,2,0,6,0
base,committed,greedy,123,active,71,,,0,0,0,,4,20,10,0,3,1,121,11,12604.3,12210.2,16741.3,0.759,6,5,0,35,0
base,committed,greedy,124,active,71,,,0,0,0,orc:conquered:66,7,40,28,1,3,1,151,13,13514.1,13004.7,16741.3,0.811,6,2,1,25,0
base,committed,greedy,125,won,61,61,,0,0,0,dwarf:conquered:37 archmage:conquered:45 goblin:conquered:53 orc:conquered:61,5,31,27,0,2,0,86,9,15086.9,14139.8,16741.3,0.818,5,1,0,5,0
base,committed,greedy,126,active,71,,,0,0,0,,7,20,7,3,2,0,124,5,13407.7,12996,16741.3,0.791,6,1,1,34,0
base,committed,greedy,127,won,63,63,,0,0,0,dwarf:conquered:36 archmage:conquered:47 orc:conquered:55 goblin:conquered:63,3,32,26,0,5,3,96,10,15318.4,14516.1,16741.3,0.827,5,1,0,7,0
base,committed,greedy,128,won,59,59,,0,0,0,archmage:conquered:34 goblin:conquered:43 orc:conquered:51 dwarf:conquered:59,4,29,24,0,2,0,87,7,15426.8,14485.7,16741.3,0.829,5,3,0,8,0
base,committed,greedy,129,won,64,64,,0,0,0,goblin:conquered:39 archmage:conquered:47 dwarf:conquered:56 orc:conquered:64,2,26,20,0,2,0,80,2,14487.3,13824,16741.3,0.828,5,2,1,13,0
base,committed,greedy,130,active,71,,,0,0,0,,6,25,9,0,2,0,112,6,13479.1,13083,16741.3,0.801,6,2,0,37,0
base,committed,greedy,131,active,71,,,0,0,0,,7,27,11,1,3,1,110,4,14405,13980.4,16741.3,0.821,6,2,0,36,0
base,committed,greedy,132,active,71,,,0,0,0,,7,26,5,2,2,0,126,5,14374.1,13946.3,16741.3,0.828,6,1,0,36,0
base,committed,greedy,133,won,56,56,,0,0,0,archmage:conquered:31 goblin:conquered:40 orc:conquered:48 dwarf:conquered:56,1,23,19,0,3,1,82,10,15291.2,14206.1,16741.3,0.794,5,1,0,2,0
base,committed,greedy,134,won,69,69,,0,0,0,goblin:conquered:44 archmage:conquered:53 orc:conquered:61 dwarf:conquered:69,4,35,28,1,2,0,88,9,13272.6,12769.5,16741.3,0.802,7,2,2,10,0
base,committed,greedy,135,active,71,,,0,0,0,,7,26,10,2,2,0,105,4,14181.1,13643.4,16741.3,0.811,6,2,0,34,0
base,committed,greedy,136,active,71,,,0,0,0,,6,27,11,2,2,0,114,7,13528.2,13089.1,16741.3,0.782,6,2,0,35,0
base,committed,greedy,137,active,71,,,0,0,0,,7,27,10,0,2,0,93,5,14182.9,13752.1,16741.3,0.808,6,1,0,35,0
base,committed,greedy,138,won,55,55,,0,0,0,goblin:conquered:31 archmage:conquered:39 orc:conquered:47 dwarf:conquered:55,1,20,18,0,2,0,83,12,15329.5,14199,16741.3,0.803,5,1,0,4,0
base,committed,greedy,139,active,71,,,0,0,0,,8,28,15,1,3,1,115,1,14946.9,14384,16741.3,0.841,6,2,0,37,0
base,committed,greedy,140,won,49,49,,0,0,0,archmage:conquered:24 goblin:conquered:33 orc:conquered:41 dwarf:conquered:49,3,25,22,0,2,0,87,11,16345.4,15061.7,16741.3,0.834,4,1,0,4,0
base,committed,greedy,141,won,59,59,,0,0,0,goblin:conquered:34 archmage:conquered:43 orc:conquered:51 dwarf:conquered:59,3,28,23,0,2,0,91,9,15962,15006.5,16741.3,0.845,5,1,0,7,0
base,committed,greedy,142,active,71,,,0,0,0,goblin:conquered:43 archmage:conquered:56 orc:conquered:64,2,32,26,1,2,0,94,9,13285.4,12754.6,16741.3,0.792,6,2,1,14,0
base,committed,greedy,143,won,63,63,,0,0,0,dwarf:conquered:38 archmage:conquered:47 orc:conquered:55 goblin:conquered:63,4,33,25,1,2,0,98,9,15419,14610,16741.3,0.822,5,1,0,16,0
base,committed,greedy,144,won,69,69,,0,0,0,archmage:conquered:40 orc:conquered:53 goblin:conquered:61 dwarf:conquered:69,2,30,24,0,2,0,91,7,13906.2,13319.7,16741.3,0.805,6,2,1,11,0
base,committed,greedy,145,won,66,66,,0,0,0,orc:conquered:41 goblin:conquered:50 archmage:conquered:58 dwarf:conquered:66,4,31,24,1,2,0,88,12,14588.4,13939.1,16741.3,0.79,6,1,3,10,0
base,committed,greedy,146,active,71,,,0,0,0,goblin:conquered:41 archmage:conquered:65,1,32,27,2,2,0,84,2,13268.2,12700,16741.3,0.781,6,2,1,21,0
base,committed,greedy,147,won,67,67,,0,0,0,goblin:conquered:40 orc:conquered:51 archmage:conquered:59 dwarf:conquered:67,3,29,22,0,3,1,89,8,14114.3,13452.4,16741.3,0.794,6,2,0,12,0
base,committed,greedy,148,active,71,,,0,0,0,archmage:conquered:60 goblin:conquered:68,5,38,31,0,2,0,119,13,13540.4,13036.5,16741.3,0.821,7,4,1,16,0
base,committed,greedy,149,active,71,,,0,0,0,,7,25,11,4,2,0,100,8,12907.9,12456.6,16741.3,0.788,6,1,0,34,0
base,committed,greedy,150,active,71,,,0,0,0,,7,23,8,1,2,0,116,4,14301.5,13810.7,16741.3,0.802,6,3,0,37,0
base,committed,greedy,151,won,60,60,,0,0,0,archmage:conquered:34 goblin:conquered:44 orc:conquered:52 dwarf:conquered:60,2,29,25,0,2,0,91,5,15561.4,14568.5,16741.3,0.831,5,2,0,5,0
base,committed,greedy,152,active,71,,,0,0,0,archmage:conquered:68,7,39,29,2,2,0,124,6,13754.7,13324.7,16741.3,0.774,6,2,1,25,0
base,committed,greedy,153,won,61,61,,0,0,0,archmage:conquered:37 goblin:conquered:45 orc:conquered:53 dwarf:conquered:61,3,29,23,0,3,1,89,7,14011.4,13396.1,16741.3,0.815,5,1,0,12,0
base,committed,greedy,154,active,71,,,0,0,0,,6,28,13,0,3,1,125,4,13791.3,13338.4,16741.3,0.805,6,2,0,36,0
base,committed,greedy,155,won,55,55,,0,0,0,goblin:conquered:31 archmage:conquered:39 orc:conquered:47 dwarf:conquered:55,3,23,18,0,3,1,95,12,15591.8,14533.2,16741.3,0.799,5,4,0,5,0
base,committed,greedy,156,active,71,,,0,0,0,,7,27,11,0,2,0,146,2,14248.8,13685.8,16741.3,0.821,6,2,0,37,0
base,committed,greedy,157,active,71,,,1,0,0,archmage:conquered:64,8,37,30,2,2,0,93,9,14451.6,13888.5,16741.3,0.813,6,7,4,19,0
base,committed,greedy,158,won,70,70,,0,0,0,archmage:conquered:41 goblin:conquered:54 orc:conquered:62 dwarf:conquered:70,3,28,23,0,2,0,88,7,12467.1,12017.7,16741.3,0.746,6,1,1,19,0
base,committed,greedy,159,won,61,61,,0,0,0,orc:conquered:37 archmage:conquered:45 goblin:conquered:53 dwarf:conquered:61,3,28,23,0,2,0,100,13,15654.5,14673.1,16741.3,0.83,6,1,0,7,0
base,committed,greedy,160,active,71,,,1,1,0,goblin:conquered:52 archmage:conquered:65,5,36,26,0,2,0,110,5,14047.6,13516,16741.3,0.814,6,5,4,20,0
base,committed,greedy,161,active,71,,,0,0,0,goblin:conquered:39 archmage:conquered:64,2,31,25,0,2,0,94,5,13197,12613.1,16741.3,0.775,6,6,1,22,0
base,committed,greedy,162,won,65,65,,0,0,0,archmage:conquered:41 goblin:conquered:49 orc:conquered:57 dwarf:conquered:65,4,32,28,0,2,0,82,1,15213.6,14306.3,16741.3,0.817,6,1,0,5,0
base,committed,greedy,163,won,59,59,,0,0,0,archmage:conquered:34 orc:conquered:43 goblin:conquered:51 dwarf:conquered:59,1,22,18,0,4,2,80,6,15148.4,14160.2,16741.3,0.803,5,2,0,3,0
base,committed,greedy,164,active,71,,,0,0,0,,7,27,13,1,3,1,119,5,14470.8,14033,16741.3,0.832,6,2,0,36,0
base,committed,greedy,165,won,61,61,,0,0,0,archmage:conquered:36 goblin:conquered:44 orc:conquered:53 dwarf:conquered:61,2,24,21,0,3,1,84,11,15123.9,14047.2,16741.3,0.778,5,2,0,4,0
base,committed,greedy,166,won,63,63,,0,0,0,dwarf:conquered:35 goblin:conquered:47 orc:conquered:55 archmage:conquered:63,3,32,27,0,2,0,86,10,14991.7,14188.2,16741.3,0.827,6,2,1,7,0
base,committed,greedy,167,active,71,,,0,0,0,,6,23,14,1,2,0,101,2,12782.7,12414.1,16741.3,0.795,7,1,2,36,0
base,committed,greedy,168,won,63,63,,0,0,0,goblin:conquered:36 archmage:conquered:47 orc:conquered:55 dwarf:conquered:63,2,32,26,1,2,0,93,10,15385.4,14527,16741.3,0.826,6,4,0,9,0
base,committed,greedy,169,active,71,,,0,0,0,,6,27,11,1,2,0,104,10,12778.3,12380.7,16741.3,0.754,6,2,2,34,0
base,committed,greedy,170,won,60,60,,0,0,0,archmage:conquered:36 goblin:conquered:44 orc:conquered:52 dwarf:conquered:60,1,25,21,0,2,0,82,4,15168.7,14190.3,16741.3,0.828,5,3,0,3,0
base,committed,greedy,171,won,61,61,,0,0,0,archmage:conquered:37 goblin:conquered:45 orc:conquered:53 dwarf:conquered:61,3,30,26,0,2,0,99,11,14872.2,14059.1,16741.3,0.813,5,4,0,8,0
base,committed,greedy,172,won,61,61,,0,0,0,archmage:conquered:35 dwarf:conquered:44 orc:conquered:53 goblin:conquered:61,4,30,25,0,2,0,81,3,15065,14254.8,16741.3,0.82,5,2,0,9,0
base,committed,greedy,173,active,71,,,0,0,0,archmage:conquered:61 orc:conquered:69,5,33,28,1,2,0,88,7,13549.7,13021.7,16741.3,0.781,6,4,3,20,0
base,committed,greedy,174,won,68,68,,1,1,0,archmage:conquered:43 orc:conquered:52 goblin:conquered:60 dwarf:conquered:68,2,31,26,0,2,0,86,9,13322.3,12683.4,16741.3,0.752,6,3,4,9,0
base,committed,greedy,175,active,71,,,0,0,0,goblin:conquered:44 archmage:conquered:64,3,38,32,1,3,1,87,8,13948.4,13379.1,16741.3,0.8,6,1,2,21,0
base,committed,greedy,176,active,71,,,1,0,0,archmage:conquered:40,1,20,15,0,3,1,91,6,13378.5,12821.8,16741.3,0.781,6,1,4,18,0
base,committed,greedy,177,active,71,,,0,0,0,,5,23,1,1,2,0,134,2,13450.7,13044.2,16741.3,0.79,6,2,0,36,0
base,committed,greedy,178,won,62,62,,0,0,0,goblin:conquered:37 archmage:conquered:46 orc:conquered:54 dwarf:conquered:62,3,31,26,1,2,0,85,7,13288.5,12587.9,16741.3,0.769,5,1,0,8,0
base,committed,greedy,179,active,71,,,0,0,0,,8,28,19,1,3,1,89,7,14149.2,13615.2,16741.3,0.81,6,21,1,35,0
base,committed,greedy,180,active,71,,,0,0,0,goblin:conquered:64,6,32,15,2,2,0,134,6,13767.8,13377.4,16741.3,0.824,7,1,0,33,0
base,committed,greedy,181,active,71,,,0,0,0,,7,26,8,0,2,0,104,5,13710.5,13317,16741.3,0.801,6,2,0,35,0
base,committed,greedy,182,active,71,,,0,0,0,,7,34,15,2,2,0,115,11,14130.9,13587.4,16741.3,0.806,6,2,2,37,0
base,committed,greedy,183,won,62,62,,0,0,0,goblin:conquered:38 orc:conquered:46 archmage:conquered:54 dwarf:conquered:62,2,27,24,1,2,0,83,6,14318.3,13361.9,16741.3,0.799,6,2,0,7,0
base,committed,greedy,184,won,70,70,,0,0,0,goblin:conquered:41 archmage:conquered:54 orc:conquered:62 dwarf:conquered:70,2,31,25,0,2,0,95,9,13730,13113,16741.3,0.782,6,5,1,11,0
base,committed,greedy,185,active,71,,,0,0,0,,8,25,2,1,3,1,141,8,14012.1,13590.7,16741.3,0.812,6,1,0,37,0
base,committed,greedy,186,active,71,,,0,0,0,,7,24,14,1,2,0,107,6,14601.4,14024,16741.3,0.81,6,5,0,35,0
base,committed,greedy,187,won,63,63,,0,0,0,archmage:conquered:37 dwarf:conquered:46 goblin:conquered:54 orc:conquered:63,4,33,27,0,2,0,84,1,15508.7,14718.1,16741.3,0.851,6,2,0,8,0
base,committed,greedy,188,won,68,68,,0,0,0,goblin:conquered:39 archmage:conquered:52 orc:conquered:60 dwarf:conquered:68,2,32,26,1,2,0,85,4,14069.8,13393.5,16741.3,0.792,6,1,1,7,0
base,committed,greedy,189,active,71,,,0,0,0,,7,27,10,0,3,1,129,7,13976,13438.7,16741.3,0.782,6,2,0,36,0
base,committed,greedy,190,active,71,,,0,0,0,goblin:conquered:39 archmage:conquered:62 orc:conquered:70,3,33,26,0,2,0,94,5,14430.3,13801.5,16741.3,0.82,6,2,2,20,0
base,committed,greedy,191,active,71,,,0,0,0,,6,25,6,1,2,0,125,3,13639.4,13245.2,16741.3,0.815,6,2,1,35,0
base,committed,greedy,192,won,62,62,,0,0,0,archmage:conquered:34 dwarf:conquered:46 goblin:conquered:54 orc:conquered:62,3,27,23,0,2,0,82,3,15297.2,14437.9,16741.3,0.826,5,3,0,7,0
base,committed,greedy,193,won,69,69,,0,0,0,goblin:conquered:43 orc:conquered:53 archmage:conquered:61 dwarf:conquered:69,4,29,22,0,3,1,93,12,14189.6,13585.8,16741.3,0.813,6,3,0,9,0
base,committed,greedy,194,active,71,,,0,0,0,goblin:conquered:44 archmage:conquered:56 orc:conquered:64,5,32,24,1,2,0,83,2,14737.3,14086.6,16741.3,0.837,7,1,1,15,0
base,committed,greedy,195,active,71,,,0,0,0,,7,31,16,1,3,1,99,8,14000.6,13485.5,16741.3,0.806,6,2,0,36,0
base,committed,greedy,196,active,71,,,1,0,0,,7,29,22,1,3,1,101,14,13408.7,12921.4,16741.3,0.807,6,2,4,17,0
base,committed,greedy,197,active,71,,,0,0,0,goblin:conquered:39 archmage:conquered:61 orc:conquered:69,3,33,27,1,2,0,99,5,14752.7,14019.7,16741.3,0.842,7,2,1,19,0
base,committed,greedy,198,active,71,,,0,0,0,,6,16,5,2,2,0,105,1,14167.8,13728.2,16741.3,0.8,6,2,0,37,0
base,committed,greedy,199,active,71,,,0,0,0,archmage:conquered:70,8,36,23,2,2,0,136,7,14270.7,13838.6,16741.3,0.811,6,2,0,25,0
base,committed,greedy,200,active,71,,,0,0,0,,8,30,14,2,3,1,95,4,14396.2,13828.7,16741.3,0.824,7,2,0,36,0
base,committed,greedy,201,won,63,63,,0,0,0,dwarf:conquered:36 archmage:conquered:47 orc:conquered:55 goblin:conquered:63,2,29,24,0,3,1,83,5,14759.2,13950.4,16741.3,0.792,5,2,2,5,0
base,committed,greedy,202,active,71,,,0,0,0,,5,25,11,1,4,2,125,5,13554.4,13015,16741.3,0.782,6,2,0,37,0
base,committed,greedy,203,won,60,60,,0,0,0,archmage:conquered:35 orc:conquered:44 goblin:conquered:52 dwarf:conquered:60,1,25,21,0,2,0,87,12,14775.1,13903.3,16741.3,0.795,5,2,0,6,0
base,committed,greedy,204,won,68,68,,0,0,0,archmage:conquered:40 orc:conquered:52 goblin:conquered:60 dwarf:conquered:68,3,31,25,0,3,1,87,8,14041.4,13456.4,16741.3,0.783,6,2,3,8,0
base,committed,greedy,205,won,65,65,,0,0,0,goblin:conquered:39 archmage:conquered:49 orc:conquered:57 dwarf:conquered:65,4,32,26,0,2,0,101,8,14717.3,13998.4,16741.3,0.844,6,1,0,9,0
base,committed,greedy,206,won,56,56,,0,0,0,goblin:conquered:30 archmage:conquered:40 orc:conquered:48 dwarf:conquered:56,1,28,25,0,3,1,92,12,16182.1,15026.7,16741.3,0.827,5,2,0,7,0
base,committed,greedy,207,active,71,,,0,0,0,,4,19,7,4,2,0,96,3,13478.2,13017.9,16741.3,0.784,6,2,3,37,0
base,committed,greedy,208,active,71,,,0,0,0,goblin:conquered:40 archmage:conquered:63,2,29,23,0,2,0,100,5,14183.3,13482.9,16741.3,0.802,6,2,2,21,0
base,committed,greedy,209,won,63,63,,0,0,0,goblin:conquered:33 archmage:conquered:47 orc:conquered:55 dwarf:conquered:63,4,33,29,0,2,0,96,13,15531.1,14511.9,16741.3,0.8,5,1,0,11,0
base,committed,greedy,210,active,71,,,0,0,0,goblin:conquered:42 orc:conquered:55 archmage:conquered:63,3,32,26,0,3,1,90,6,13446.5,12856.6,16741.3,0.8,6,2,0,9,0
base,committed,greedy,211,active,71,,,0,0,0,,6,25,7,2,2,0,108,3,13756,13343.1,16741.3,0.785,6,4,3,35,0
base,committed,greedy,212,active,71,,,0,0,0,goblin:conquered:39 archmage:conquered:62 orc:conquered:70,2,31,25,0,2,0,99,6,14484.1,13782.9,16741.3,0.817,6,2,2,19,0
base,committed,greedy,213,active,71,,,0,0,0,orc:conquered:62 archmage:conquered:70,5,37,28,0,4,2,103,6,12427.4,12001.8,16741.3,0.76,7,2,3,18,0
base,committed,greedy,214,active,71,,,0,0,0,,6,29,9,2,2,0,113,2,14824.8,14234.7,16741.3,0.826,6,1,0,36,0
base,committed,greedy,215,active,71,,,0,0,0,,4,23,10,4,2,0,90,7,12947.9,12583,16741.3,0.784,6,9,0,24,0
base,committed,greedy,216,won,63,63,,0,0,0,dwarf:conquered:35 goblin:conquered:47 archmage:conquered:55 orc:conquered:63,2,30,26,0,3,1,93,12,14677.5,13877.8,16741.3,0.821,5,4,0,8,0
base,committed,greedy,217,won,62,62,,0,0,0,archmage:conquered:34 orc:conquered:46 goblin:conquered:54 dwarf:conquered:62,3,34,28,0,2,0,93,16,14491.7,13633.1,16741.3,0.779,5,1,0,7,0
base,committed,greedy,218,active,71,,,0,0,0,goblin:conquered:62,4,26,11,1,2,0,114,8,13338.7,12938.9,16741.3,0.794,6,1,0,35,0
base,committed,greedy,219,active,71,,,0,0,0,archmage:conquered:42 goblin:conquered:56 orc:conquered:64,3,33,27,0,2,0,92,5,13821.4,13286.6,16741.3,0.804,7,1,1,15,0
base,committed,greedy,220,active,71,,,0,0,0,goblin:conquered:55 archmage:conquered:67,6,38,23,0,2,0,141,8,13820.6,13360.5,16741.3,0.784,6,1,0,30,0
base,committed,greedy,221,active,71,,,0,0,0,goblin:conquered:36 archmage:conquered:61 orc:conquered:69,3,33,26,0,2,0,87,4,14827.8,14062.3,16741.3,0.816,7,1,3,21,0
base,committed,greedy,222,won,68,68,,0,0,0,goblin:conquered:36 archmage:conquered:52 orc:conquered:60 dwarf:conquered:68,2,33,27,1,3,1,90,7,15151.6,14294.8,16741.3,0.794,6,2,0,13,0
base,committed,greedy,223,active,71,,,0,0,0,,7,26,9,2,2,0,124,4,13639.6,13220.3,16741.3,0.809,6,1,1,37,0
base,committed,greedy,224,active,71,,,0,0,0,,7,27,14,0,2,0,106,6,14130.1,13628.2,16741.3,0.811,6,4,0,37,0
base,committed,greedy,225,active,71,,,0,0,0,,6,27,11,0,5,3,115,7,14144.5,13594.4,16741.3,0.808,6,2,0,36,0
base,committed,greedy,226,active,71,,,0,0,0,,6,26,12,1,2,0,146,11,14959.1,14261,16741.3,0.826,6,3,0,43,0
base,committed,greedy,227,active,71,,,0,0,0,,7,27,11,1,4,2,131,10,14241,13822.7,16741.3,0.824,6,1,2,34,0
base,committed,greedy,228,active,71,,,0,0,0,goblin:conquered:41 archmage:conquered:65,2,32,24,0,2,0,95,5,13565.4,12976,16741.3,0.798,6,1,3,23,0
base,committed,greedy,229,active,71,,,0,0,0,goblin:conquered:48 archmage:conquered:60 orc:conquered:68,1,33,28,2,2,0,104,11,13123,12616.4,16741.3,0.801,6,4,1,15,0
base,committed,greedy,230,active,71,,,0,0,0,goblin:conquered:44 archmage:conquered:55 orc:conquered:63,4,35,27,1,2,0,97,10,14220.5,13660.6,16741.3,0.809,6,2,1,10,0
base,committed,greedy,231,active,71,,,0,0,0,goblin:conquered:63,7,34,15,2,2,0,129,7,13525.7,13116.8,16741.3,0.782,6,2,1,37,0
base,committed,greedy,232,won,55,55,,0,0,0,goblin:conquered:30 archmage:conquered:39 orc:conquered:47 dwarf:conquered:55,1,24,20,0,2,0,89,8,15614.5,14483.9,16741.3,0.804,4,1,0,5,0
base,committed,greedy,233,active,71,,,0,0,0,,6,19,4,3,2,0,64,5,14114.8,13559.7,16741.3,0.805,6,2,0,35,0
base,committed,greedy,234,active,71,,,0,0,0,orc:conquered:66,6,37,24,1,2,0,118,8,13803.4,13401.1,16741.3,0.816,6,1,1,22,0
base,committed,greedy,235,active,71,,,0,0,0,,7,26,15,0,3,1,107,4,13818.6,13373.2,16741.3,0.795,6,3,0,38,0
base,committed,greedy,236,active,71,,,0,0,0,,5,24,10,1,2,0,89,1,13409,12982.8,16741.3,0.788,6,2,0,36,0
base,committed,greedy,237,active,71,,,0,0,0,goblin:conquered:39 archmage:conquered:60 orc:conquered:69,2,34,28,0,2,0,95,4,14702.2,13988.6,16741.3,0.82,6,4,2,17,0
base,committed,greedy,238,won,63,63,,0,0,0,archmage:conquered:38 orc:conquered:47 goblin:conquered:55 dwarf:conquered:63,3,29,27,0,2,0,79,8,16158.8,14905.4,16741.3,0.801,6,1,0,6,0
base,committed,greedy,239,active,71,,,0,0,0,,6,25,12,0,3,1,95,3,13176.6,12803.3,16741.3,0.803,6,12,2,34,0
base,committed,greedy,240,won,67,67,,0,0,0,goblin:conquered:42 orc:conquered:50 archmage:conquered:59 dwarf:conquered:67,3,30,24,2,4,2,93,10,14322.7,13678.7,16741.3,0.791,6,2,0,16,0
base,committed,greedy,241,active,71,,,0,0,0,goblin:conquered:39 archmage:conquered:64,3,36,28,0,2,0,98,4,14747.2,14038.2,16741.3,0.825,7,1,2,23,0
base,committed,greedy,242,active,71,,,0,0,0,goblin:conquered:38 archmage:conquered:63,1,29,24,0,4,2,86,7,14177.6,13449.1,16741.3,0.807,6,2,2,22,0
base,committed,greedy,243,active,71,,,0,0,0,goblin:conquered:58,6,28,13,3,3,1,120,8,14230.3,13645.3,16741.3,0.812,6,2,0,38,0
base,committed,greedy,244,won,67,67,,1,1,0,goblin:conquered:43 orc:conquered:51 archmage:conquered:59 dwarf:conquered:67,1,29,24,2,4,2,88,7,12131.2,11603.7,16741.3,0.712,6,3,4,12,0
base,committed,greedy,245,won,64,64,,0,0,0,goblin:conquered:40 orc:conquered:48 archmage:conquered:56 dwarf:conquered:64,3,28,21,0,3,1,93,10,14556.8,13905.4,16741.3,0.822,5,1,0,15,0
base,committed,greedy,246,active,71,,,0,0,0,,7,21,10,1,2,0,99,5,13411.9,12980.5,16741.3,0.776,6,1,0,37,0
base,committed,greedy,247,active,71,,,0,0,0,,7,23,9,2,2,0,110,3,13770.9,13324.3,16741.3,0.792,6,2,1,37,0
base,committed,greedy,248,won,64,64,,0,0,0,dwarf:conquered:40 archmage:conquered:48 orc:conquered:56 goblin:conquered:64,3,32,26,0,3,1,91,10,15785.6,14728.4,16741.3,0.808,6,1,0,6,0
base,committed,greedy,249,active,71,,,0,0,0,,7,29,13,3,2,0,124,4,13686.1,13269,16741.3,0.814,7,3,0,35,0
base,committed,greedy,250,active,71,,,0,0,0,,7,25,13,1,2,0,98,2,14295.7,13829.2,16741.3,0.807,6,1,0,37,0
base,committed,greedy,251,active,71,,,0,0,0,archmage:conquered:52 goblin:conquered:62 orc:conquered:70,5,32,24,0,3,1,119,3,13942.9,13509.5,16741.3,0.804,6,3,0,21,0
base,committed,greedy,252,won,66,66,,0,0,0,goblin:conquered:41 orc:conquered:50 archmage:conquered:58 dwarf:conquered:66,3,33,27,2,2,0,102,10,13881.3,13292.8,16741.3,0.823,6,1,1,15,0
base,committed,greedy,253,active,71,,,0,0,0,,7,27,13,1,3,1,103,4,14517.3,14018.9,16741.3,0.823,6,2,0,38,0
base,committed,greedy,254,active,71,,,0,0,0,,6,28,13,2,2,0,103,12,13645,13241.4,16741.3,0.794,6,14,0,37,0
base,committed,greedy,255,won,68,68,,0,0,0,archmage:conquered:44 goblin:conquered:52 orc:conquered:60 dwarf:conquered:68,3,32,29,0,2,0,98,15,15407.1,14391.6,16741.3,0.828,6,1,0,8,0
base,committed,greedy,256,active,71,,,0,0,0,archmage:conquered:40 goblin:conquered:49 orc:conquered:63,3,32,25,0,3,1,86,5,14422.7,13888.5,16741.3,0.812,6,2,1,18,0
base,committed,greedy,257,won,67,67,,0,0,0,archmage:conquered:41 goblin:conquered:51 orc:conquered:59 dwarf:conquered:67,3,28,23,0,2,0,80,2,14157,13512.7,16741.3,0.785,6,1,1,11,0
base,committed,greedy,258,active,71,,,0,0,0,goblin:conquered:55 archmage:conquered:68,6,39,23,2,3,1,142,10,13102.9,12651,16741.3,0.794,6,2,0,23,0
base,committed,greedy,259,won,64,64,,0,0,0,goblin:conquered:40 orc:conquered:48 archmage:conquered:56 dwarf:conquered:64,4,28,21,0,4,2,89,7,13629,13052,16741.3,0.785,5,3,1,16,0
base,committed,greedy,260,active,71,,,0,0,0,archmage:conquered:56 goblin:conquered:67,7,34,27,0,4,2,122,6,14315.3,13898.5,16741.3,0.831,6,2,0,22,0
base,committed,greedy,261,active,71,,,0,0,0,,7,29,12,2,3,1,117,2,14217.5,13721.3,16741.3,0.833,6,2,2,35,0
base,committed,greedy,262,won,66,66,,1,1,0,archmage:conquered:39 goblin:conquered:48 orc:conquered:58 dwarf:conquered:66,2,31,25,0,4,2,78,5,14054,13301.5,16741.3,0.783,6,19,4,14,0
base,committed,greedy,263,active,71,,,0,0,0,,6,27,10,0,2,0,121,10,12899.6,12418.9,16741.3,0.779,6,1,0,37,0
base,committed,greedy,264,won,69,69,,0,0,0,goblin:conquered:40 archmage:conquered:53 orc:conquered:61 dwarf:conquered:69,1,30,25,0,3,1,91,6,14295.4,13601.9,16741.3,0.791,6,4,1,11,0
base,committed,greedy,265,won,49,49,,0,0,0,goblin:conquered:24 archmage:conquered:33 orc:conquered:41 dwarf:conquered:49,1,18,16,0,5,3,88,17,16206.4,14929,16741.3,0.798,4,2,0,5,0
base,committed,greedy,266,active,71,,,0,0,0,,6,26,15,3,2,0,86,2,13647.3,13112.6,16741.3,0.805,7,14,0,36,0
base,committed,greedy,267,won,62,62,,0,0,0,goblin:conquered:36 archmage:conquered:46 orc:conquered:54 dwarf:conquered:62,2,26,21,0,2,0,106,13,13702.2,12969,16741.3,0.778,5,1,0,13,0
base,committed,greedy,268,won,59,59,,0,0,0,archmage:conquered:34 goblin:conquered:43 orc:conquered:51 dwarf:conquered:59,1,25,22,0,3,1,94,17,15534.3,14529.3,16741.3,0.775,5,2,0,7,0
base,committed,greedy,269,active,71,,,0,0,0,,8,29,12,1,2,0,101,8,13241.7,12817.6,16741.3,0.804,6,2,0,37,0
base,committed,greedy,270,active,71,,,0,0,0,,7,26,6,2,2,0,112,8,14559.7,14120.5,16741.3,0.84,6,2,0,37,0
base,committed,greedy,271,active,71,,,0,0,0,,7,27,13,1,3,1,109,4,12914.8,12554.9,16741.3,0.789,6,1,0,32,0
base,committed,greedy,272,won,67,67,,0,0,0,orc:conquered:43 goblin:conquered:51 archmage:conquered:59 dwarf:conquered:67,3,29,25,0,4,2,100,19,14964.7,14012.5,16741.3,0.802,6,2,0,5,0
base,committed,greedy,273,active,71,,,0,0,0,goblin:conquered:41 archmage:conquered:56 orc:conquered:64,2,31,25,0,4,2,95,11,12862.7,12329.8,16741.3,0.777,7,1,1,13,0
base,committed,greedy,274,active,71,,,0,0,0,,5,27,11,2,2,0,116,5,13586,13059.8,16741.3,0.795,6,2,3,36,0
base,committed,greedy,275,active,71,,,0,0,0,,6,26,5,2,4,2,129,6,14156.5,13731.3,16741.3,0.816,6,2,0,37,0
base,committed,greedy,276,active,71,,,0,0,0,archmage:conquered:35 orc:conquered:44,1,22,18,0,2,0,86,9,14431.1,13434,16741.3,0.778,6,1,0,10,0
base,committed,greedy,277,won,61,61,,0,0,0,archmage:conquered:37 goblin:conquered:45 orc:conquered:53 dwarf:conquered:61,2,26,20,1,2,0,94,10,13914.3,13323.2,16741.3,0.802,5,1,1,13,0
base,committed,greedy,278,won,65,65,,0,0,0,archmage:conquered:39 goblin:conquered:49 orc:conquered:57 dwarf:conquered:65,3,31,25,2,3,1,87,7,14446.5,13798.4,16741.3,0.828,5,2,2,8,0
base,committed,greedy,279,active,71,,,0,0,0,,7,25,13,2,2,0,110,3,14336,13858.8,16741.3,0.821,6,1,0,38,0
base,committed,greedy,280,active,71,,,0,0,0,,7,30,16,2,3,1,99,4,14325.6,13876.1,16741.3,0.796,6,2,0,37,0
base,committed,greedy,281,active,71,,,0,0,0,,5,17,12,2,3,1,101,4,13433.3,12940.3,16741.3,0.792,6,12,0,38,0
base,committed,greedy,282,won,64,64,,0,0,0,goblin:conquered:39 archmage:conquered:48 orc:conquered:56 dwarf:conquered:64,3,33,27,0,2,0,91,11,14951.4,14213.6,16741.3,0.817,5,1,0,7,0
base,committed,greedy,283,active,71,,,0,0,0,orc:conquered:60,6,33,20,2,2,0,138,2,13160.3,12747.5,16741.3,0.781,6,2,2,30,0
base,committed,greedy,284,won,66,66,,0,0,0,archmage:conquered:42 goblin:conquered:50 orc:conquered:58 dwarf:conquered:66,4,30,21,0,2,0,90,9,13939,13389.5,16741.3,0.8,6,1,0,16,0
base,committed,greedy,285,won,70,70,,1,0,0,goblin:conquered:40 archmage:conquered:54 orc:conquered:62 dwarf:conquered:70,2,34,28,2,4,2,90,6,13640.6,12985,16741.3,0.773,6,5,4,11,0
base,committed,greedy,286,active,71,,,0,0,0,,6,25,5,1,3,1,126,5,13483.5,13099.4,16741.3,0.793,6,2,0,34,0
base,committed,greedy,287,active,71,,,0,0,0,goblin:conquered:36 archmage:conquered:63,2,32,25,0,2,0,108,3,13855.8,13209,16741.3,0.8,6,2,2,24,0
base,committed,greedy,288,won,50,50,,0,0,0,archmage:conquered:26 orc:conquered:34 goblin:conquered:42 dwarf:conquered:50,3,22,19,0,4,2,92,20,16269.4,14960.2,16741.3,0.799,4,2,0,4,0
base,committed,greedy,289,won,55,55,,0,0,0,dwarf:conquered:31 goblin:conquered:39 archmage:conquered:47 orc:conquered:55,2,26,22,0,5,3,91,11,14866.6,13909.3,16741.3,0.801,5,2,0,5,0
base,committed,greedy,290,won,62,62,,0,0,0,goblin:conquered:37 archmage:conquered:45 orc:conquered:54 dwarf:conquered:62,2,29,24,0,2,0,101,16,14145.2,13329.5,16741.3,0.771,5,2,0,12,0
base,committed,greedy,291,active,71,,,0,0,0,,7,26,12,2,3,1,106,7,13596.5,13157.6,16741.3,0.798,6,1,1,36,0
base,committed,greedy,292,active,71,,,1,0,0,,6,26,21,0,2,0,84,4,13829.3,13264.1,16741.3,0.814,7,1,4,16,0
base,committed,greedy,293,won,61,61,,0,0,0,goblin:conquered:34 archmage:conquered:45 orc:conquered:53 dwarf:conquered:61,3,30,24,0,2,0,100,15,15013.9,14025.1,16741.3,0.797,5,1,0,5,0
base,committed,greedy,294,won,60,60,,0,0,0,archmage:conquered:34 orc:conquered:44 goblin:conquered:52 dwarf:conquered:60,3,28,23,0,2,0,92,14,15176.4,14220,16741.3,0.813,5,1,0,4,0
base,committed,greedy,295,won,59,59,,0,0,0,dwarf:conquered:35 goblin:conquered:43 archmage:conquered:51 orc:conquered:59,2,26,22,0,2,0,91,12,14846.3,13891.9,16741.3,0.812,5,1,0,5,0
base,committed,greedy,296,won,66,66,,0,0,0,archmage:conquered:38 goblin:conquered:50 orc:conquered:58 dwarf:conquered:66,2,32,27,0,2,0,86,6,14122.3,13475.8,16741.3,0.806,6,5,1,8,0
base,committed,greedy,297,won,60,60,,0,0,0,archmage:conquered:36 goblin:conquered:44 orc:conquered:52 dwarf:conquered:60,4,27,24,0,2,0,83,6,16174.8,15008,16741.3,0.853,6,1,0,4,0
base,committed,greedy,298,active,71,,,0,0,0,,7,27,13,1,2,0,100,0,14726.3,14244.3,16741.3,0.84,6,1,0,36,0
base,committed,greedy,299,active,71,,,1,0,0,,8,39,27,2,2,0,130,12,14379.1,13806.3,16741.3,0.817,7,2,4,21,0
base,committed,greedy,300,won,68,68,,0,0,0,goblin:conquered:38 archmage:conquered:51 orc:conquered:60 dwarf:conquered:68,2,29,23,0,2,0,84,4,14079.8,13363.3,16741.3,0.79,6,1,0,8,0
base,committed,push,1,won,49,49,,0,0,0,goblin:conquered:20 archmage:conquered:33 orc:conquered:41 dwarf:conquered:49,1,28,24,0,17,12,162,87,15825.4,14455.9,16741.3,0.778,4,6,0,1,0
base,committed,push,2,won,47,47,,0,0,0,goblin:conquered:19 archmage:conquered:31 orc:conquered:39 dwarf:conquered:47,1,25,22,0,19,13,189,109,15297.9,13965,16355.3,0.749,4,6,0,1,0
base,committed,push,3,won,38,38,,0,0,0,orc:conquered:13 goblin:conquered:22 archmage:conquered:30 dwarf:conquered:38,2,18,15,0,24,10,165,93,14011.2,12816.8,12881.3,0.855,4,1,0,0,0
base,committed,push,4,won,47,47,,0,0,0,archmage:conquered:21 goblin:conquered:31 orc:conquered:39 dwarf:conquered:47,2,26,23,0,22,13,167,88,15657.8,14290.7,16355.3,0.775,4,1,0,3,0
base,committed,push,5,won,46,46,,0,0,0,goblin:conquered:17 archmage:conquered:30 orc:conquered:38 dwarf:conquered:46,1,25,22,0,20,10,167,90,16287.5,14862.7,15969.3,0.829,4,1,0,2,0
base,committed,push,6,won,38,38,,0,0,0,orc:conquered:13 goblin:conquered:22 archmage:conquered:30 dwarf:conquered:38,1,19,17,0,19,10,150,78,11889.3,10904.3,12881.3,0.772,3,5,0,3,0
base,committed,push,7,won,40,40,,0,0,0,orc:conquered:14 archmage:conquered:23 goblin:conquered:32 dwarf:conquered:40,1,15,14,0,19,12,157,87,14081.7,12905.8,13653.3,0.827,3,2,0,1,0
base,committed,push,8,won,46,46,,0,0,0,goblin:conquered:17 archmage:conquered:30 orc:conquered:38 dwarf:conquered:46,1,19,18,0,21,12,164,94,16324.1,14901.2,15969.3,0.826,4,1,0,2,0
base,committed,push,9,won,41,41,,0,0,0,orc:conquered:15 goblin:conquered:25 archmage:conquered:33 dwarf:conquered:41,1,18,16,0,18,11,166,96,12743.8,11695.4,14039.3,0.75,3,2,0,0,0
base,committed,push,10,won,46,46,,0,0,0,goblin:conquered:16 archmage:conquered:30 orc:conquered:38 dwarf:conquered:46,1,24,21,0,20,8,166,87,16072.7,14664.6,15969.3,0.817,4,2,0,1,0
base,committed,push,11,won,41,41,,0,0,0,orc:conquered:16 archmage:conquered:25 goblin:conquered:33 dwarf:conquered:41,2,19,16,0,22,14,166,93,13369.8,12232.9,14039.3,0.784,3,1,0,1,0
base,committed,push,12,won,41,41,,0,0,0,goblin:conquered:16 archmage:conquered:25 orc:conquered:33 dwarf:conquered:41,1,18,16,0,20,8,160,87,14698.4,13428.4,14039.3,0.848,3,2,0,3,0
base,committed,push,13,won,41,41,,0,0,0,goblin:conquered:16 archmage:conquered:25 orc:conquered:33 dwarf:conquered:41,1,16,15,0,23,10,160,87,14798.9,13521.4,14039.3,0.849,3,4,0,3,0
base,committed,push,14,won,41,41,,0,0,0,orc:conquered:16 goblin:conquered:25 archmage:conquered:33 dwarf:conquered:41,2,20,17,0,23,10,163,93,13819.4,12638.7,14039.3,0.794,3,1,0,1,0
base,committed,push,15,won,46,46,,0,0,0,goblin:conquered:20 archmage:conquered:30 orc:conquered:38 dwarf:conquered:46,2,23,21,0,20,10,157,83,15806.6,14435.9,15969.3,0.819,4,2,0,1,0
base,committed,push,16,active,71,,,0,0,0,archmage:conquered:21,2,20,18,0,19,12,171,95,17000.9,15498.8,16741.3,0.81,6,2,0,0,0
base,committed,push,17,won,46,46,,0,0,0,goblin:conquered:19 archmage:conquered:30 orc:conquered:38 dwarf:conquered:46,2,22,20,0,19,12,158,86,15512.4,14163.9,15969.3,0.804,4,1,0,1,0
base,committed,push,18,won,46,46,,0,0,0,archmage:conquered:20 goblin:conquered:30 orc:conquered:38 dwarf:conquered:46,2,24,20,0,20,12,155,74,15911.7,14510.6,15969.3,0.818,4,2,0,2,0
base,committed,push,19,won,40,40,,0,0,0,orc:conquered:14 archmage:conquered:24 goblin:conquered:32 dwarf:conquered:40,1,20,19,0,20,12,148,77,13751.2,12588.1,13653.3,0.803,3,3,0,2,0
base,committed,push,20,won,40,40,,0,0,0,orc:conquered:14 archmage:conquered:24 goblin:conquered:32 dwarf:conquered:40,1,19,17,0,18,12,163,91,12764.4,11700.2,13653.3,0.768,3,6,0,0,0
base,committed,push,21,won,46,46,,0,0,0,goblin:conquered:16 archmage:conquered:30 orc:conquered:38 dwarf:conquered:46,2,24,21,0,23,11,167,89,15966.5,14571,15969.3,0.82,4,1,0,2,0
base,committed,push,22,won,40,40,,0,0,0,orc:conquered:14 archmage:conquered:23 goblin:conquered:32 dwarf:conquered:40,1,21,19,0,19,10,157,87,13429.9,12303.4,13653.3,0.802,3,2,0,1,0
base,committed,push,23,won,46,46,,0,0,0,archmage:conquered:22 goblin:conquered:30 orc:conquered:38 dwarf:conquered:46,2,22,20,0,19,13,158,86,16385.1,14933.8,15969.3,0.816,4,2,0,3,0
base,committed,push,24,won,46,46,,0,0,0,goblin:conquered:17 archmage:conquered:30 orc:conquered:38 dwarf:conquered:46,1,19,18,0,22,9,165,93,16007.4,14593.2,15969.3,0.812,4,7,0,1,0
base,committed,push,25,won,46,46,,0,0,0,goblin:conquered:17 archmage:conquered:30 orc:conquered:38 dwarf:conquered:46,1,23,21,0,18,12,154,86,15067,13778.2,15969.3,0.781,4,3,0,1,0
base,committed,push,26,won,40,40,,0,0,0,orc:conquered:15 goblin:conquered:24 archmage:conquered:32 dwarf:conquered:40,2,25,20,0,18,12,163,90,12557.8,11513.6,13653.3,0.745,3,1,0,0,0
base,committed,push,27,won,43,43,,0,0,0,goblin:conquered:16 orc:conquered:27 archmage:conquered:35 dwarf:conquered:43,1,19,17,0,19,10,164,86,14501.9,13261.9,14811.3,0.806,3,1,0,2,0
base,committed,push,28,won,46,46,,0,0,0,goblin:conquered:18 archmage:conquered:30 orc:conquered:38 dwarf:conquered:46,1,23,20,0,17,11,164,87,15381.9,14063.1,15969.3,0.792,4,2,0,0,0
base,committed,push,29,won,48,48,,0,0,0,archmage:conquered:23 goblin:conquered:32 orc:conquered:40 dwarf:conquered:48,2,23,21,0,18,12,166,85,16389.8,14951,16741.3,0.804,4,1,0,2,0
base,committed,push,30,won,48,48,,0,0,0,archmage:conquered:23 orc:conquered:32 goblin:conquered:40 dwarf:conquered:48,2,23,22,0,21,12,161,84,17125.9,15611.9,16741.3,0.829,4,5,0,0,0
base,committed,push,31,won,40,40,,0,0,0,orc:conquered:14 goblin:conquered:23 archmage:conquered:32 dwarf:conquered:40,1,18,16,0,23,10,162,93,14137.2,12946.4,13653.3,0.835,3,2,0,1,0
base,committed,push,32,won,40,40,,0,0,0,orc:conquered:14 goblin:conquered:23 archmage:conquered:32 dwarf:conquered:40,1,17,16,0,21,11,162,94,12991.3,11918.6,13653.3,0.787,3,1,0,0,0
base,committed,push,33,won,49,49,,0,0,0,archmage:conquered:25 orc:conquered:33 goblin:conquered:41 dwarf:conquered:49,3,25,23,0,23,10,163,89,16927.1,15409.5,16741.3,0.809,4,3,0,2,0
base,committed,push,34,won,46,46,,0,0,0,archmage:conquered:21 goblin:conquered:30 orc:conquered:38 dwarf:conquered:46,2,22,21,0,23,10,148,75,16804.4,15297.1,15969.3,0.833,4,4,0,1,0
base,committed,push,35,won,41,41,,0,0,0,orc:conquered:15 archmage:conquered:25 goblin:conquered:33 dwarf:conquered:41,1,22,19,0,20,10,155,84,14402.1,13169.6,14039.3,0.826,4,1,0,1,0
base,committed,push,36,won,46,46,,0,0,0,archmage:conquered:21 orc:conquered:30 goblin:conquered:38 dwarf:conquered:46,2,24,22,0,23,10,154,79,17470.6,15902.4,15969.3,0.85,5,1,0,3,0
base,committed,push,37,won,46,46,,0,0,0,goblin:conquered:21 archmage:conquered:30 orc:conquered:38 dwarf:conquered:46,2,21,18,0,22,13,171,97,15636.4,14285.8,15969.3,0.798,4,1,0,1,0
base,committed,push,38,won,47,47,,0,0,0,goblin:conquered:20 orc:conquered:31 archmage:conquered:39 dwarf:conquered:47,1,24,19,0,18,13,175,101,14918.3,13648.7,16355.3,0.758,4,7,0,3,0
base,committed,push,39,won,45,45,,0,0,0,goblin:conquered:16 archmage:conquered:27 orc:conquered:36 dwarf:conquered:45,1,23,21,0,23,10,160,86,16137.6,14703.4,15583.3,0.819,4,2,0,1,0
base,committed,push,40,won,49,49,,0,0,0,archmage:conquered:24 goblin:conquered:33 orc:conquered:41 dwarf:conquered:49,2,29,24,0,19,12,169,88,15874.8,14497.6,16741.3,0.775,4,1,0,0,0
base,committed,push,41,won,46,46,,0,0,0,goblin:conquered:17 archmage:conquered:30 orc:conquered:38 dwarf:conquered:46,1,27,23,0,19,12,164,84,16304,14875.1,15969.3,0.821,4,1,0,0,0
base,committed,push,42,won,49,49,,0,0,0,archmage:conquered:23 orc:conquered:33 goblin:conquered:41 dwarf:conquered:49,2,28,23,0,18,12,173,97,16163.4,14770.9,16741.3,0.791,4,1,0,1,0
base,committed,push,43,won,41,41,,0,0,0,goblin:conquered:16 archmage:conquered:25 orc:conquered:33 dwarf:conquered:41,2,20,17,0,24,11,162,85,14492.3,13250.9,14039.3,0.839,3,4,0,0,0
base,committed,push,44,won,46,46,,0,0,0,archmage:conquered:22 goblin:conquered:30 orc:conquered:38 dwarf:conquered:46,2,23,20,0,20,10,165,86,15587.7,14242.1,15969.3,0.781,4,1,0,4,0
base,committed,push,45,active,71,,,0,0,0,orc:conquered:25,2,18,17,0,18,12,179,106,15780.6,14400.4,16741.3,0.767,6,4,0,1,0
base,committed,push,46,won,42,42,,0,0,0,goblin:conquered:16 archmage:conquered:26 orc:conquered:34 dwarf:conquered:42,1,22,20,0,23,10,163,92,15206.9,13885.5,14425.3,0.834,3,3,0,0,0
base,committed,push,47,won,41,41,,0,0,0,goblin:conquered:16 archmage:conquered:25 orc:conquered:33 dwarf:conquered:41,1,22,19,0,21,11,166,89,14346.5,13130.3,14039.3,0.829,3,5,0,2,0
base,committed,push,48,won,52,52,,0,0,0,goblin:conquered:28 archmage:conquered:36 orc:conquered:44 dwarf:conquered:52,3,27,25,0,22,15,181,106,16582.9,15123.7,16741.3,0.784,4,2,0,1,0
base,committed,push,49,won,46,46,,0,0,0,goblin:conquered:18 archmage:conquered:30 orc:conquered:38 dwarf:conquered:46,2,18,17,0,20,8,161,89,16429.1,14997.4,15969.3,0.84,4,1,0,1,0
base,committed,push,50,won,46,46,,0,0,0,archmage:conquered:19 goblin:conquered:30 orc:conquered:38 dwarf:conquered:46,3,22,21,0,22,9,155,83,17025.4,15490.8,15969.3,0.846,4,2,0,1,0
base,committed,smarter,1,active,71,,,2,2,0,dwarf:allied:51 orc:abdicated:59 archmage:conquered:67,2,24,19,2,2,0,87,7,13218.3,12697.1,16741.3,0.782,6,10,7,13,0
base,committed,smarter,2,won,70,70,,2,2,0,archmage:conquered:46 orc:allied:54 goblin:conquered:62 dwarf:conquered:70,1,20,15,0,2,0,78,2,12895.4,12396.9,16741.3,0.764,6,3,7,15,0
base,committed,smarter,3,active,71,,,1,0,0,dwarf:allied:52 orc:allied:67,1,17,12,1,2,0,90,2,15212.8,14612.5,16741.3,0.856,7,1,5,13,0
base,committed,smarter,4,active,71,,,2,2,0,archmage:conquered:47 dwarf:allied:55 orc:allied:63,1,22,16,1,2,0,81,2,13553.6,13012.6,16741.3,0.776,6,1,7,17,0
base,committed,smarter,5,won,61,61,,1,0,0,archmage:conquered:37 dwarf:allied:45 goblin:conquered:53 orc:conquered:61,1,23,18,0,2,0,76,5,14876.2,14044.3,16741.3,0.814,5,1,4,7,0
base,committed,smarter,6,won,70,70,,2,2,0,archmage:conquered:46 dwarf:allied:54 goblin:conquered:62 orc:conquered:70,1,29,23,0,3,1,82,3,13761.8,13235.7,16741.3,0.803,6,2,5,12,0
base,committed,smarter,7,won,55,55,,0,0,0,archmage:conquered:31 goblin:conquered:39 orc:conquered:47 dwarf:conquered:55,1,22,19,0,2,0,78,7,15573.5,14507.7,16741.3,0.824,5,2,0,3,0
base,committed,smarter,8,won,67,67,,1,1,0,dwarf:allied:43 goblin:conquered:51 orc:allied:59 archmage:conquered:67,1,23,19,0,2,0,83,8,15044.6,14354.8,16741.3,0.813,6,1,5,18,0
base,committed,smarter,9,active,71,,,2,2,0,orc:abdicated:55 archmage:conquered:63,3,23,18,1,4,2,94,10,13201.9,12672.8,16741.3,0.762,6,2,7,14,0
base,committed,smarter,10,won,66,66,,1,1,0,orc:abdicated:41 goblin:conquered:50 archmage:conquered:58 dwarf:conquered:66,1,23,18,0,2,0,75,1,14416.1,13757.6,16741.3,0.821,6,2,4,5,0
base,committed,smarter,11,won,62,62,,1,1,0,archmage:conquered:38 goblin:conquered:46 orc:conquered:54 dwarf:conquered:62,1,24,19,0,2,0,78,13,14777.9,13835.1,16741.3,0.792,5,1,4,6,0
base,committed,smarter,12,won,53,53,,0,0,0,orc:allied:29 goblin:conquered:37 dwarf:allied:45 archmage:conquered:53,1,18,16,0,2,0,69,5,16431.2,15161.8,16741.3,0.844,5,2,0,6,0
base,committed,smarter,13,active,71,,,1,0,0,dwarf:allied:45 orc:allied:54 goblin:allied:65,1,21,16,1,2,0,93,10,14682.7,14074.8,16741.3,0.827,6,11,6,13,0
base,committed,smarter,14,won,58,58,,0,0,0,goblin:conquered:34 dwarf:allied:42 archmage:conquered:50 orc:conquered:58,1,23,19,0,2,0,82,9,14559.9,13610.3,16741.3,0.783,5,1,0,7,0
base,committed,smarter,15,active,71,,,2,2,0,dwarf:allied:51 archmage:conquered:63 orc:allied:71,1,29,22,2,3,1,90,6,13396.3,12953.3,16741.3,0.797,6,2,4,18,0
base,committed,smarter,16,active,71,,,1,1,0,dwarf:allied:49 orc:allied:58 goblin:conquered:66,2,19,14,1,2,0,78,1,14079.2,13493.8,16741.3,0.81,6,2,5,12,0
base,committed,smarter,17,active,71,,,2,2,0,goblin:conquered:48 dwarf:allied:56 orc:allied:64,1,30,22,1,2,0,94,11,13342.1,12846.6,16741.3,0.805,7,1,7,13,0
base,committed,smarter,18,active,71,,,2,2,0,dwarf:allied:49 orc:allied:57 goblin:conquered:65,2,19,14,0,2,0,79,4,14025.6,13495.1,16741.3,0.817,6,2,7,15,0
base,committed,smarter,19,active,71,,,1,1,0,dwarf:allied:53 archmage:conquered:64,1,25,18,0,2,0,74,1,14326.5,13812.9,16741.3,0.788,6,3,4,28,0
base,committed,smarter,20,active,71,,,1,1,0,,5,11,3,1,3,1,62,3,13183.6,12793.6,16741.3,0.789,6,2,4,36,0
base,committed,smarter,21,active,71,,,1,1,0,,3,17,10,1,2,0,59,5,13687.7,13296.2,16741.3,0.81,6,1,4,35,0
base,committed,smarter,22,active,71,,,2,2,0,,5,14,6,1,3,1,63,2,13860.4,13349.9,16741.3,0.8,6,2,6,32,0
base,committed,smarter,23,active,71,,,2,2,0,goblin:conquered:51 archmage:conquered:60 orc:conquered:68,1,27,22,1,2,0,83,8,14525.5,13985.3,16741.3,0.819,6,2,5,13,0
base,committed,smarter,24,won,64,64,,0,0,0,goblin:conquered:40 dwarf:allied:48 archmage:conquered:56 orc:allied:64,2,23,18,0,2,0,84,6,14488.2,13735,16741.3,0.802,5,2,3,7,0
base,committed,smarter,25,active,71,,,2,1,0,goblin:conquered:58 archmage:conquered:70,1,29,18,0,2,0,118,8,13356.9,12964.5,16741.3,0.793,6,3,4,28,0
base,committed,smarter,26,active,71,,,1,1,0,orc:conquered:54 dwarf:allied:62 goblin:conquered:70,2,23,17,1,2,0,96,9,13801.9,13375.8,16741.3,0.773,6,1,8,25,0
base,committed,smarter,27,won,61,61,,0,0,0,archmage:conquered:36 dwarf:allied:45 goblin:conquered:53 orc:allied:61,2,18,14,0,2,0,79,7,14603.1,13772.2,16741.3,0.815,5,1,0,9,0
base,committed,smarter,28,active,71,,,2,2,0,goblin:conquered:47 dwarf:allied:55 archmage:conquered:63,1,29,22,2,2,0,85,8,13430,12905.2,16741.3,0.787,6,2,7,21,0
base,committed,smarter,29,won,60,60,,0,0,0,dwarf:allied:35 orc:conquered:44 goblin:conquered:52 archmage:conquered:60,2,24,20,0,2,0,83,6,15029.4,14029.1,16741.3,0.803,5,1,0,5,0
base,committed,smarter,30,won,63,63,,1,1,0,goblin:conquered:39 dwarf:allied:47 orc:allied:55 archmage:conquered:63,1,23,18,0,2,0,88,9,14578.1,13868.8,16741.3,0.835,6,2,4,13,0
base,committed,smarter,31,won,60,60,,0,0,0,goblin:conquered:36 dwarf:allied:44 archmage:conquered:52 orc:conquered:60,1,24,20,0,2,0,75,8,15565.3,14585.4,16741.3,0.839,5,2,0,3,0
base,committed,smarter,32,won,70,70,,2,2,0,goblin:conquered:46 dwarf:allied:54 archmage:conquered:62 orc:conquered:70,2,25,20,1,2,0,87,5,13776.5,13178.3,16741.3,0.81,6,1,7,8,0
base,committed,smarter,33,won,63,63,,0,0,0,goblin:conquered:37 archmage:conquered:47 orc:conquered:55 dwarf:allied:63,1,22,18,1,2,0,91,12,14618.5,13750.8,16741.3,0.815,6,2,0,4,0
base,committed,smarter,34,won,70,70,,1,1,0,goblin:conquered:45 archmage:conquered:54 dwarf:allied:62 orc:conquered:70,1,27,22,0,2,0,81,3,14674.4,14050.9,16741.3,0.799,6,10,5,8,0
base,committed,smarter,35,active,71,,,1,1,0,,4,15,9,1,2,0,63,0,14522.9,13941.4,16741.3,0.819,6,1,7,33,0
base,committed,smarter,36,active,71,,,2,2,0,dwarf:allied:52 archmage:conquered:60 goblin:conquered:68,1,26,17,0,2,0,92,4,14936.4,14388.5,16741.3,0.852,7,1,9,9,0
base,committed,smarter,37,active,71,,,1,1,0,,3,19,11,0,2,0,55,2,13307,12915.8,16741.3,0.802,6,1,6,37,0
base,committed,smarter,38,active,71,,,2,2,0,,3,23,11,2,2,0,68,4,13085.5,12657.4,16741.3,0.735,6,7,4,35,0
base,committed,smarter,39,won,58,58,,0,0,0,archmage:abdicated:34 dwarf:allied:42 goblin:conquered:50 orc:conquered:58,1,19,16,0,2,0,83,12,15764.3,14750,16741.3,0.827,5,2,0,4,0
base,committed,smarter,40,fallen,45,,46,1,0,1,,0,7,0,0,2,0,20,0,12499.5,12139.9,15583.3,0.79,4,1,4,13,0
base,committed,smarter,41,active,71,,,2,2,0,orc:conquered:59 goblin:conquered:68,2,27,20,1,2,0,91,4,14237,13729.4,16741.3,0.823,6,1,8,27,0
base,committed,smarter,42,won,64,64,,0,0,0,dwarf:allied:40 goblin:conquered:48 orc:conquered:56 archmage:conquered:64,2,26,22,0,4,2,90,11,14379.8,13548.3,16741.3,0.802,5,1,0,7,0
base,committed,smarter,43,won,66,66,,1,1,0,goblin:conquered:42 dwarf:allied:50 orc:allied:58 archmage:conquered:66,1,22,17,1,2,0,80,6,14247.6,13607.1,16741.3,0.81,5,3,5,17,0
base,committed,smarter,44,won,60,60,,0,0,0,goblin:conquered:36 dwarf:allied:44 archmage:conquered:52 orc:conquered:60,2,22,18,1,6,4,99,17,14619.3,13759.9,16741.3,0.794,5,2,0,6,0
base,committed,smarter,45,active,71,,,2,2,0,dwarf:allied:66,1,24,15,1,4,2,90,5,13172.7,12785.5,16741.3,0.767,6,4,11,23,0
base,committed,smarter,46,won,69,69,,1,1,0,goblin:conquered:45 archmage:conquered:53 orc:conquered:61 dwarf:conquered:69,1,25,20,1,2,0,79,1,14418.1,13823.7,16741.3,0.832,6,3,6,16,0
base,committed,smarter,47,active,71,,,2,2,0,goblin:conquered:51 dwarf:allied:60 archmage:conquered:68,1,29,23,0,4,2,90,8,14346.5,13805.7,16741.3,0.837,6,9,5,17,0
base,committed,smarter,48,active,71,,,3,2,0,goblin:conquered:51 archmage:conquered:63,2,34,26,0,2,0,110,17,13395.6,12922.7,16741.3,0.752,6,2,7,12,0
base,committed,smarter,49,active,71,,,0,0,0,goblin:conquered:52 archmage:conquered:62 orc:conquered:70,1,32,26,1,3,1,96,7,14165.7,13665.7,16741.3,0.823,6,1,2,20,0
base,committed,smarter,50,active,71,,,1,1,0,goblin:conquered:58 archmage:conquered:69,2,33,23,2,2,0,103,3,14595.1,14046,16741.3,0.834,6,2,4,26,0
base,committed,smarter,51,active,71,,,2,2,0,goblin:conquered:53 archmage:conquered:66,1,32,23,2,2,0,102,6,13297.9,12804.6,16741.3,0.809,7,2,7,14,0
base,committed,smarter,52,won,63,63,,0,0,0,goblin:conquered:35 archmage:conquered:47 orc:conquered:55 dwarf:allied:63,1,25,21,0,2,0,85,9,15000,14045.8,16741.3,0.793,5,1,0,7,0
base,committed,smarter,53,active,71,,,2,2,0,goblin:conquered:47 dwarf:allied:55 archmage:conquered:63,1,25,20,0,2,0,92,6,13310.6,12782.2,16741.3,0.796,6,10,7,7,0
base,committed,smarter,54,active,71,,,2,2,0,,4,18,11,1,2,0,48,4,12801,12356,16741.3,0.799,6,2,5,33,0
base,committed,smarter,55,won,61,61,,0,0,0,goblin:conquered:37 dwarf:allied:45 orc:allied:53 archmage:conquered:61,1,27,24,0,2,0,87,9,15574.2,14572.7,16741.3,0.803,5,1,0,3,0
base,committed,smarter,56,active,71,,,1,1,0,,3,21,9,0,2,0,68,2,14152,13673.5,16741.3,0.798,6,1,4,37,0
base,committed,smarter,57,active,71,,,1,1,0,dwarf:allied:60 archmage:conquered:68,2,28,19,2,3,1,96,5,14161.4,13715,16741.3,0.801,6,4,4,25,0
base,committed,smarter,58,active,71,,,1,1,0,goblin:conquered:44 archmage:conquered:56 orc:conquered:64,1,26,21,0,2,0,83,5,14263.4,13660,16741.3,0.802,6,4,6,10,0
base,committed,smarter,59,won,63,63,,0,0,0,goblin:conquered:36 dwarf:allied:47 archmage:conquered:55 orc:conquered:63,1,26,21,0,2,0,88,11,15178.5,14236.9,16741.3,0.817,5,2,0,11,0
base,committed,smarter,60,won,69,69,,1,1,0,goblin:conquered:45 archmage:conquered:53 orc:conquered:61 dwarf:conquered:69,1,26,21,0,2,0,82,3,14755.5,14066.8,16741.3,0.83,7,1,5,3,0
base,committed,smarter,61,won,57,57,,0,0,0,goblin:conquered:33 orc:abdicated:41 archmage:conquered:49 dwarf:conquered:57,1,22,18,1,2,0,84,6,15615.3,14543.2,16741.3,0.815,5,2,0,7,0
base,committed,smarter,62,won,59,59,,0,0,0,goblin:conquered:35 archmage:abdicated:43 orc:conquered:51 dwarf:conquered:59,1,21,17,0,3,1,73,5,15518.9,14523.8,16741.3,0.836,5,1,0,3,0
base,committed,smarter,63,active,71,,,2,2,0,dwarf:allied:61 archmage:conquered:70,1,30,22,0,3,1,102,8,13910.8,13453.7,16741.3,0.803,6,1,11,21,0
base,committed,smarter,64,active,71,,,1,1,0,,3,14,7,2,2,0,56,2,13513.4,13112.9,16741.3,0.809,6,7,4,36,0
base,committed,smarter,65,won,59,59,,0,0,0,archmage:conquered:35 dwarf:allied:43 goblin:conquered:51 orc:conquered:59,1,17,13,0,2,0,78,9,14680.5,13723.6,16741.3,0.78,5,1,2,5,0
base,committed,smarter,66,won,68,68,,1,1,0,archmage:conquered:44 dwarf:allied:52 goblin:conquered:60 orc:conquered:68,2,23,18,0,3,1,91,9,13933.7,13321.4,16741.3,0.795,6,3,6,6,0
base,committed,smarter,67,won,66,66,,0,0,0,goblin:conquered:42 archmage:conquered:50 orc:conquered:58 dwarf:conquered:66,1,25,21,1,3,1,88,6,14703.9,13966.9,16741.3,0.81,6,2,3,8,0
base,committed,smarter,68,active,71,,,1,1,0,,3,12,3,1,3,1,67,2,14428.7,14000.4,16741.3,0.824,6,1,4,36,0
base,committed,smarter,69,won,53,53,,0,0,0,orc:abdicated:29 goblin:conquered:37 archmage:conquered:45 dwarf:conquered:53,1,19,17,0,3,1,72,7,15664.5,14462.2,16741.3,0.805,4,1,0,7,0
base,committed,smarter,70,won,61,61,,0,0,0,goblin:conquered:37 dwarf:allied:45 archmage:conquered:53 orc:allied:61,2,20,15,1,2,0,88,8,15031.7,14094.3,16741.3,0.8,5,3,0,5,0
base,committed,smarter,71,won,68,68,,1,1,0,goblin:conquered:44 orc:allied:52 archmage:conquered:60 dwarf:conquered:68,1,26,22,0,2,0,79,5,15200.8,14503.1,16741.3,0.854,7,1,4,9,0
base,committed,smarter,72,won,64,64,,1,0,0,goblin:conquered:40 archmage:conquered:48 orc:allied:56 dwarf:conquered:64,1,23,18,0,3,1,81,8,14741.1,13889.3,16741.3,0.809,6,1,4,8,0
base,committed,smarter,73,won,60,60,,0,0,0,goblin:conquered:35 dwarf:allied:43 orc:allied:52 archmage:conquered:60,2,19,14,0,2,0,87,7,15367.6,14387.3,16741.3,0.829,5,1,0,4,0
base,committed,smarter,74,won,69,69,,0,0,0,dwarf:conquered:44 archmage:conquered:53 goblin:conquered:61 orc:conquered:69,2,23,18,0,2,0,83,4,14480.7,13933.1,16741.3,0.831,6,2,3,12,0
base,committed,smarter,75,active,71,,,1,0,0,,5,17,11,0,3,1,75,1,14136.7,13667.4,16741.3,0.802,6,2,4,39,0
base,committed,smarter,76,won,68,68,,1,1,0,dwarf:allied:43 orc:conquered:52 goblin:conquered:60 archmage:conquered:68,2,25,19,0,4,2,92,14,14556.2,13912.3,16741.3,0.821,6,3,4,8,0
base,committed,smarter,77,won,70,70,,2,2,0,archmage:conquered:46 dwarf:allied:54 orc:allied:62 goblin:conquered:70,1,29,23,0,3,1,87,11,13811.6,13280.3,16741.3,0.807,6,2,7,6,0
base,committed,smarter,78,won,62,62,,0,0,0,goblin:conquered:38 dwarf:allied:46 archmage:conquered:54 orc:conquered:62,1,24,20,0,4,2,79,4,15062.7,14235.3,16741.3,0.832,5,4,1,4,0
base,committed,smarter,79,won,70,70,,0,0,0,dwarf:allied:46 orc:conquered:54 archmage:conquered:62 goblin:conquered:70,2,22,17,0,2,0,86,4,15271.8,14445.1,16741.3,0.822,6,1,3,8,0
base,committed,smarter,80,active,71,,,1,1,0,orc:conquered:57 goblin:conquered:68,1,28,19,1,2,0,85,1,14150.4,13707.8,16741.3,0.838,6,15,4,26,0
base,committed,smarter,81,active,71,,,2,2,0,dwarf:allied:59 archmage:conquered:67,1,28,20,2,3,1,88,2,14074,13559.5,16741.3,0.81,6,2,6,21,0
base,committed,smarter,82,active,71,,,1,0,0,archmage:abdicated:40 orc:allied:58 dwarf:allied:66,1,21,15,0,4,2,86,7,13527.8,13022.9,16741.3,0.803,7,2,8,17,0
base,committed,smarter,83,active,71,,,2,2,0,dwarf:allied:49 orc:allied:57 goblin:conquered:65,1,20,15,1,2,0,80,4,13584.8,13082.4,16741.3,0.799,6,2,7,17,0
base,committed,smarter,84,active,71,,,1,1,0,,5,19,12,3,3,1,67,6,13328.8,12904.2,16741.3,0.785,6,1,6,35,0
base,committed,smarter,85,active,71,,,1,1,0,dwarf:allied:58 archmage:conquered:67,1,28,19,0,2,0,96,8,13636.9,13240.1,16741.3,0.803,6,2,4,21,0
base,committed,smarter,86,won,59,59,,0,0,0,archmage:conquered:35 dwarf:allied:43 goblin:conquered:51 orc:conquered:59,1,18,14,0,2,0,77,4,15807,14834.6,16741.3,0.842,5,5,2,4,0
base,committed,smarter,87,active,71,,,1,0,0,orc:allied:54,3,16,11,0,3,1,84,3,14351.3,13766.4,16741.3,0.801,7,2,4,19,0
base,committed,smarter,88,won,58,58,,0,0,0,archmage:conquered:34 goblin:conquered:42 orc:conquered:50 dwarf:conquered:58,1,20,16,0,2,0,74,6,15081.4,14077.3,16741.3,0.803,5,1,0,3,0
base,committed,smarter,89,active,71,,,2,2,0,goblin:allied:51 archmage:conquered:60 orc:conquered:68,1,32,26,0,2,0,106,15,13354.2,12856.7,16741.3,0.796,6,5,5,14,0
base,committed,smarter,90,active,71,,,2,0,0,,2,14,7,2,2,0,74,1,13707.9,13194.8,16741.3,0.793,6,2,9,32,0
base,committed,smarter,91,active,71,,,1,1,0,archmage:abdicated:55 orc:conquered:66,1,27,22,1,2,0,82,4,13826.6,13416.2,16741.3,0.791,6,1,8,18,0
base,committed,smarter,92,active,71,,,1,1,0,goblin:conquered:50 archmage:conquered:60 orc:conquered:68,1,25,19,1,3,1,87,8,14224.2,13689.4,16741.3,0.806,6,3,4,18,0
base,committed,smarter,93,won,61,61,,0,0,0,archmage:conquered:37 dwarf:allied:45 orc:allied:53 goblin:conquered:61,1,24,16,0,2,0,77,5,14931.1,14187.8,16741.3,0.803,5,1,1,10,0
base,committed,smarter,94,active,71,,,1,1,0,dwarf:allied:47 orc:allied:56 goblin:conquered:64,2,22,17,0,2,0,90,10,13905.4,13349.4,16741.3,0.831,7,4,6,12,0
base,committed,smarter,95,active,71,,,1,0,0,dwarf:allied:52 archmage:conquered:60 goblin:conquered:68,1,26,19,0,3,1,89,1,14523.5,13924,16741.3,0.826,6,2,7,12,0
base,committed,smarter,96,active,71,,,2,2,0,goblin:conquered:56,1,19,12,1,2,0,48,3,13670,13136.4,16741.3,0.807,6,1,11,30,0
base,committed,smarter,97,won,70,70,,1,1,0,goblin:conquered:44 dwarf:allied:54 archmage:conquered:62 orc:conquered:70,1,31,25,2,2,0,83,3,13991,13352.1,16741.3,0.814,6,1,5,9,0
base,committed,smarter,98,active,71,,,2,2,0,,3,15,8,0,3,1,68,3,13594.2,13106.3,16741.3,0.785,7,7,7,31,0
base,committed,smarter,99,won,59,59,,0,0,0,goblin:conquered:35 orc:allied:43 archmage:conquered:51 dwarf:conquered:59,2,22,17,0,2,0,85,13,14626,13723.7,16741.3,0.78,5,3,0,4,0
base,committed,smarter,100,active,71,,,2,2,0,goblin:conquered:45 orc:allied:58 archmage:conquered:66,2,28,23,1,4,2,88,13,13141.4,12588.6,16741.3,0.748,6,5,7,13,0
base,committed,smarter,101,active,71,,,2,2,0,orc:conquered:65,3,24,13,1,2,0,90,1,13700.2,13246.1,16741.3,0.798,6,1,4,35,0
base,committed,smarter,102,won,61,61,,0,0,0,goblin:conquered:36 orc:conquered:45 archmage:conquered:53 dwarf:conquered:61,1,22,18,0,2,0,81,7,15104.1,14100.5,16741.3,0.804,6,1,3,4,0
base,committed,smarter,103,active,71,,,2,2,0,dwarf:allied:46 archmage:conquered:58 goblin:conquered:66,2,24,19,0,2,0,91,9,13894.5,13300.6,16741.3,0.781,6,2,7,11,0
base,committed,smarter,104,active,71,,,1,1,0,goblin:conquered:55 archmage:conquered:66,1,29,18,2,3,1,99,7,13683.3,13289.7,16741.3,0.815,6,2,4,15,0
base,committed,smarter,105,active,71,,,2,1,0,dwarf:allied:54 orc:allied:64,2,25,19,4,2,0,93,4,14013.1,13457.7,16741.3,0.797,6,1,7,16,0
base,committed,smarter,106,won,59,59,,0,0,0,archmage:conquered:35 dwarf:allied:43 goblin:conquered:51 orc:conquered:59,1,22,18,0,2,0,90,18,14783.1,13914.1,16741.3,0.791,5,3,1,3,0
base,committed,smarter,107,won,69,69,,1,1,0,goblin:conquered:45 dwarf:allied:53 archmage:conquered:61 orc:conquered:69,1,27,22,0,2,0,82,5,14327.1,13722.4,16741.3,0.83,6,2,6,9,0
base,committed,smarter,108,active,71,,,2,2,0,goblin:conquered:46 dwarf:allied:56 archmage:conquered:64,2,28,23,0,2,0,94,15,13175.1,12653.1,16741.3,0.796,7,2,5,6,0
base,committed,smarter,109,active,71,,,2,2,0,goblin:conquered:45 archmage:conquered:56 orc:conquered:64,2,30,25,0,3,1,90,12,13273.1,12638,16741.3,0.767,6,10,7,8,0
base,committed,smarter,110,active,71,,,2,1,0,dwarf:allied:51 orc:allied:59 goblin:allied:67,1,25,20,0,2,0,85,2,14057.4,13440.5,16741.3,0.804,6,1,7,14,0
base,committed,smarter,111,active,71,,,2,2,0,,2,27,13,0,2,0,70,1,12505.9,12032.7,16741.3,0.759,6,1,7,26,0
base,committed,smarter,112,won,55,55,,0,0,0,dwarf:allied:31 orc:conquered:39 goblin:allied:47 archmage:conquered:55,1,19,17,0,3,1,72,7,16295.9,15051.5,16741.3,0.829,5,2,0,3,0
base,committed,smarter,113,won,61,61,,1,1,0,archmage:conquered:37 dwarf:allied:45 goblin:conquered:53 orc:conquered:61,2,20,16,0,2,0,90,21,13339.8,12547.9,16741.3,0.767,5,2,4,5,0
base,committed,smarter,114,won,67,67,,2,1,0,archmage:conquered:43 dwarf:allied:51 orc:conquered:59 goblin:conquered:67,2,26,21,1,2,0,87,7,14265.5,13677.8,16741.3,0.79,6,31,7,6,0
base,committed,smarter,115,won,60,60,,0,0,0,archmage:conquered:34 orc:conquered:44 goblin:conquered:52 dwarf:conquered:60,1,24,21,0,2,0,84,7,16346.6,15246.5,16741.3,0.833,5,1,0,5,0
base,committed,smarter,116,won,70,70,,2,2,0,dwarf:allied:46 goblin:conquered:54 orc:allied:62 archmage:allied:70,1,20,15,1,3,1,82,5,13775.5,13217.4,16741.3,0.788,6,3,7,18,0
base,committed,smarter,117,won,64,64,,1,0,0,goblin:conquered:40 dwarf:allied:48 archmage:conquered:56 orc:conquered:64,1,20,15,0,2,0,83,8,15612,14853.9,16741.3,0.845,6,1,4,13,0
base,committed,smarter,118,won,65,65,,0,0,0,archmage:conquered:41 dwarf:allied:49 orc:conquered:57 goblin:conquered:65,2,25,20,0,3,1,90,7,14149.9,13425.6,16741.3,0.789,6,2,3,6,0
base,committed,smarter,119,active,71,,,1,0,0,orc:allied:64,6,23,18,1,3,1,88,6,13969.1,13440.8,16741.3,0.79,6,2,4,17,0
base,committed,smarter,120,won,68,68,,1,1,0,goblin:conquered:44 orc:conquered:52 archmage:conquered:60 dwarf:conquered:68,1,27,20,0,2,0,76,5,13404.5,12812.6,16741.3,0.794,6,1,4,6,0
base,committed,smarter,121,won,62,62,,1,0,0,archmage:conquered:38 dwarf:allied:46 goblin:conquered:54 orc:conquered:62,1,24,20,0,3,1,81,4,14985.7,14243.9,16741.3,0.814,6,3,4,11,0
base,committed,smarter,122,active,71,,,1,1,0,goblin:conquered:45 archmage:conquered:55 orc:conquered:63,1,27,22,0,3,1,88,9,13700.1,13151.5,16741.3,0.818,6,2,4,8,0
base,committed,smarter,123,active,71,,,2,2,0,dwarf:allied:58 archmage:conquered:67,1,29,23,0,3,1,102,9,12604.3,12210.2,16741.3,0.759,6,5,11,14,0
base,committed,smarter,124,active,71,,,2,2,0,goblin:conquered:47 dwarf:allied:55 archmage:conquered:63,1,27,22,1,3,1,92,9,13675.2,13118.6,16741.3,0.811,6,2,7,10,0
base,committed,smarter,125,won,58,58,,0,0,0,orc:abdicated:34 archmage:conquered:42 dwarf:conquered:50 goblin:conquered:58,1,20,17,0,2,0,81,10,14811.3,13869.8,16741.3,0.818,5,1,0,2,0
base,committed,smarter,126,active,71,,,2,2,0,goblin:conquered:53,1,20,12,1,2,0,44,2,13506.3,12994.7,16741.3,0.791,6,1,10,33,0
base,committed,smarter,127,won,65,65,,0,0,0,dwarf:conquered:41 archmage:conquered:49 orc:conquered:57 goblin:conquered:65,2,27,22,0,5,3,92,9,15161.3,14411.9,16741.3,0.827,5,1,2,5,0
base,committed,smarter,128,won,61,61,,0,0,0,archmage:conquered:36 goblin:conquered:45 orc:conquered:53 dwarf:conquered:61,1,26,22,1,2,0,81,5,15283.8,14392.1,16741.3,0.821,5,3,1,4,0
base,committed,smarter,129,active,71,,,2,2,0,archmage:conquered:58 goblin:conquered:66,2,26,21,1,2,0,87,6,14202.9,13627.8,16741.3,0.833,7,2,7,7,0
base,committed,smarter,130,fallen,45,,46,1,0,1,,0,7,0,0,2,0,26,1,12756.2,12394.5,15583.3,0.812,4,2,4,12,0
base,committed,smarter,131,active,71,,,0,0,0,,5,23,11,1,3,1,79,2,14405,13980.4,16741.3,0.821,6,2,2,36,0
base,committed,smarter,132,won,67,67,,0,0,0,goblin:conquered:43 orc:conquered:51 archmage:conquered:59 dwarf:conquered:67,1,29,24,1,2,0,85,7,14474.3,13852.3,16741.3,0.823,5,1,3,16,0
base,committed,smarter,133,won,59,59,,0,0,0,archmage:conquered:35 dwarf:allied:43 orc:allied:51 goblin:conquered:59,2,24,20,0,3,1,81,7,15181.6,14199.3,16741.3,0.796,5,1,0,5,0
base,committed,smarter,134,active,71,,,1,1,0,archmage:conquered:65,2,26,20,1,2,0,75,2,13255,12859.2,16741.3,0.804,7,2,4,23,0
base,committed,smarter,135,active,71,,,1,1,0,goblin:conquered:51 dwarf:allied:59 archmage:conquered:67,2,26,19,2,2,0,82,4,14063.2,13645.4,16741.3,0.811,6,2,4,8,0
base,committed,smarter,136,active,71,,,1,1,0,,2,22,8,1,2,0,65,5,13541.3,13088.9,16741.3,0.782,6,2,4,35,0
base,committed,smarter,137,active,71,,,1,1,0,goblin:conquered:44 archmage:conquered:55 orc:conquered:63,1,27,21,0,2,0,83,6,14242,13661.9,16741.3,0.808,6,1,4,9,0
base,committed,smarter,138,won,55,55,,0,0,0,archmage:conquered:31 goblin:conquered:39 orc:conquered:47 dwarf:conquered:55,1,19,16,0,2,0,77,11,15489.4,14349.3,16741.3,0.803,5,1,0,3,0
base,committed,smarter,139,active,71,,,0,0,0,orc:conquered:52 goblin:conquered:62 archmage:conquered:70,2,26,20,1,3,1,92,4,14911.9,14384.4,16741.3,0.841,6,2,0,24,0
base,committed,smarter,140,won,53,53,,0,0,0,orc:allied:29 dwarf:allied:37 archmage:allied:45 goblin:allied:53,1,9,8,0,2,0,71,6,16127.4,14889.7,16741.3,0.821,4,1,0,6,0
base,committed,smarter,141,won,66,66,,0,0,0,goblin:conquered:39 archmage:conquered:50 orc:conquered:58 dwarf:allied:66,1,26,21,0,2,0,82,5,15781.5,14901.5,16741.3,0.838,5,1,2,5,0
base,committed,smarter,142,active,71,,,2,2,0,archmage:conquered:61 orc:allied:69,3,32,26,1,2,0,92,8,13245.6,12755.3,16741.3,0.792,6,2,5,13,0
base,committed,smarter,143,won,62,62,,0,0,0,archmage:conquered:35 dwarf:allied:46 orc:conquered:54 goblin:conquered:62,1,30,24,0,2,0,88,11,15350.9,14443.6,16741.3,0.821,5,1,0,6,0
base,committed,smarter,144,active,71,,,2,2,0,,4,20,10,0,2,0,55,6,13590.8,13141.2,16741.3,0.806,6,2,11,33,0
base,committed,smarter,145,won,70,70,,2,2,0,goblin:conquered:46 orc:conquered:54 archmage:conquered:62 dwarf:conquered:70,1,24,19,1,2,0,80,3,14429.6,13844.8,16741.3,0.791,6,1,7,15,0
base,committed,smarter,146,active,71,,,2,2,0,goblin:conquered:47 orc:allied:58 archmage:conquered:66,1,25,20,2,2,0,81,4,13080.9,12605.3,16741.3,0.781,6,2,6,16,0
base,committed,smarter,147,won,64,64,,1,0,0,goblin:conquered:40 archmage:abdicated:48 orc:conquered:56 dwarf:conquered:64,1,23,18,0,3,1,85,12,13806.1,13184.1,16741.3,0.797,6,2,4,9,0
base,committed,smarter,148,active,71,,,1,1,0,goblin:conquered:44 archmage:conquered:58 orc:conquered:66,1,27,22,0,2,0,87,3,13705.5,13127,16741.3,0.821,7,4,5,11,0
base,committed,smarter,149,active,71,,,2,2,0,goblin:conquered:50 dwarf:allied:58 orc:allied:66,1,28,22,1,2,0,94,9,12907.9,12456.6,16741.3,0.788,6,1,7,12,0
base,committed,smarter,150,active,71,,,2,2,0,,4,22,9,1,2,0,64,2,14301.5,13810.7,16741.3,0.802,6,3,7,36,0
base,committed,smarter,151,won,60,60,,0,0,0,goblin:conquered:36 dwarf:allied:44 archmage:conquered:52 orc:conquered:60,1,19,16,0,2,0,85,10,15715.7,14754,16741.3,0.831,5,2,0,4,0
base,committed,smarter,152,active,71,,,2,2,0,archmage:conquered:49 orc:allied:57 goblin:conquered:65,1,23,18,1,2,0,84,6,13923.4,13413.9,16741.3,0.774,6,2,6,15,0
base,committed,smarter,153,won,66,66,,0,0,0,archmage:conquered:42 dwarf:allied:50 goblin:conquered:58 orc:conquered:66,1,21,16,0,3,1,89,10,13893.5,13313.7,16741.3,0.813,6,1,3,9,0
base,committed,smarter,154,active,71,,,2,2,0,,5,19,9,0,3,1,60,4,13884.5,13336.8,16741.3,0.805,6,2,7,32,0
base,committed,smarter,155,won,58,58,,0,0,0,archmage:conquered:34 orc:conquered:42 goblin:conquered:50 dwarf:conquered:58,1,21,18,0,3,1,72,3,15257.8,14260.4,16741.3,0.795,5,4,0,4,0
base,committed,smarter,156,active,71,,,2,1,0,dwarf:allied:50 goblin:conquered:58 archmage:conquered:66,1,27,22,0,2,0,97,8,14134.5,13580.1,16741.3,0.821,6,2,7,14,0
base,committed,smarter,157,active,71,,,2,2,0,dwarf:allied:48 orc:allied:59 goblin:conquered:67,1,21,16,0,2,0,83,3,14560.9,13982.3,16741.3,0.813,6,7,7,12,0
base,committed,smarter,158,active,71,,,2,2,0,archmage:conquered:66,3,33,27,0,2,0,92,6,12590.4,12193.1,16741.3,0.747,6,1,4,18,0
base,committed,smarter,159,won,62,62,,0,0,0,goblin:conquered:37 orc:allied:46 archmage:conquered:54 dwarf:conquered:62,1,27,23,0,2,0,89,10,15371.9,14403.2,16741.3,0.831,6,1,0,6,0
base,committed,smarter,160,active,71,,,1,1,0,goblin:conquered:51 dwarf:allied:59 archmage:conquered:67,2,22,16,0,2,0,85,2,14047.6,13516,16741.3,0.814,6,5,5,18,0
base,committed,smarter,161,won,69,69,,1,1,0,goblin:conquered:44 orc:allied:53 dwarf:allied:61 archmage:conquered:69,1,24,18,0,2,0,88,6,13061.7,12518,16741.3,0.778,6,6,6,16,0
base,committed,smarter,162,won,62,62,,0,0,0,archmage:conquered:36 dwarf:allied:46 orc:allied:54 goblin:allied:62,1,16,13,0,2,0,78,4,14996.1,14205.4,16741.3,0.815,5,1,2,4,0
base,committed,smarter,163,won,60,60,,0,0,0,archmage:conquered:36 orc:allied:44 goblin:conquered:52 dwarf:allied:60,1,19,16,0,4,2,78,6,14969.1,14054,16741.3,0.8,5,2,3,4,0
base,committed,smarter,164,active,71,,,1,1,0,goblin:conquered:60 dwarf:allied:68,2,25,18,2,3,1,105,4,14470.8,14033,16741.3,0.832,6,2,4,31,0
base,committed,smarter,165,won,57,57,,0,0,0,goblin:conquered:33 archmage:conquered:41 orc:conquered:49 dwarf:conquered:57,1,20,16,0,3,1,72,7,14792.6,13785,16741.3,0.791,5,2,0,2,0
base,committed,smarter,166,won,60,60,,0,0,0,goblin:conquered:36 dwarf:allied:44 archmage:conquered:52 orc:conquered:60,2,20,16,0,2,0,82,7,14704.2,13927.5,16741.3,0.826,5,2,0,9,0
base,committed,smarter,167,active,71,,,1,1,0,,3,20,12,2,2,0,83,2,12782.7,12414.1,16741.3,0.795,7,1,4,36,0
base,committed,smarter,168,won,67,67,,1,1,0,goblin:conquered:43 dwarf:allied:51 archmage:conquered:59 orc:conquered:67,1,28,24,1,2,0,85,8,15227.3,14435.5,16741.3,0.829,6,4,4,7,0
base,committed,smarter,169,active,71,,,2,2,0,orc:conquered:58 archmage:conquered:70,2,32,21,2,2,0,109,10,12778.3,12380.7,16741.3,0.754,6,2,10,24,0
base,committed,smarter,170,won,62,62,,0,0,0,archmage:conquered:38 dwarf:allied:46 goblin:conquered:54 orc:conquered:62,1,28,23,0,2,0,83,5,15013.4,14099.2,16741.3,0.831,6,3,0,4,0
base,committed,smarter,171,won,63,63,,0,0,0,goblin:conquered:39 dwarf:allied:47 archmage:conquered:55 orc:conquered:63,2,23,19,0,2,0,84,4,14708.1,13956.8,16741.3,0.816,5,4,2,11,0
base,committed,smarter,172,won,63,63,,0,0,0,goblin:conquered:39 dwarf:allied:47 archmage:conquered:55 orc:conquered:63,1,20,15,0,2,0,87,15,14639.3,13893.2,16741.3,0.822,5,2,3,10,0
base,committed,smarter,173,active,71,,,2,2,0,dwarf:allied:59 archmage:conquered:67,3,23,17,1,2,0,87,5,13134.1,12636.8,16741.3,0.781,6,4,7,9,0
base,committed,smarter,174,active,71,,,2,2,0,archmage:conquered:46 goblin:conquered:57 orc:conquered:65,1,32,25,0,2,0,92,8,13366.8,12784,16741.3,0.757,6,3,7,7,0
base,committed,smarter,175,active,71,,,2,2,0,orc:conquered:67,4,32,21,1,3,1,105,5,13975.8,13469.8,16741.3,0.8,6,1,6,19,0
base,committed,smarter,176,active,71,,,2,2,0,dwarf:allied:52 orc:allied:60 goblin:conquered:68,2,22,17,0,3,1,86,4,13417.4,12857.9,16741.3,0.781,6,1,7,11,0
base,committed,smarter,177,active,71,,,2,2,0,,3,21,10,0,2,0,69,1,13477.8,13043.7,16741.3,0.79,6,2,11,36,0
base,committed,smarter,178,won,68,68,,0,0,0,dwarf:conquered:42 archmage:conquered:52 goblin:conquered:60 orc:conquered:68,1,28,24,0,2,0,92,14,13175.2,12544.7,16741.3,0.778,6,1,3,7,0
base,committed,smarter,179,active,71,,,2,2,0,,3,18,11,1,3,1,59,8,14149.2,13615.2,16741.3,0.81,6,21,6,34,0
base,committed,smarter,180,active,71,,,1,1,0,,3,24,14,2,2,0,89,2,13799.2,13376.7,16741.3,0.824,7,1,4,33,0
base,committed,smarter,181,active,71,,,1,1,0,,3,17,6,0,2,0,66,2,13710.5,13317,16741.3,0.801,6,2,4,35,0
base,committed,smarter,182,active,71,,,2,0,0,,3,22,8,4,2,0,72,3,14123.3,13587.7,16741.3,0.806,6,2,8,36,0
base,committed,smarter,183,won,58,58,,0,0,0,goblin:conquered:34 dwarf:allied:42 archmage:conquered:50 orc:conquered:58,2,19,15,1,2,0,82,7,14417.8,13480.2,16741.3,0.794,5,2,0,6,0
base,committed,smarter,184,active,71,,,2,2,0,archmage:conquered:51 orc:conquered:59 goblin:conquered:67,1,29,24,0,2,0,82,6,13583,13017.8,16741.3,0.784,6,5,5,9,0
base,committed,smarter,185,active,71,,,0,0,0,,3,20,8,0,3,1,70,6,14040.3,13590.2,16741.3,0.812,6,1,3,37,0
base,committed,smarter,186,active,71,,,2,2,0,archmage:conquered:57 goblin:conquered:65,1,29,23,1,2,0,82,5,14601.4,14024,16741.3,0.81,6,5,11,14,0
base,committed,smarter,187,active,71,,,1,1,0,orc:allied:47 goblin:conquered:55 archmage:conquered:63,1,24,19,0,2,0,78,3,15321.5,14622.9,16741.3,0.846,6,2,4,9,0
base,committed,smarter,188,active,71,,,2,2,0,goblin:conquered:45 archmage:conquered:56 orc:conquered:64,1,29,23,1,2,0,93,13,13901.3,13299.5,16741.3,0.795,6,1,7,9,0
base,committed,smarter,189,active,71,,,1,1,0,,3,22,10,0,3,1,72,3,13871.8,13440.2,16741.3,0.782,6,2,4,36,0
base,committed,smarter,190,active,71,,,2,2,0,dwarf:allied:46 orc:allied:56 archmage:conquered:64,2,20,15,0,2,0,77,3,14273.6,13703.6,16741.3,0.82,6,2,7,14,0
base,committed,smarter,191,active,71,,,1,1,0,,4,17,9,1,2,0,58,1,13639.4,13245.2,16741.3,0.815,6,2,7,35,0
base,committed,smarter,192,won,66,66,,0,0,0,dwarf:conquered:41 orc:conquered:50 goblin:conquered:58 archmage:conquered:66,2,26,22,0,2,0,81,3,15135.7,14344.3,16741.3,0.816,6,3,2,8,0
base,committed,smarter,193,won,67,67,,1,1,0,goblin:conquered:43 archmage:conquered:51 dwarf:allied:59 orc:conquered:67,1,24,19,0,3,1,77,1,13845.8,13284.5,16741.3,0.815,6,3,5,13,0
base,committed,smarter,194,won,68,68,,1,1,0,goblin:conquered:44 dwarf:allied:52 archmage:conquered:60 orc:allied:68,1,22,17,0,2,0,84,6,14609.3,13989.3,16741.3,0.838,6,1,4,6,0
base,committed,smarter,195,fallen,45,,46,1,0,1,,0,7,0,0,3,1,25,3,13129.6,12769.5,15583.3,0.845,3,2,4,11,0
base,committed,smarter,196,active,71,,,2,2,0,dwarf:allied:55 orc:allied:63,2,24,18,0,3,1,86,5,13614.4,13176.2,16741.3,0.807,6,2,9,12,0
base,committed,smarter,197,active,71,,,2,0,0,dwarf:allied:47 orc:allied:61 goblin:allied:69,1,18,13,0,2,0,87,4,14718.1,14113.5,16741.3,0.842,7,2,8,13,0
base,committed,smarter,198,active,71,,,1,1,0,dwarf:conquered:48 goblin:conquered:57 archmage:conquered:65,2,26,20,0,2,0,84,5,14167.8,13728.2,16741.3,0.8,6,2,4,15,0
base,committed,smarter,199,active,71,,,1,0,0,dwarf:allied:44 archmage:conquered:58 goblin:conquered:66,1,26,21,2,2,0,87,7,14105.1,13554.7,16741.3,0.811,6,2,7,14,0
base,committed,smarter,200,active,71,,,0,0,0,,4,21,8,0,3,1,67,3,14299.4,13830.7,16741.3,0.824,7,2,0,26,0
base,committed,smarter,201,won,67,67,,1,1,0,dwarf:allied:43 goblin:conquered:51 archmage:conquered:59 orc:allied:67,1,22,17,0,3,1,85,11,14511.6,13854.4,16741.3,0.796,6,2,4,11,0
base,committed,smarter,202,active,71,,,2,2,0,goblin:conquered:59 archmage:conquered:70,2,28,20,0,4,2,106,6,13554.4,13015,16741.3,0.782,6,2,7,24,0
base,committed,smarter,203,won,66,66,,1,1,0,archmage:conquered:42 dwarf:allied:50 goblin:conquered:58 orc:conquered:66,1,22,18,0,2,0,78,4,14589.6,13795.8,16741.3,0.788,6,2,4,6,0
base,committed,smarter,204,active,71,,,2,2,0,dwarf:allied:47 archmage:conquered:61 goblin:conquered:69,1,23,18,0,3,1,80,3,13879.9,13359.1,16741.3,0.781,6,2,7,13,0
base,committed,smarter,205,won,66,66,,1,1,0,dwarf:abdicated:40 orc:conquered:50 goblin:conquered:58 archmage:conquered:66,2,28,23,0,2,0,86,9,14894.2,14176.3,16741.3,0.844,6,1,4,7,0
base,committed,smarter,206,won,57,57,,0,0,0,goblin:conquered:33 dwarf:allied:41 archmage:conquered:49 orc:conquered:57,1,18,15,0,3,1,80,7,16011.4,14925.4,16741.3,0.825,5,2,0,8,0
base,committed,smarter,207,active,71,,,2,2,0,,3,14,6,3,2,0,63,1,13478.2,13017.9,16741.3,0.784,6,2,11,34,0
base,committed,smarter,208,active,71,,,1,1,0,orc:allied:50 dwarf:allied:60 goblin:conquered:68,1,20,15,0,2,0,83,3,13952.6,13382.9,16741.3,0.802,6,2,6,16,0
base,committed,smarter,209,won,59,59,,0,0,0,goblin:conquered:35 dwarf:allied:43 archmage:conquered:51 orc:conquered:59,2,23,18,0,2,0,87,11,15408.6,14438.9,16741.3,0.807,5,1,0,6,0
base,committed,smarter,210,active,71,,,2,2,0,archmage:conquered:59 goblin:conquered:67,3,33,28,0,3,1,93,11,13243.8,12752,16741.3,0.8,6,2,4,8,0
base,committed,smarter,211,active,71,,,2,2,0,,5,18,10,1,2,0,45,1,13802.7,13342.3,16741.3,0.785,6,4,4,35,0
base,committed,smarter,212,active,71,,,2,2,0,dwarf:allied:46 orc:allied:56 goblin:conquered:64,2,27,20,0,2,0,85,11,14258.6,13692.5,16741.3,0.817,6,2,7,7,0
base,committed,smarter,213,active,71,,,2,2,0,archmage:conquered:61 orc:conquered:69,3,29,24,0,4,2,94,4,12665.1,12201.9,16741.3,0.76,7,2,6,12,0
base,committed,smarter,214,active,71,,,1,1,0,orc:conquered:63,3,30,18,2,2,0,114,3,14811.1,14234.8,16741.3,0.826,6,1,6,27,0
base,committed,smarter,215,active,71,,,2,2,0,goblin:conquered:57 archmage:conquered:69,2,38,27,3,2,0,112,11,12998.3,12582,16741.3,0.784,6,9,4,19,0
base,committed,smarter,216,won,63,63,,0,0,0,goblin:conquered:37 archmage:conquered:47 dwarf:allied:55 orc:conquered:63,2,22,18,0,3,1,92,10,14436.3,13634.8,16741.3,0.821,5,4,0,7,0
base,committed,smarter,217,won,59,59,,0,0,0,archmage:conquered:35 orc:abdicated:43 goblin:conquered:51 dwarf:conquered:59,1,22,18,0,2,0,83,9,14555.4,13631,16741.3,0.79,5,1,0,6,0
base,committed,smarter,218,active,71,,,2,2,0,goblin:conquered:59,2,32,24,1,2,0,104,7,13381.5,12938.1,16741.3,0.794,6,1,11,27,0
base,committed,smarter,219,active,71,,,2,2,0,dwarf:allied:49 archmage:abdicated:57 orc:conquered:65,1,25,20,0,2,0,82,5,13414.2,12909.6,16741.3,0.804,7,1,7,14,0
base,committed,smarter,220,won,67,67,,1,1,0,goblin:conquered:43 archmage:conquered:51 orc:allied:59 dwarf:conquered:67,1,24,19,0,2,0,91,12,14231.9,13530.3,16741.3,0.785,6,1,4,8,0
base,committed,smarter,221,won,68,68,,1,1,0,archmage:conquered:44 goblin:conquered:52 orc:conquered:60 dwarf:conquered:68,1,26,21,0,2,0,83,12,14262.2,13701.8,16741.3,0.812,6,1,6,10,0
base,committed,smarter,222,active,71,,,1,1,0,goblin:conquered:49 archmage:conquered:59 orc:conquered:67,1,28,23,2,3,1,95,9,14582.5,13938.2,16741.3,0.794,6,2,4,16,0
base,committed,smarter,223,active,71,,,2,2,0,dwarf:allied:50 goblin:allied:59 archmage:conquered:67,1,20,13,2,2,0,89,3,13557,13027.9,16741.3,0.809,6,1,7,17,0
base,committed,smarter,224,active,71,,,1,1,0,,6,20,10,1,2,0,76,2,14122.1,13628.4,16741.3,0.811,6,4,4,37,0
base,committed,smarter,225,active,71,,,2,2,0,goblin:conquered:55,1,23,11,0,5,3,69,6,14144.5,13594.4,16741.3,0.808,6,2,11,33,0
base,committed,smarter,226,won,66,66,,1,1,0,goblin:conquered:42 dwarf:allied:50 archmage:conquered:58 orc:conquered:66,1,24,19,0,2,0,77,4,15079.1,14288.5,16741.3,0.826,6,3,4,9,0
base,committed,smarter,227,active,71,,,2,2,0,dwarf:allied:62 archmage:conquered:70,2,28,21,0,4,2,96,6,14364.9,13820.4,16741.3,0.824,6,1,5,25,0
base,committed,smarter,228,active,71,,,2,2,0,dwarf:allied:56 orc:allied:64,3,28,21,0,2,0,89,3,13279.1,12784.2,16741.3,0.798,6,1,7,11,0
base,committed,smarter,229,active,71,,,2,2,0,goblin:conquered:47 archmage:conquered:62 orc:conquered:70,1,28,22,2,2,0,102,12,13502.2,12996.2,16741.3,0.801,6,4,7,11,0
base,committed,smarter,230,active,71,,,1,0,0,,5,22,16,1,2,0,93,7,14276.4,13763,16741.3,0.809,6,2,4,13,0
base,committed,smarter,231,active,71,,,2,2,0,goblin:conquered:55 archmage:conquered:67,1,29,22,1,2,0,93,7,13645,13115.2,16741.3,0.782,6,2,7,22,0
base,committed,smarter,232,won,58,58,,0,0,0,goblin:conquered:34 dwarf:allied:42 archmage:conquered:50 orc:conquered:58,2,21,17,0,2,0,96,14,15426.1,14386.8,16741.3,0.804,5,1,0,8,0
base,committed,smarter,233,active,71,,,1,1,0,goblin:conquered:57 archmage:conquered:66,2,24,18,3,2,0,82,0,14122.8,13559.4,16741.3,0.805,6,2,8,23,0
base,committed,smarter,234,won,69,69,,2,2,0,dwarf:allied:45 goblin:conquered:53 archmage:conquered:61 orc:conquered:69,1,28,22,0,2,0,84,8,13872.2,13297.6,16741.3,0.815,6,1,5,13,0
base,committed,smarter,235,won,68,68,,1,1,0,goblin:conquered:44 dwarf:allied:52 archmage:conquered:60 orc:conquered:68,1,24,18,0,3,1,88,9,13849.4,13255,16741.3,0.796,6,3,4,8,0
base,committed,smarter,236,active,71,,,2,2,0,,4,21,11,1,2,0,68,1,13409,12982.8,16741.3,0.788,6,2,11,35,0
base,committed,smarter,237,active,71,,,2,2,0,goblin:conquered:48 archmage:conquered:58 orc:conquered:66,1,29,24,0,2,0,91,8,14717.1,14070.2,16741.3,0.82,6,4,7,10,0
base,committed,smarter,238,won,56,56,,0,0,0,dwarf:allied:32 orc:conquered:40 goblin:conquered:48 archmage:allied:56,1,18,16,0,2,0,71,7,15873.3,14676.2,16741.3,0.811,5,1,0,6,0
base,committed,smarter,239,active,71,,,2,2,0,goblin:conquered:56 archmage:conquered:65,2,31,21,0,3,1,96,3,13176.6,12803.3,16741.3,0.803,6,12,11,25,0
base,committed,smarter,240,won,70,70,,2,2,0,goblin:conquered:46 dwarf:allied:54 archmage:conquered:62 orc:conquered:70,1,25,20,2,4,2,90,5,14182.1,13600.7,16741.3,0.792,6,2,7,15,0
base,committed,smarter,241,active,71,,,0,0,0,goblin:conquered:39 archmage:conquered:55 orc:allied:63,1,24,19,0,2,0,85,9,14938.1,14215.2,16741.3,0.825,7,1,3,12,0
base,committed,smarter,242,won,69,69,,1,1,0,goblin:conquered:45 dwarf:allied:53 archmage:conquered:61 orc:conquered:69,2,28,22,0,4,2,96,16,14004,13359,16741.3,0.805,6,2,6,10,0
base,committed,smarter,243,active,71,,,2,0,0,dwarf:allied:49 orc:allied:64,2,18,13,1,3,1,99,12,13930.2,13367.5,16741.3,0.812,6,2,7,15,0
base,committed,smarter,244,active,71,,,2,2,0,goblin:conquered:48 dwarf:allied:56 orc:allied:64,1,27,20,2,4,2,97,12,12029,11538.7,16741.3,0.715,6,3,7,8,0
base,committed,smarter,245,active,71,,,1,0,0,goblin:conquered:55 archmage:abdicated:63,4,25,20,1,3,1,114,11,14767.5,14192.1,16741.3,0.816,6,1,4,24,0
base,committed,smarter,246,active,71,,,1,1,0,goblin:conquered:64,2,26,19,2,2,0,94,1,13411.9,12980.5,16741.3,0.776,6,1,4,30,0
base,committed,smarter,247,active,71,,,1,1,0,,3,12,5,2,2,0,68,1,13770.9,13324.3,16741.3,0.792,6,2,6,36,0
base,committed,smarter,248,won,57,57,,0,0,0,goblin:conquered:33 archmage:abdicated:41 orc:conquered:49 dwarf:conquered:57,1,21,17,0,3,1,92,8,15482.7,14471.3,16741.3,0.815,5,1,0,9,0
base,committed,smarter,249,won,69,69,,1,1,0,goblin:conquered:45 archmage:conquered:53 orc:conquered:61 dwarf:allied:69,2,28,23,1,2,0,93,10,13741,13187.5,16741.3,0.812,7,3,5,8,0
base,committed,smarter,250,active,71,,,1,1,0,,3,18,8,1,2,0,53,0,14309.2,13829.1,16741.3,0.807,6,1,4,37,0
base,committed,smarter,251,active,71,,,1,1,0,orc:allied:57 goblin:conquered:65,1,22,16,0,3,1,80,6,13942.9,13509.5,16741.3,0.804,6,3,4,18,0
base,committed,smarter,252,active,71,,,2,2,0,dwarf:allied:54 archmage:conquered:62 goblin:conquered:70,1,32,24,1,2,0,99,8,13866.3,13367.3,16741.3,0.811,6,1,10,10,0
base,committed,smarter,253,active,71,,,1,0,0,dwarf:allied:48 orc:allied:56 goblin:allied:67,2,17,11,0,3,1,88,6,14856.4,14219.4,16741.3,0.823,6,2,7,12,0
base,committed,smarter,254,active,71,,,2,2,0,archmage:conquered:64,2,33,25,1,2,0,92,7,13757.6,13239.7,16741.3,0.794,6,14,7,21,0
base,committed,smarter,255,won,59,59,,0,0,0,goblin:conquered:35 archmage:conquered:43 orc:conquered:51 dwarf:conquered:59,1,23,19,0,2,0,88,9,15108.2,14131.5,16741.3,0.824,6,1,0,4,0
base,committed,smarter,256,won,64,64,,0,0,0,archmage:conquered:40 dwarf:allied:48 goblin:conquered:56 orc:conquered:64,2,22,17,0,3,1,83,6,14446.4,13889.9,16741.3,0.824,6,2,1,15,0
base,committed,smarter,257,active,71,,,2,1,0,dwarf:allied:57 orc:allied:65,2,19,14,0,2,0,81,4,14009,13413.5,16741.3,0.788,6,1,7,6,0
base,committed,smarter,258,active,71,,,2,2,0,,4,18,9,2,3,1,61,4,13057.7,12651.8,16741.3,0.794,6,2,7,35,0
base,committed,smarter,259,active,71,,,2,2,0,goblin:conquered:47 orc:allied:57 archmage:conquered:65,1,34,27,0,4,2,97,14,13504.1,12985.9,16741.3,0.79,6,3,7,14,0
base,committed,smarter,260,active,71,,,2,1,0,orc:allied:50 dwarf:allied:58 goblin:conquered:66,2,17,12,0,4,2,76,2,14363.5,13821.3,16741.3,0.831,6,2,6,18,0
base,committed,smarter,261,active,71,,,1,1,0,,6,21,8,2,3,1,70,2,14225,13721.2,16741.3,0.833,6,2,4,35,0
base,committed,smarter,262,won,67,67,,1,1,0,goblin:conquered:43 orc:allied:51 archmage:conquered:59 dwarf:conquered:67,2,23,19,0,4,2,87,8,13906.7,13205.2,16741.3,0.784,7,19,4,9,0
base,committed,smarter,263,active,71,,,2,2,0,goblin:conquered:48 dwarf:allied:56 archmage:conquered:64,2,25,20,1,2,0,91,10,12713.5,12252.6,16741.3,0.779,6,1,7,13,0
base,committed,smarter,264,active,71,,,2,2,0,archmage:conquered:53 goblin:conquered:61 orc:conquered:69,1,34,28,0,3,1,92,12,14096.9,13511.3,16741.3,0.793,6,4,7,8,0
base,committed,smarter,265,won,60,60,,0,0,0,archmage:conquered:36 goblin:conquered:44 orc:conquered:52 dwarf:conquered:60,4,27,23,0,5,3,85,11,15753.6,14549.6,16741.3,0.809,6,2,0,6,0
base,committed,smarter,266,active,71,,,2,1,0,goblin:conquered:52 dwarf:allied:60 orc:allied:68,1,24,16,2,2,0,83,2,13655,13112.5,16741.3,0.805,7,14,4,22,0
base,committed,smarter,267,won,61,61,,0,0,0,goblin:conquered:37 dwarf:allied:45 orc:allied:53 archmage:conquered:61,1,23,19,1,2,0,96,20,13952.6,13136.5,16741.3,0.776,5,1,1,5,0
base,committed,smarter,268,won,60,60,,0,0,0,archmage:conquered:34 dwarf:allied:44 goblin:conquered:52 orc:conquered:60,1,24,20,0,3,1,89,12,15375.9,14439.1,16741.3,0.777,5,2,0,5,0
base,committed,smarter,269,active,71,,,2,1,0,,2,20,9,0,2,0,59,5,13241.7,12817.6,16741.3,0.804,6,2,4,37,0
base,committed,smarter,270,active,71,,,2,2,0,,4,23,12,2,2,0,57,1,14677.3,14118.2,16741.3,0.84,6,2,10,34,0
base,committed,smarter,271,active,71,,,2,2,0,goblin:conquered:59 archmage:conquered:71,1,34,24,0,3,1,98,4,12956.2,12554.3,16741.3,0.789,6,1,4,25,0
base,committed,smarter,272,won,60,60,,0,0,0,goblin:conquered:36 orc:abdicated:44 archmage:conquered:52 dwarf:conquered:60,2,23,17,0,4,2,93,16,14845.5,13921.8,16741.3,0.806,5,2,1,6,0
base,committed,smarter,273,active,71,,,2,2,0,archmage:conquered:63,4,33,24,0,4,2,101,12,12748.6,12296.8,16741.3,0.777,7,1,6,12,0
base,committed,smarter,274,active,71,,,2,2,0,,5,27,10,1,2,0,76,3,13594.6,13059.7,16741.3,0.795,6,2,11,31,0
base,committed,smarter,275,active,71,,,1,1,0,archmage:conquered:64,3,26,19,1,4,2,89,4,14022.4,13563.8,16741.3,0.816,6,2,4,23,0
base,committed,smarter,276,won,58,58,,0,0,0,goblin:conquered:34 dwarf:allied:42 archmage:abdicated:50 orc:conquered:58,1,20,16,0,2,0,86,9,14277,13359.7,16741.3,0.781,5,1,0,9,0
base,committed,smarter,277,active,71,,,1,1,0,orc:conquered:62,2,27,18,1,2,0,89,1,13805,13332,16741.3,0.802,6,1,4,35,0
base,committed,smarter,278,active,71,,,1,1,0,,4,20,9,2,3,1,72,3,14141.8,13608.4,16741.3,0.825,6,2,8,35,0
base,committed,smarter,279,won,67,67,,1,1,0,archmage:conquered:43 dwarf:allied:51 goblin:conquered:59 orc:conquered:67,1,26,20,0,2,0,85,6,14632.4,13970.8,16741.3,0.829,6,1,4,8,0
base,committed,smarter,280,active,71,,,2,1,0,,4,20,10,2,3,1,76,3,14451.6,13874.1,16741.3,0.796,6,2,7,33,0
base,committed,smarter,281,active,71,,,2,2,0,dwarf:allied:53 archmage:conquered:63,2,25,19,0,3,1,92,5,13433.3,12940.3,16741.3,0.792,6,9,4,23,0
base,committed,smarter,282,active,71,,,1,0,0,orc:allied:64,5,24,19,1,2,0,86,4,14719.4,14119.8,16741.3,0.812,6,1,5,15,0
base,committed,smarter,283,active,71,,,2,2,0,,4,19,10,3,2,0,53,2,13160.3,12747.5,16741.3,0.781,6,2,4,36,0
base,committed,smarter,284,won,70,70,,1,1,0,archmage:conquered:44 goblin:conquered:54 orc:conquered:62 dwarf:conquered:70,2,28,23,1,2,0,95,14,14118.9,13537.6,16741.3,0.796,6,1,4,8,0
base,committed,smarter,285,won,70,70,,2,2,0,goblin:conquered:45 archmage:conquered:54 orc:conquered:62 dwarf:allied:70,2,27,22,2,4,2,86,6,13487.5,12905.6,16741.3,0.773,6,5,7,7,0
base,committed,smarter,286,active,71,,,1,1,0,,4,18,10,1,3,1,71,4,13483.5,13099.4,16741.3,0.793,6,2,5,34,0
base,committed,smarter,287,won,68,68,,0,0,0,archmage:conquered:44 dwarf:allied:52 goblin:conquered:60 orc:conquered:68,1,29,24,0,2,0,87,4,13752.6,13113.5,16741.3,0.798,6,2,3,8,0
base,committed,smarter,288,won,55,55,,0,0,0,dwarf:allied:31 archmage:conquered:39 orc:conquered:47 goblin:conquered:55,1,18,15,0,4,2,73,8,15885.4,14673.3,16741.3,0.788,4,2,0,2,0
base,committed,smarter,289,won,59,59,,0,0,0,goblin:conquered:35 dwarf:allied:43 archmage:conquered:51 orc:conquered:59,2,23,19,0,5,3,86,9,14992,14092.9,16741.3,0.802,5,2,0,2,0
base,committed,smarter,290,won,59,59,,0,0,0,goblin:conquered:34 archmage:conquered:43 orc:conquered:51 dwarf:conquered:59,1,22,17,0,2,0,89,16,14068.1,13149.2,16741.3,0.771,5,2,0,4,0
base,committed,smarter,291,active,71,,,2,2,0,goblin:conquered:57 orc:abdicated:65,1,24,17,0,3,1,99,6,13695.8,13155.7,16741.3,0.798,6,1,6,24,0
base,committed,smarter,292,active,71,,,1,1,0,archmage:conquered:43 dwarf:allied:55 orc:conquered:63,1,25,20,0,2,0,80,2,13522.9,12980.2,16741.3,0.814,7,1,5,10,0
base,committed,smarter,293,won,59,59,,0,0,0,goblin:conquered:35 dwarf:abdicated:43 orc:allied:51 archmage:conquered:59,1,24,20,0,2,0,75,9,14908,13948.7,16741.3,0.799,5,1,0,3,0
base,committed,smarter,294,won,61,61,,0,0,0,archmage:conquered:37 dwarf:allied:45 orc:conquered:53 goblin:conquered:61,1,23,20,0,2,0,84,11,15309.5,14306.7,16741.3,0.814,5,1,0,4,0
base,committed,smarter,295,won,60,60,,0,0,0,goblin:conquered:36 dwarf:allied:44 archmage:abdicated:52 orc:allied:60,1,18,14,0,2,0,77,12,14720.5,13816.7,16741.3,0.814,5,1,0,5,0
base,committed,smarter,296,active,71,,,2,2,0,,3,22,15,4,2,0,71,2,13968.7,13479.9,16741.3,0.811,7,5,7,35,0
base,committed,smarter,297,won,56,56,,0,0,0,archmage:conquered:32 orc:conquered:40 goblin:conquered:48 dwarf:allied:56,2,23,20,0,2,0,88,13,16366.9,15193.6,16741.3,0.851,5,1,0,6,0
base,committed,smarter,298,active,71,,,1,1,0,dwarf:allied:57 archmage:conquered:65,2,24,18,0,2,0,92,8,14691.7,14244.7,16741.3,0.84,6,1,4,20,0
base,committed,smarter,299,active,71,,,2,2,0,orc:conquered:53 dwarf:allied:61 archmage:conquered:69,1,26,20,2,2,0,80,3,14392.2,13806.1,16741.3,0.817,7,2,7,21,0
base,committed,smarter,300,won,70,70,,1,1,0,archmage:conquered:44 dwarf:allied:54 goblin:conquered:62 orc:conquered:70,1,30,23,0,2,0,79,5,13852.5,13280.5,16741.3,0.793,6,1,4,11,0
base,perfect,greedy,1,won,46,46,,0,0,0,goblin:conquered:21 archmage:conquered:30 orc:conquered:38 dwarf:conquered:46,4,24,22,0,2,0,68,0,25988.7,23556.1,15969.3,1,6,6,0,5,0
base,perfect,greedy,2,won,48,48,,0,0,0,archmage:conquered:24 goblin:conquered:32 orc:conquered:40 dwarf:conquered:48,4,27,26,0,2,0,69,1,26980.9,24423.5,16741.3,1,6,2,0,4,0
base,perfect,greedy,3,won,48,48,,0,0,0,archmage:conquered:23 orc:conquered:32 goblin:conquered:40 dwarf:conquered:48,3,23,22,0,2,0,68,0,26932,24376,16741.3,1,6,1,0,3,0
base,perfect,greedy,4,won,48,48,,0,0,0,archmage:conquered:24 goblin:conquered:32 orc:conquered:40 dwarf:conquered:48,5,27,26,0,2,0,68,0,26940.3,24385.4,16741.3,1,6,1,0,4,0
base,perfect,greedy,5,won,50,50,,0,0,0,archmage:conquered:26 goblin:conquered:34 orc:conquered:42 dwarf:conquered:50,4,28,26,0,2,0,68,0,27193.1,24601,16741.3,1,7,1,0,4,0
base,perfect,greedy,6,won,46,46,,0,0,0,goblin:conquered:21 archmage:conquered:30 orc:conquered:38 dwarf:conquered:46,3,23,22,0,2,0,75,1,25982.9,23513.2,15969.3,1,6,2,0,5,0
base,perfect,greedy,7,won,48,48,,0,0,0,archmage:conquered:23 goblin:conquered:32 orc:conquered:40 dwarf:conquered:48,4,25,24,0,2,0,70,0,26900.5,24348.5,16741.3,1,6,2,0,6,0
base,perfect,greedy,8,won,50,50,,0,0,0,archmage:conquered:26 goblin:conquered:34 orc:conquered:42 dwarf:conquered:50,4,27,26,0,2,0,68,0,27506.2,24879.9,16741.3,1,7,1,0,4,0
base,perfect,greedy,9,won,46,46,,0,0,0,archmage:conquered:22 goblin:conquered:30 orc:conquered:38 dwarf:conquered:46,3,25,24,0,2,0,68,0,26025.9,23594.1,15969.3,1,6,2,0,3,0
base,perfect,greedy,10,won,46,46,,0,0,0,archmage:conquered:22 orc:conquered:30 goblin:conquered:38 dwarf:conquered:46,3,24,23,0,2,0,73,0,26020,23551.3,15969.3,1,6,2,0,5,0
base,perfect,greedy,11,won,48,48,,0,0,0,archmage:conquered:23 goblin:conquered:32 orc:conquered:40 dwarf:conquered:48,4,26,25,0,2,0,73,0,26953.9,24361.1,16741.3,1,6,1,0,4,0
base,perfect,greedy,12,won,48,48,,0,0,0,archmage:conquered:24 orc:conquered:32 goblin:conquered:40 dwarf:conquered:48,3,23,22,0,2,0,70,0,26910.2,24357.3,16741.3,1,6,2,0,5,0
base,perfect,greedy,13,won,49,49,,0,0,0,archmage:conquered:25 goblin:conquered:33 orc:conquered:41 dwarf:conquered:49,4,29,28,0,2,0,68,0,27184.6,24598.1,16741.3,1,7,2,0,3,0
base,perfect,greedy,14,won,48,48,,0,0,0,archmage:conquered:23 goblin:conquered:32 orc:conquered:40 dwarf:conquered:48,4,26,24,0,2,0,68,0,26890.9,24338.1,16741.3,1,6,1,0,3,0
base,perfect,greedy,15,won,48,48,,0,0,0,archmage:conquered:23 goblin:conquered:32 orc:conquered:40 dwarf:conquered:48,4,24,23,0,2,0,70,0,26913.4,24360.4,16741.3,1,6,2,0,4,0
base,perfect,greedy,16,won,48,48,,0,0,0,archmage:conquered:23 goblin:conquered:32 orc:conquered:40 dwarf:conquered:48,4,24,23,0,2,0,68,0,26934.3,24377.5,16741.3,1,6,2,0,5,0
base,perfect,greedy,17,won,48,48,,0,0,0,archmage:conquered:24 goblin:conquered:32 orc:conquered:40 dwarf:conquered:48,5,26,25,0,2,0,69,0,26814.7,24274.5,16741.3,1,6,1,0,5,0
base,perfect,greedy,18,won,48,48,,0,0,0,archmage:conquered:23 goblin:conquered:32 orc:conquered:40 dwarf:conquered:48,4,23,22,0,2,0,70,0,26921.1,24369.4,16741.3,1,6,2,0,4,0
base,perfect,greedy,19,won,48,48,,0,0,0,archmage:conquered:23 goblin:conquered:32 orc:conquered:40 dwarf:conquered:48,4,25,24,0,2,0,70,0,26866.3,24322.1,16741.3,1,6,3,0,4,0
base,perfect,greedy,20,won,48,48,,0,0,0,archmage:conquered:23 goblin:conquered:32 orc:conquered:40 dwarf:conquered:48,4,25,24,0,2,0,68,0,26964.1,24407.6,16741.3,1,6,1,0,3,0
base,perfect,greedy,21,won,48,48,,0,0,0,archmage:conquered:23 orc:conquered:32 goblin:conquered:40 dwarf:conquered:48,4,23,22,0,2,0,73,0,26925.8,24375.3,16741.3,1,6,1,0,4,0
base,perfect,greedy,22,won,50,50,,0,0,0,archmage:conquered:26 goblin:conquered:34 orc:conquered:42 dwarf:conquered:50,5,28,27,0,2,0,68,0,27222.4,24630.7,16741.3,1,7,2,0,4,0
base,perfect,greedy,23,won,48,48,,0,0,0,archmage:conquered:23 goblin:conquered:32 orc:conquered:40 dwarf:conquered:48,4,26,25,0,2,0,68,0,26945.4,24390,16741.3,1,6,2,0,4,0
base,perfect,greedy,24,won,48,48,,0,0,0,goblin:conquered:24 archmage:conquered:32 orc:conquered:40 dwarf:conquered:48,4,26,25,0,2,0,74,0,26879,24296.5,16741.3,1,6,2,0,6,0
base,perfect,greedy,25,won,46,46,,0,0,0,archmage:conquered:22 orc:conquered:30 goblin:conquered:38 dwarf:conquered:46,4,24,24,0,2,0,72,0,26102.6,23638.5,15969.3,1,6,2,0,5,0
base,perfect,greedy,26,won,48,48,,0,0,0,archmage:conquered:23 goblin:conquered:32 orc:conquered:40 dwarf:conquered:48,5,26,25,0,2,0,70,0,26942.3,24386.7,16741.3,1,6,1,0,6,0
base,perfect,greedy,27,won,49,49,,0,0,0,archmage:conquered:25 goblin:conquered:33 orc:conquered:41 dwarf:conquered:49,5,25,24,0,2,0,71,0,27234.9,24618.4,16741.3,1,7,1,0,4,0
base,perfect,greedy,28,won,49,49,,0,0,0,archmage:conquered:25 goblin:conquered:33 orc:conquered:41 dwarf:conquered:49,4,26,25,0,2,0,68,0,27243.3,24647.1,16741.3,1,7,2,0,4,0
base,perfect,greedy,29,won,46,46,,0,0,0,archmage:conquered:21 goblin:conquered:30 orc:conquered:38 dwarf:conquered:46,3,22,21,0,2,0,70,0,26019.6,23559.6,15969.3,1,6,1,0,6,0
base,perfect,greedy,30,won,46,46,,0,0,0,archmage:conquered:21 goblin:conquered:30 orc:conquered:38 dwarf:conquered:46,3,24,23,0,2,0,70,0,26000.9,23542.5,15969.3,1,6,2,0,5,0
base,perfect,greedy,31,won,48,48,,0,0,0,archmage:conquered:24 orc:conquered:32 goblin:conquered:40 dwarf:conquered:48,4,26,25,0,2,0,70,0,26922.3,24369,16741.3,1,6,2,0,6,0
base,perfect,greedy,32,won,46,46,,0,0,0,archmage:conquered:22 goblin:conquered:30 orc:conquered:38 dwarf:conquered:46,3,22,20,0,2,0,69,0,25855.5,23433.9,15969.3,1,6,1,0,4,0
base,perfect,greedy,33,won,48,48,,0,0,0,archmage:conquered:23 goblin:conquered:32 orc:conquered:40 dwarf:conquered:48,5,26,24,0,2,0,68,0,26889.2,24338.9,16741.3,1,6,2,0,5,0
base,perfect,greedy,34,won,46,46,,0,0,0,archmage:conquered:22 goblin:conquered:30 orc:conquered:38 dwarf:conquered:46,3,24,23,0,2,0,67,0,25990.2,23559.2,15969.3,1,6,7,0,5,0
base,perfect,greedy,35,won,48,48,,0,0,0,archmage:conquered:24 orc:conquered:32 goblin:conquered:40 dwarf:conquered:48,4,26,25,0,2,0,70,0,26908.2,24334.6,16741.3,1,6,1,0,6,0
base,perfect,greedy,36,won,48,48,,0,0,0,archmage:conquered:24 goblin:conquered:32 orc:conquered:40 dwarf:conquered:48,4,27,26,0,2,0,68,0,26948.1,24389.4,16741.3,1,6,1,0,4,0
base,perfect,greedy,37,won,48,48,,0,0,0,archmage:conquered:24 goblin:conquered:32 orc:conquered:40 dwarf:conquered:48,4,26,25,0,2,0,68,0,26878.6,24327.1,16741.3,1,6,1,0,4,0
base,perfect,greedy,38,won,48,48,,0,0,0,archmage:conquered:24 goblin:conquered:32 orc:conquered:40 dwarf:conquered:48,4,27,25,0,2,0,68,0,26899,24345.1,16741.3,1,6,2,0,3,0
base,perfect,greedy,39,won,48,48,,0,0,0,orc:conquered:23 goblin:conquered:32 archmage:conquered:40 dwarf:conquered:48,3,20,19,0,2,0,70,0,26992.2,24408.2,16741.3,1,6,2,0,5,0
base,perfect,greedy,40,won,48,48,,0,0,0,archmage:conquered:23 goblin:conquered:32 orc:conquered:40 dwarf:conquered:48,4,26,24,0,2,0,68,0,26940.3,24383.9,16741.3,1,6,1,0,4,0
base,perfect,greedy,41,won,49,49,,0,0,0,archmage:conquered:25 goblin:conquered:33 orc:conquered:41 dwarf:conquered:49,4,28,26,0,2,0,73,0,27218.3,24601.7,16741.3,1,7,1,0,5,0
base,perfect,greedy,42,won,49,49,,0,0,0,archmage:conquered:25 goblin:conquered:33 orc:conquered:41 dwarf:conquered:49,4,28,26,0,2,0,70,0,27244.3,24649.4,16741.3,1,7,1,0,6,0
base,perfect,greedy,43,won,48,48,,0,0,0,archmage:conquered:23 goblin:conquered:32 orc:conquered:40 dwarf:conquered:48,3,25,25,0,2,0,68,0,26946.2,24390.6,16741.3,1,6,3,0,3,0
base,perfect,greedy,44,won,46,46,,0,0,0,archmage:conquered:20 goblin:conquered:30 orc:conquered:38 dwarf:conquered:46,3,22,20,0,2,0,68,0,25992.2,23558.6,15969.3,1,6,1,0,5,0
base,perfect,greedy,45,won,48,48,,0,0,0,archmage:conquered:23 goblin:conquered:32 orc:conquered:40 dwarf:conquered:48,3,25,24,0,2,0,68,0,26891.2,24341.4,16741.3,1,6,4,0,4,0
base,perfect,greedy,46,won,51,51,,0,0,0,archmage:conquered:27 goblin:conquered:35 orc:conquered:43 dwarf:conquered:51,5,30,29,0,2,0,69,1,27259.1,24663.8,16741.3,1,7,2,0,4,0
base,perfect,greedy,47,won,46,46,,0,0,0,archmage:conquered:22 goblin:conquered:30 orc:conquered:38 dwarf:conquered:46,3,24,22,0,2,0,68,0,25536.9,23171.2,15969.3,1,6,9,0,4,0
base,perfect,greedy,48,won,48,48,,0,0,0,archmage:conquered:24 orc:conquered:32 goblin:conquered:40 dwarf:conquered:48,3,24,23,0,2,0,68,0,26995.8,24436,16741.3,1,6,2,0,3,0
base,perfect,greedy,49,won,48,48,,0,0,0,archmage:conquered:23 goblin:conquered:32 orc:conquered:40 dwarf:conquered:48,4,25,24,0,2,0,68,0,26903.2,24349,16741.3,1,6,1,0,4,0
base,perfect,greedy,50,won,48,48,,0,0,0,archmage:conquered:24 goblin:conquered:32 orc:conquered:40 dwarf:conquered:48,4,27,26,0,2,0,68,0,26823.5,24280.1,16741.3,1,6,2,0,5,0
base,perfect,greedy,51,won,48,48,,0,0,0,goblin:conquered:24 archmage:conquered:32 orc:conquered:40 dwarf:conquered:48,4,23,22,0,2,0,68,0,26885.6,24337.7,16741.3,1,6,2,0,3,0
base,perfect,greedy,52,won,46,46,,0,0,0,archmage:conquered:21 orc:conquered:30 goblin:conquered:38 dwarf:conquered:46,3,21,20,0,2,0,68,0,25900.7,23473.9,15969.3,1,6,1,0,4,0
base,perfect,greedy,53,won,46,46,,0,0,0,archmage:conquered:22 orc:conquered:30 goblin:conquered:38 dwarf:conquered:46,4,25,24,0,2,0,68,0,25896.1,23480.3,15969.3,1,6,7,0,4,0
base,perfect,greedy,54,won,51,51,,0,0,0,archmage:conquered:27 goblin:conquered:35 orc:conquered:43 dwarf:conquered:51,5,28,26,0,2,0,70,0,27202.8,24587.5,16741.3,1,7,2,0,4,0
base,perfect,greedy,55,won,46,46,,0,0,0,archmage:conquered:22 goblin:conquered:30 orc:conquered:38 dwarf:conquered:46,3,22,21,0,2,0,68,0,25984.1,23555.7,15969.3,1,6,1,0,4,0
base,perfect,greedy,56,won,46,46,,0,0,0,goblin:conquered:22 archmage:conquered:30 orc:conquered:38 dwarf:conquered:46,3,22,21,0,2,0,73,0,26018.3,23548,15969.3,1,6,1,0,5,0
base,perfect,greedy,57,won,48,48,,0,0,0,archmage:conquered:24 goblin:conquered:32 orc:conquered:40 dwarf:conquered:48,5,23,22,0,2,0,73,0,26953.1,24363.2,16741.3,1,6,2,0,5,0
base,perfect,greedy,58,won,46,46,,0,0,0,archmage:conquered:22 orc:conquered:30 goblin:conquered:38 dwarf:conquered:46,3,23,21,0,2,0,68,0,25475.4,23112.7,15969.3,1,6,4,0,4,0
base,perfect,greedy,59,won,48,48,,0,0,0,archmage:conquered:23 goblin:conquered:32 orc:conquered:40 dwarf:conquered:48,4,25,24,0,2,0,70,0,26890,24320.2,16741.3,1,6,1,0,6,0
base,perfect,greedy,60,won,48,48,,0,0,0,archmage:conquered:24 orc:conquered:32 goblin:conquered:40 dwarf:conquered:48,3,25,24,0,2,0,70,0,26855.4,24311.3,16741.3,1,6,1,0,5,0
base,perfect,greedy,61,won,48,48,,0,0,0,archmage:conquered:23 goblin:conquered:32 orc:conquered:40 dwarf:conquered:48,5,25,24,0,2,0,70,0,26901.9,24354.2,16741.3,1,6,2,0,4,0
base,perfect,greedy,62,won,48,48,,0,0,0,archmage:conquered:24 goblin:conquered:32 orc:conquered:40 dwarf:conquered:48,3,26,24,0,2,0,69,0,26869.2,24321.8,16741.3,1,6,1,0,3,0
base,perfect,greedy,63,won,46,46,,0,0,0,archmage:conquered:21 orc:conquered:30 goblin:conquered:38 dwarf:conquered:46,3,24,23,0,2,0,68,0,25933.1,23504.9,15969.3,1,6,1,0,4,0
base,perfect,greedy,64,won,49,49,,0,0,0,archmage:conquered:25 goblin:conquered:33 orc:conquered:41 dwarf:conquered:49,4,26,25,0,2,0,73,0,27184,24559.9,16741.3,1,7,5,0,5,0
base,perfect,greedy,65,won,48,48,,0,0,0,archmage:conquered:23 goblin:conquered:32 orc:conquered:40 dwarf:conquered:48,4,25,24,0,2,0,70,0,26874.9,24324.9,16741.3,1,6,1,0,6,0
base,perfect,greedy,66,won,48,48,,0,0,0,archmage:conquered:23 goblin:conquered:32 orc:conquered:40 dwarf:conquered:48,4,25,24,0,2,0,68,0,26911.3,24359.9,16741.3,1,6,3,0,3,0
base,perfect,greedy,67,won,46,46,,0,0,0,archmage:conquered:22 goblin:conquered:30 orc:conquered:38 dwarf:conquered:46,4,25,24,0,2,0,73,0,26029.6,23570.2,15969.3,1,6,2,0,4,0
base,perfect,greedy,68,won,48,48,,0,0,0,archmage:conquered:24 goblin:conquered:32 orc:conquered:40 dwarf:conquered:48,4,24,22,0,2,0,68,0,26942.2,24387.6,16741.3,1,6,1,0,3,0
base,perfect,greedy,69,won,49,49,,0,0,0,archmage:conquered:25 goblin:conquered:33 orc:conquered:41 dwarf:conquered:49,4,28,27,0,2,0,70,0,27253.5,24658.4,16741.3,1,7,1,0,6,0
base,perfect,greedy,70,won,46,46,,0,0,0,goblin:conquered:22 archmage:conquered:30 orc:conquered:38 dwarf:conquered:46,4,20,18,0,2,0,69,0,25499,23134.2,15969.3,1,6,3,0,5,0
base,perfect,greedy,71,won,48,48,,0,0,0,archmage:conquered:24 goblin:conquered:32 orc:conquered:40 dwarf:conquered:48,5,26,25,0,2,0,68,0,26915,24363.9,16741.3,1,6,1,0,4,0
base,perfect,greedy,72,won,48,48,,0,0,0,archmage:conquered:24 goblin:conquered:32 orc:conquered:40 dwarf:conquered:48,4,28,27,0,2,0,68,0,26888.2,24342,16741.3,1,6,1,0,3,0
base,perfect,greedy,73,won,48,48,,0,0,0,archmage:conquered:24 goblin:conquered:32 orc:conquered:40 dwarf:conquered:48,5,27,26,0,2,0,68,0,26872.2,24323.7,16741.3,1,6,1,0,5,0
base,perfect,greedy,74,won,48,48,,0,0,0,archmage:conquered:23 goblin:conquered:32 orc:conquered:40 dwarf:conquered:48,4,25,24,0,2,0,68,0,26930.5,24376.5,16741.3,1,6,2,0,4,0
base,perfect,greedy,75,won,48,48,,0,0,0,archmage:conquered:23 goblin:conquered:32 orc:conquered:40 dwarf:conquered:48,3,24,23,0,2,0,68,0,26797,24254,16741.3,1,6,1,0,4,0
base,perfect,greedy,76,won,46,46,,0,0,0,archmage:conquered:21 orc:conquered:30 goblin:conquered:38 dwarf:conquered:46,4,25,24,0,2,0,70,0,26042,23583.5,15969.3,1,6,1,0,6,0
base,perfect,greedy,77,won,49,49,,0,0,0,archmage:conquered:25 goblin:conquered:33 orc:conquered:41 dwarf:conquered:49,4,28,27,0,2,0,70,0,27201.6,24612.1,16741.3,1,7,1,0,4,0
base,perfect,greedy,78,won,51,51,,0,0,0,archmage:conquered:27 goblin:conquered:35 orc:conquered:43 dwarf:conquered:51,5,30,29,0,2,0,68,0,27268.7,24666.4,16741.3,1,7,4,0,4,0
base,perfect,greedy,79,won,48,48,,0,0,0,archmage:conquered:23 goblin:conquered:32 orc:conquered:40 dwarf:conquered:48,3,25,24,0,2,0,72,0,26947,24366.7,16741.3,1,6,1,0,4,0
base,perfect,greedy,80,won,54,54,,0,0,0,archmage:conquered:30 goblin:conquered:38 orc:conquered:46 dwarf:conquered:54,6,32,31,0,2,0,73,0,27236.6,24606.1,16741.3,1,7,8,0,5,0
base,perfect,greedy,81,won,46,46,,0,0,0,archmage:conquered:21 goblin:conquered:30 orc:conquered:38 dwarf:conquered:46,3,24,23,0,2,0,68,0,26000.2,23569.8,15969.3,1,6,2,0,4,0
base,perfect,greedy,82,won,49,49,,0,0,0,archmage:conquered:25 goblin:conquered:33 orc:conquered:41 dwarf:conquered:49,5,28,27,0,2,0,68,0,27256.1,24660.8,16741.3,1,7,1,0,4,0
base,perfect,greedy,83,won,48,48,,0,0,0,archmage:conquered:24 goblin:conquered:32 orc:conquered:40 dwarf:conquered:48,4,26,25,0,2,0,67,0,26966.4,24408.5,16741.3,1,6,2,0,4,0
base,perfect,greedy,84,won,46,46,,0,0,0,archmage:conquered:22 goblin:conquered:30 orc:conquered:38 dwarf:conquered:46,4,24,23,0,2,0,70,0,26007.7,23573.3,15969.3,1,6,1,0,4,0
base,perfect,greedy,85,won,48,48,,0,0,0,archmage:conquered:23 goblin:conquered:32 orc:conquered:40 dwarf:conquered:48,4,23,22,0,2,0,68,0,26888.7,24339.2,16741.3,1,6,2,0,3,0
base,perfect,greedy,86,won,46,46,,0,0,0,archmage:conquered:21 goblin:conquered:30 orc:conquered:38 dwarf:conquered:46,3,22,20,0,2,0,68,0,26004.8,23562.5,15969.3,1,6,5,0,4,0
base,perfect,greedy,87,won,48,48,,0,0,0,archmage:conquered:24 goblin:conquered:32 orc:conquered:40 dwarf:conquered:48,4,24,23,0,2,0,70,0,26941.6,24384.9,16741.3,1,6,2,0,4,0
base,perfect,greedy,88,won,48,48,,0,0,0,archmage:conquered:23 goblin:conquered:32 orc:conquered:40 dwarf:conquered:48,4,23,22,0,2,0,70,0,26936.6,24383.9,16741.3,1,6,1,0,4,0
base,perfect,greedy,89,won,48,48,,0,0,0,archmage:conquered:23 goblin:conquered:32 orc:conquered:40 dwarf:conquered:48,3,24,23,0,2,0,68,0,26910.5,24356.2,16741.3,1,6,1,0,3,0
base,perfect,greedy,90,won,46,46,,0,0,0,archmage:conquered:21 goblin:conquered:30 orc:conquered:38 dwarf:conquered:46,2,19,18,0,2,0,68,0,25975.8,23537.4,15969.3,1,6,2,0,3,0
base,perfect,greedy,91,won,48,48,,0,0,0,archmage:conquered:23 goblin:conquered:32 orc:conquered:40 dwarf:conquered:48,4,24,23,0,2,0,70,0,26899.1,24349,16741.3,1,6,1,0,6,0
base,perfect,greedy,92,won,48,48,,0,0,0,archmage:conquered:24 goblin:conquered:32 orc:conquered:40 dwarf:conquered:48,4,26,25,0,2,0,68,0,26870.8,24321.5,16741.3,1,6,2,0,4,0
base,perfect,greedy,93,won,46,46,,0,0,0,archmage:conquered:22 goblin:conquered:30 orc:conquered:38 dwarf:conquered:46,4,24,22,0,2,0,68,0,26017.4,23578.6,15969.3,1,6,1,0,4,0
base,perfect,greedy,94,won,48,48,,0,0,0,archmage:conquered:24 goblin:conquered:32 orc:conquered:40 dwarf:conquered:48,4,25,24,0,2,0,68,0,26878.5,24309.8,16741.3,1,6,4,0,5,0
base,perfect,greedy,95,won,48,48,,0,0,0,archmage:conquered:23 goblin:conquered:32 orc:conquered:40 dwarf:conquered:48,4,26,25,0,2,0,70,0,26950.4,24371,16741.3,1,6,2,0,6,0
base,perfect,greedy,96,won,46,46,,0,0,0,archmage:conquered:22 goblin:conquered:30 orc:conquered:38 dwarf:conquered:46,3,23,22,0,2,0,70,0,26036.9,23577.1,15969.3,1,6,1,0,6,0
base,perfect,greedy,97,won,46,46,,0,0,0,archmage:conquered:22 goblin:conquered:30 orc:conquered:38 dwarf:conquered:46,4,25,23,0,2,0,74,0,25966.1,23501.1,15969.3,1,6,1,0,3,0
base,perfect,greedy,98,won,49,49,,0,0,0,archmage:conquered:25 goblin:conquered:33 orc:conquered:41 dwarf:conquered:49,4,28,27,0,2,0,68,0,27236,24643.6,16741.3,1,7,4,0,5,0
base,perfect,greedy,99,won,48,48,,0,0,0,archmage:conquered:24 goblin:conquered:32 orc:conquered:40 dwarf:conquered:48,3,27,26,0,2,0,68,0,27010.5,24426.9,16741.3,1,6,1,0,4,0
base,perfect,greedy,100,won,48,48,,0,0,0,archmage:conquered:24 goblin:conquered:32 orc:conquered:40 dwarf:conquered:48,4,27,26,0,2,0,68,0,26965.6,24409,16741.3,1,6,1,0,4,0
base,perfect,greedy,101,won,46,46,,0,0,0,archmage:conquered:21 goblin:conquered:30 orc:conquered:38 dwarf:conquered:46,3,20,19,0,2,0,70,0,25958.1,23509.2,15969.3,1,6,1,0,6,0
base,perfect,greedy,102,won,46,46,,0,0,0,archmage:conquered:21 goblin:conquered:30 orc:conquered:38 dwarf:conquered:46,3,22,20,0,2,0,68,0,25932.2,23505.7,15969.3,1,6,1,0,3,0
base,perfect,greedy,103,won,48,48,,0,0,0,archmage:conquered:24 goblin:conquered:32 orc:conquered:40 dwarf:conquered:48,3,24,23,0,2,0,70,0,26936.5,24379,16741.3,1,6,2,0,4,0
base,perfect,greedy,104,won,48,48,,0,0,0,archmage:conquered:24 goblin:conquered:32 orc:conquered:40 dwarf:conquered:48,4,25,24,0,2,0,68,0,26931.7,24375.3,16741.3,1,6,2,0,4,0
base,perfect,greedy,105,won,49,49,,0,0,0,archmage:conquered:25 goblin:conquered:33 orc:conquered:41 dwarf:conquered:49,4,28,26,0,2,0,68,0,27178.7,24592.3,16741.3,1,7,1,0,3,0
base,perfect,greedy,106,won,48,48,,0,0,0,archmage:conquered:23 goblin:conquered:32 orc:conquered:40 dwarf:conquered:48,4,26,25,0,2,0,68,0,26909.2,24361.1,16741.3,1,6,2,0,4,0
base,perfect,greedy,107,won,48,48,,0,0,0,archmage:conquered:23 goblin:conquered:32 orc:conquered:40 dwarf:conquered:48,4,25,24,0,2,0,68,0,26936.6,24381.3,16741.3,1,6,2,0,4,0
base,perfect,greedy,108,won,46,46,,0,0,0,archmage:conquered:21 orc:conquered:30 goblin:conquered:38 dwarf:conquered:46,3,22,21,0,2,0,68,0,26055,23595.7,15969.3,1,6,2,0,4,0
base,perfect,greedy,109,won,46,46,,0,0,0,archmage:conquered:20 orc:conquered:30 goblin:conquered:38 dwarf:conquered:46,3,21,19,0,2,0,73,0,26022.8,23551,15969.3,1,6,2,0,5,0
base,perfect,greedy,110,won,54,54,,0,0,0,archmage:conquered:30 goblin:conquered:38 orc:conquered:46 dwarf:conquered:54,6,30,28,0,2,0,68,0,27414.4,24800,16741.3,1,7,1,0,5,0
base,perfect,greedy,111,won,49,49,,0,0,0,archmage:conquered:25 goblin:conquered:33 orc:conquered:41 dwarf:conquered:49,4,27,26,0,2,0,68,0,27152.5,24565.5,16741.3,1,7,1,0,3,0
base,perfect,greedy,112,won,48,48,,0,0,0,archmage:conquered:23 orc:conquered:32 goblin:conquered:40 dwarf:conquered:48,3,24,23,0,2,0,68,0,26863.8,24317.4,16741.3,1,6,1,0,3,0
base,perfect,greedy,113,won,48,48,,0,0,0,archmage:conquered:23 goblin:conquered:32 orc:conquered:40 dwarf:conquered:48,3,22,21,0,2,0,73,0,26945.9,24355.1,16741.3,1,6,2,0,5,0
base,perfect,greedy,114,won,48,48,,0,0,0,goblin:conquered:23 archmage:conquered:32 orc:conquered:40 dwarf:conquered:48,4,25,24,0,2,0,69,0,27228.1,24644.3,16741.3,1,6,8,0,4,0
base,perfect,greedy,115,won,46,46,,0,0,0,archmage:conquered:21 goblin:conquered:30 orc:conquered:38 dwarf:conquered:46,3,20,18,0,2,0,68,0,25879.6,23458.1,15969.3,1,6,1,0,4,0
base,perfect,greedy,116,won,48,48,,0,0,0,orc:conquered:24 goblin:conquered:32 archmage:conquered:40 dwarf:conquered:48,3,25,25,0,2,0,67,0,26874.7,24327.9,16741.3,1,6,3,0,3,0
base,perfect,greedy,117,won,46,46,,0,0,0,goblin:conquered:21 archmage:conquered:30 orc:conquered:38 dwarf:conquered:46,4,23,21,0,2,0,68,0,25933.4,23509.6,15969.3,1,6,1,0,4,0
base,perfect,greedy,118,won,48,48,,0,0,0,archmage:conquered:24 orc:conquered:32 goblin:conquered:40 dwarf:conquered:48,3,23,21,0,2,0,68,0,26832.5,24290.5,16741.3,1,6,1,0,4,0
base,perfect,greedy,119,won,50,50,,0,0,0,archmage:conquered:26 goblin:conquered:34 orc:conquered:42 dwarf:conquered:50,5,28,27,0,2,0,68,0,27311.9,24676.4,16741.3,1,7,1,0,4,0
base,perfect,greedy,120,won,48,48,,0,0,0,archmage:conquered:24 orc:conquered:32 goblin:conquered:40 dwarf:conquered:48,4,26,25,0,2,0,68,0,26855.9,24307.1,16741.3,1,6,1,0,4,0
base,perfect,greedy,121,won,48,48,,0,0,0,archmage:conquered:23 orc:conquered:32 goblin:conquered:40 dwarf:conquered:48,3,23,22,0,2,0,68,0,26956.4,24400.3,16741.3,1,6,1,0,5,0
base,perfect,greedy,122,won,48,48,,0,0,0,archmage:conquered:24 goblin:conquered:32 orc:conquered:40 dwarf:conquered:48,4,26,25,0,2,0,73,0,26951.1,24360.6,16741.3,1,6,2,0,5,0
base,perfect,greedy,123,won,46,46,,0,0,0,goblin:conquered:21 archmage:conquered:30 orc:conquered:38 dwarf:conquered:46,3,22,21,0,2,0,68,0,25988,23546.9,15969.3,1,6,5,0,3,0
base,perfect,greedy,124,won,48,48,,0,0,0,goblin:conquered:24 archmage:conquered:32 orc:conquered:40 dwarf:conquered:48,3,27,25,0,2,0,68,0,26861.7,24313.7,16741.3,1,6,2,0,3,0
base,perfect,greedy,125,won,46,46,,0,0,0,archmage:conquered:22 orc:conquered:30 goblin:conquered:38 dwarf:conquered:46,4,24,23,0,2,0,70,0,25930.4,23480.5,15969.3,1,6,1,0,6,0
base,perfect,greedy,126,won,48,48,,0,0,0,archmage:conquered:23 goblin:conquered:32 orc:conquered:40 dwarf:conquered:48,3,26,25,0,2,0,68,0,26887.6,24336.5,16741.3,1,6,1,0,4,0
base,perfect,greedy,127,won,46,46,,0,0,0,archmage:conquered:22 orc:conquered:30 goblin:conquered:38 dwarf:conquered:46,4,20,19,0,2,0,70,0,26003.6,23548.1,15969.3,1,6,1,0,6,0
base,perfect,greedy,128,won,49,49,,0,0,0,archmage:conquered:25 goblin:conquered:33 orc:conquered:41 dwarf:conquered:49,3,28,27,0,2,0,68,0,27244.2,24648.1,16741.3,1,7,3,0,3,0
base,perfect,greedy,129,won,49,49,,0,0,0,archmage:conquered:25 goblin:conquered:33 orc:conquered:41 dwarf:conquered:49,4,25,24,0,2,0,68,0,27213.4,24620.7,16741.3,1,7,2,0,3,0
base,perfect,greedy,130,won,48,48,,0,0,0,goblin:conquered:24 archmage:conquered:32 orc:conquered:40 dwarf:conquered:48,4,26,25,0,2,0,68,0,26913.4,24358.1,16741.3,1,6,2,0,4,0
base,perfect,greedy,131,won,46,46,,0,0,0,archmage:conquered:21 goblin:conquered:30 orc:conquered:38 dwarf:conquered:46,4,21,20,0,2,0,70,0,26092.3,23629.5,15969.3,1,6,2,0,6,0
base,perfect,greedy,132,won,48,48,,0,0,0,archmage:conquered:23 goblin:conquered:32 orc:conquered:40 dwarf:conquered:48,4,25,24,0,2,0,68,0,26937.8,24384.7,16741.3,1,6,1,0,4,0
base,perfect,greedy,133,won,50,50,,0,0,0,archmage:conquered:26 goblin:conquered:34 orc:conquered:42 dwarf:conquered:50,4,28,27,0,2,0,70,0,27287,24691.4,16741.3,1,7,1,0,6,0
base,perfect,greedy,134,won,48,48,,0,0,0,archmage:conquered:24 goblin:conquered:32 orc:conquered:40 dwarf:conquered:48,4,27,26,0,2,0,68,0,26898,24349.9,16741.3,1,6,2,0,3,0
base,perfect,greedy,135,won,46,46,,0,0,0,goblin:conquered:21 archmage:conquered:30 orc:conquered:38 dwarf:conquered:46,3,21,20,0,2,0,73,0,26026.5,23556.6,15969.3,1,6,2,0,5,0
base,perfect,greedy,136,won,48,48,,0,0,0,archmage:conquered:23 goblin:conquered:32 orc:conquered:40 dwarf:conquered:48,4,24,23,0,2,0,68,0,26911.7,24361.4,16741.3,1,6,2,0,3,0
base,perfect,greedy,137,won,48,48,,0,0,0,archmage:conquered:23 goblin:conquered:32 orc:conquered:40 dwarf:conquered:48,4,23,22,0,2,0,70,0,26892,24342.3,16741.3,1,6,1,0,4,0
base,perfect,greedy,138,won,54,54,,0,0,0,archmage:conquered:30 goblin:conquered:38 orc:conquered:46 dwarf:conquered:54,5,30,29,0,2,0,68,0,27504.6,24880.7,16741.3,1,7,1,0,5,0
base,perfect,greedy,139,won,46,46,,0,0,0,archmage:conquered:21 orc:conquered:30 goblin:conquered:38 dwarf:conquered:46,4,23,22,0,2,0,70,0,26060.1,23602,15969.3,1,6,1,0,6,0
base,perfect,greedy,140,won,50,50,,0,0,0,archmage:conquered:26 goblin:conquered:34 orc:conquered:42 dwarf:conquered:50,4,29,28,0,2,0,70,0,27255.8,24637.5,16741.3,1,7,1,0,6,0
base,perfect,greedy,141,won,46,46,,0,0,0,archmage:conquered:22 goblin:conquered:30 orc:conquered:38 dwarf:conquered:46,4,25,24,0,2,0,70,0,25907.4,23484.2,15969.3,1,6,1,0,4,0
base,perfect,greedy,142,won,46,46,,0,0,0,archmage:conquered:20 orc:conquered:30 goblin:conquered:38 dwarf:conquered:46,4,23,22,0,2,0,68,0,25968.5,23537.7,15969.3,0.999,6,2,0,3,0
base,perfect,greedy,143,won,46,46,,0,0,0,archmage:conquered:21 orc:conquered:30 goblin:conquered:38 dwarf:conquered:46,3,22,21,0,2,0,68,0,25987.6,23557.7,15969.3,1,6,1,0,4,0
base,perfect,greedy,144,won,48,48,,0,0,0,archmage:conquered:23 goblin:conquered:32 orc:conquered:40 dwarf:conquered:48,3,25,24,0,2,0,68,0,26862.3,24315.5,16741.3,1,6,1,0,4,0
base,perfect,greedy,145,won,46,46,,0,0,0,goblin:conquered:20 archmage:conquered:30 orc:conquered:38 dwarf:conquered:46,3,21,20,0,2,0,68,0,25927,23502.1,15969.3,1,6,1,0,5,0
base,perfect,greedy,146,won,46,46,,0,0,0,archmage:conquered:21 goblin:conquered:30 orc:conquered:38 dwarf:conquered:46,3,23,21,0,2,0,68,0,26002.2,23567.2,15969.3,1,6,2,0,4,0
base,perfect,greedy,147,won,48,48,,0,0,0,archmage:conquered:23 goblin:conquered:32 orc:conquered:40 dwarf:conquered:48,3,24,23,0,2,0,68,0,26916.8,24364.3,16741.3,1,6,2,0,4,0
base,perfect,greedy,148,won,51,51,,0,0,0,archmage:conquered:26 orc:conquered:35 goblin:conquered:43 dwarf:conquered:51,5,28,27,0,2,0,68,0,27190.5,24642.8,16741.3,1,7,4,0,4,0
base,perfect,greedy,149,won,48,48,,0,0,0,archmage:conquered:24 orc:conquered:32 goblin:conquered:40 dwarf:conquered:48,4,24,23,0,2,0,68,0,26912.2,24360.6,16741.3,1,6,1,0,4,0
base,perfect,greedy,150,won,48,48,,0,0,0,archmage:conquered:23 goblin:conquered:32 orc:conquered:40 dwarf:conquered:48,3,23,22,0,2,0,68,0,26911.8,24361.4,16741.3,1,6,1,0,3,0
base,perfect,greedy,151,won,48,48,,0,0,0,archmage:conquered:23 goblin:conquered:32 orc:conquered:40 dwarf:conquered:48,3,22,21,0,2,0,70,0,26981.9,24398.3,16741.3,1,6,2,0,6,0
base,perfect,greedy,152,won,46,46,,0,0,0,goblin:conquered:21 archmage:conquered:30 orc:conquered:38 dwarf:conquered:46,3,21,20,0,2,0,68,0,26026.9,23593.5,15969.3,1,6,2,0,5,0
base,perfect,greedy,153,won,55,55,,0,0,0,archmage:conquered:30 orc:conquered:39 goblin:conquered:47 dwarf:conquered:55,5,33,31,0,2,0,69,0,27161.6,24659.9,16741.3,1,7,1,0,5,0
base,perfect,greedy,154,won,46,46,,0,0,0,archmage:conquered:22 orc:conquered:30 goblin:conquered:38 dwarf:conquered:46,3,23,22,0,2,0,68,0,25968.9,23538.8,15969.3,1,6,2,0,5,0
base,perfect,greedy,155,won,51,51,,0,0,0,archmage:conquered:27 goblin:conquered:35 orc:conquered:43 dwarf:conquered:51,5,26,25,0,2,0,68,0,27168.2,24579.9,16741.3,1,7,4,0,3,0
base,perfect,greedy,156,won,46,46,,0,0,0,goblin:conquered:21 archmage:conquered:30 orc:conquered:38 dwarf:conquered:46,3,21,20,0,2,0,68,0,25940.4,23516.6,15969.3,1,6,2,0,4,0
base,perfect,greedy,157,won,48,48,,0,0,0,archmage:conquered:24 orc:conquered:32 goblin:conquered:40 dwarf:conquered:48,3,24,23,0,2,0,70,0,27149.6,24571.3,16741.3,1,6,7,0,4,0
base,perfect,greedy,158,won,46,46,,0,0,0,archmage:conquered:21 orc:conquered:30 goblin:conquered:38 dwarf:conquered:46,4,23,22,0,2,0,70,0,26043.8,23582.2,15969.3,1,6,1,0,6,0
base,perfect,greedy,159,won,46,46,,0,0,0,archmage:conquered:21 orc:conquered:30 goblin:conquered:38 dwarf:conquered:46,4,22,21,0,2,0,70,0,25991.3,23538.8,15969.3,1,6,1,0,6,0
base,perfect,greedy,160,won,48,48,,0,0,0,archmage:conquered:23 goblin:conquered:32 orc:conquered:40 dwarf:conquered:48,4,25,24,0,2,0,73,0,26913.3,24324.9,16741.3,1,6,5,0,5,0
base,perfect,greedy,161,won,48,48,,0,0,0,archmage:conquered:24 goblin:conquered:32 orc:conquered:40 dwarf:conquered:48,4,27,25,0,2,0,70,0,26983.8,24425.3,16741.3,1,6,2,0,6,0
base,perfect,greedy,162,won,48,48,,0,0,0,archmage:conquered:23 goblin:conquered:32 orc:conquered:40 dwarf:conquered:48,4,25,24,0,2,0,68,0,26947.2,24391.7,16741.3,1,6,1,0,4,0
base,perfect,greedy,163,won,50,50,,0,0,0,archmage:conquered:26 goblin:conquered:34 orc:conquered:42 dwarf:conquered:50,5,28,27,0,2,0,68,0,27207.8,24613.2,16741.3,1,7,1,0,3,0
base,perfect,greedy,164,won,49,49,,0,0,0,archmage:conquered:25 orc:conquered:33 goblin:conquered:41 dwarf:conquered:49,4,27,26,0,2,0,68,0,27169.4,24607.7,16741.3,1,7,2,0,3,0
base,perfect,greedy,165,won,46,46,,0,0,0,archmage:conquered:22 orc:conquered:30 goblin:conquered:38 dwarf:conquered:46,3,21,20,0,2,0,70,0,25947.9,23498.7,15969.3,1,6,1,0,4,0
base,perfect,greedy,166,won,55,55,,0,0,0,archmage:conquered:31 goblin:conquered:39 orc:conquered:47 dwarf:conquered:55,5,29,27,0,2,0,69,0,27185.4,24595.2,16741.3,1,7,2,0,3,0
base,perfect,greedy,167,won,54,54,,0,0,0,archmage:conquered:30 orc:conquered:38 goblin:conquered:46 dwarf:conquered:54,5,31,29,0,2,0,68,0,27084.1,24604.7,16741.3,1,7,1,0,3,0
base,perfect,greedy,168,won,48,48,,0,0,0,archmage:conquered:24 goblin:conquered:32 orc:conquered:40 dwarf:conquered:48,4,26,25,0,2,0,68,0,26969.2,24414.8,16741.3,1,6,2,0,3,0
base,perfect,greedy,169,won,46,46,,0,0,0,archmage:conquered:21 goblin:conquered:30 orc:conquered:38 dwarf:conquered:46,3,25,24,0,2,0,68,0,25996.4,23554.8,15969.3,1,6,2,0,4,0
base,perfect,greedy,170,won,48,48,,0,0,0,archmage:conquered:24 goblin:conquered:32 orc:conquered:40 dwarf:conquered:48,3,25,24,0,2,0,68,0,26962.9,24408.3,16741.3,1,6,6,0,4,0
base,perfect,greedy,171,won,48,48,,0,0,0,orc:conquered:23 archmage:conquered:32 goblin:conquered:40 dwarf:conquered:48,4,24,23,0,2,0,68,0,26889.5,24337.3,16741.3,1,6,4,0,4,0
base,perfect,greedy,172,won,46,46,,0,0,0,archmage:conquered:22 goblin:conquered:30 orc:conquered:38 dwarf:conquered:46,3,22,20,0,2,0,68,0,25601.1,23224.8,15969.3,1,6,2,0,6,0
base,perfect,greedy,173,won,46,46,,0,0,0,archmage:conquered:21 goblin:conquered:30 orc:conquered:38 dwarf:conquered:46,4,24,23,0,2,0,68,0,25939.7,23513.4,15969.3,1,6,2,0,4,0
base,perfect,greedy,174,won,51,51,,0,0,0,archmage:conquered:27 goblin:conquered:35 orc:conquered:43 dwarf:conquered:51,5,28,27,0,2,0,70,0,27183.2,24592.9,16741.3,1,7,2,0,6,0
base,perfect,greedy,175,won,49,49,,0,0,0,archmage:conquered:25 goblin:conquered:33 orc:conquered:41 dwarf:conquered:49,4,25,24,0,2,0,68,0,27194.2,24602.4,16741.3,1,7,1,0,5,0
base,perfect,greedy,176,won,48,48,,0,0,0,archmage:conquered:23 goblin:conquered:32 orc:conquered:40 dwarf:conquered:48,4,23,22,0,2,0,68,0,26823,24277.8,16741.3,1,6,1,0,3,0
base,perfect,greedy,177,won,48,48,,0,0,0,archmage:conquered:23 goblin:conquered:32 orc:conquered:40 dwarf:conquered:48,4,26,24,0,2,0,68,0,26938,24386.5,16741.3,1,6,2,0,4,0
base,perfect,greedy,178,won,48,48,,0,0,0,archmage:conquered:23 goblin:conquered:32 orc:conquered:40 dwarf:conquered:48,4,25,24,0,2,0,68,0,27008.5,24446.3,16741.3,1,6,1,0,4,0
base,perfect,greedy,179,won,49,49,,0,0,0,archmage:conquered:25 goblin:conquered:33 orc:conquered:41 dwarf:conquered:49,5,26,25,0,2,0,68,0,27304.6,24708.3,16741.3,1,7,2,0,4,0
base,perfect,greedy,180,won,48,48,,0,0,0,archmage:conquered:23 goblin:conquered:32 orc:conquered:40 dwarf:conquered:48,4,25,24,0,2,0,68,0,26917.2,24364.9,16741.3,1,6,1,0,4,0
base,perfect,greedy,181,won,48,48,,0,0,0,archmage:conquered:23 goblin:conquered:32 orc:conquered:40 dwarf:conquered:48,4,26,25,0,2,0,67,0,26949.5,24396,16741.3,1,6,2,0,4,0
base,perfect,greedy,182,won,51,51,,0,0,0,archmage:conquered:27 goblin:conquered:35 orc:conquered:43 dwarf:conquered:51,5,29,28,0,2,0,68,0,27161.1,24573.8,16741.3,1,7,2,0,3,0
base,perfect,greedy,183,won,46,46,,0,0,0,goblin:conquered:22 archmage:conquered:30 orc:conquered:38 dwarf:conquered:46,3,25,24,0,2,0,73,0,25960.8,23506.9,15969.3,1,6,2,0,5,0
base,perfect,greedy,184,won,48,48,,0,0,0,archmage:conquered:23 goblin:conquered:32 orc:conquered:40 dwarf:conquered:48,4,25,24,0,2,0,68,0,26905.6,24354,16741.3,1,6,5,0,4,0
base,perfect,greedy,185,won,48,48,,0,0,0,archmage:conquered:23 goblin:conquered:32 orc:conquered:40 dwarf:conquered:48,4,26,25,0,2,0,68,0,26894.4,24343.7,16741.3,1,6,1,0,4,0
base,perfect,greedy,186,won,48,48,,0,0,0,archmage:conquered:23 goblin:conquered:32 orc:conquered:40 dwarf:conquered:48,4,25,24,0,2,0,68,0,26898.5,24346,16741.3,1,6,2,0,4,0
base,perfect,greedy,187,won,50,50,,0,0,0,archmage:conquered:26 goblin:conquered:34 orc:conquered:42 dwarf:conquered:50,4,27,26,0,2,0,68,0,27192.6,24602.3,16741.3,1,7,1,0,3,0
base,perfect,greedy,188,won,49,49,,0,0,0,archmage:conquered:25 orc:conquered:33 goblin:conquered:41 dwarf:conquered:49,3,24,23,0,2,0,68,0,27205.8,24641,16741.3,1,7,1,0,4,0
base,perfect,greedy,189,won,48,48,,0,0,0,archmage:conquered:23 goblin:conquered:32 orc:conquered:40 dwarf:conquered:48,4,24,23,0,2,0,68,0,26915.5,24361.7,16741.3,1,6,2,0,4,0
base,perfect,greedy,190,won,48,48,,0,0,0,archmage:conquered:23 goblin:conquered:32 orc:conquered:40 dwarf:conquered:48,4,24,23,0,2,0,68,0,26844.3,24299.2,16741.3,1,6,2,0,3,0
base,perfect,greedy,191,won,48,48,,0,0,0,archmage:conquered:24 goblin:conquered:32 orc:conquered:40 dwarf:conquered:48,4,25,23,0,2,0,69,0,26892.8,24343.4,16741.3,1,6,2,0,4,0
base,perfect,greedy,192,won,46,46,,0,0,0,goblin:conquered:21 archmage:conquered:30 orc:conquered:38 dwarf:conquered:46,4,25,24,0,2,0,68,0,26077.5,23637.1,15969.3,1,6,6,0,4,0
base,perfect,greedy,193,won,48,48,,0,0,0,archmage:conquered:23 goblin:conquered:32 orc:conquered:40 dwarf:conquered:48,4,25,23,0,2,0,68,0,26957,24401.6,16741.3,1,6,2,0,4,0
base,perfect,greedy,194,won,48,48,,0,0,0,archmage:conquered:23 orc:conquered:32 goblin:conquered:40 dwarf:conquered:48,4,24,23,0,2,0,68,0,26934.1,24382.2,16741.3,1,6,1,0,3,0
base,perfect,greedy,195,won,48,48,,0,0,0,archmage:conquered:24 goblin:conquered:32 orc:conquered:40 dwarf:conquered:48,3,26,25,0,2,0,68,0,26810.8,24267.9,16741.3,1,6,2,0,3,0
base,perfect,greedy,196,won,46,46,,0,0,0,archmage:conquered:21 goblin:conquered:30 orc:conquered:38 dwarf:conquered:46,3,25,24,0,2,0,70,0,25997.1,23539.7,15969.3,1,6,1,0,6,0
base,perfect,greedy,197,won,46,46,,0,0,0,archmage:conquered:21 orc:conquered:30 goblin:conquered:38 dwarf:conquered:46,4,25,23,0,2,0,69,0,26109.4,23647.7,15969.3,1,6,1,0,3,0
base,perfect,greedy,198,won,46,46,,0,0,0,archmage:conquered:21 goblin:conquered:30 orc:conquered:38 dwarf:conquered:46,3,20,19,0,2,0,68,0,25942.8,23514,15969.3,1,6,1,0,4,0
base,perfect,greedy,199,won,48,48,,0,0,0,archmage:conquered:24 goblin:conquered:32 orc:conquered:40 dwarf:conquered:48,3,25,24,0,2,0,68,0,26938.8,24378.5,16741.3,1,6,2,0,4,0
base,perfect,greedy,200,won,48,48,,0,0,0,archmage:conquered:23 goblin:conquered:32 orc:conquered:40 dwarf:conquered:48,4,25,24,0,2,0,68,0,26918.7,24367.8,16741.3,1,6,2,0,4,0
base,perfect,greedy,201,won,46,46,,0,0,0,archmage:conquered:22 goblin:conquered:30 orc:conquered:38 dwarf:conquered:46,4,25,24,0,2,0,73,0,25996.2,23527.7,15969.3,1,6,2,0,5,0
base,perfect,greedy,202,won,48,48,,0,0,0,archmage:conquered:24 goblin:conquered:32 orc:conquered:40 dwarf:conquered:48,5,25,24,0,2,0,68,0,26902,24349.3,16741.3,1,6,2,0,3,0
base,perfect,greedy,203,won,51,51,,0,0,0,archmage:conquered:27 goblin:conquered:35 orc:conquered:43 dwarf:conquered:51,5,25,24,0,2,0,70,0,27290.9,24670.4,16741.3,1,7,2,0,5,0
base,perfect,greedy,204,won,46,46,,0,0,0,goblin:conquered:21 archmage:conquered:30 orc:conquered:38 dwarf:conquered:46,3,23,21,0,2,0,68,0,26039.2,23607.6,15969.3,1,6,1,0,5,0
base,perfect,greedy,205,won,54,54,,0,0,0,archmage:conquered:30 orc:conquered:38 goblin:conquered:46 dwarf:conquered:54,5,26,25,0,2,0,68,0,27357.1,24826,16741.3,1,7,1,0,5,0
base,perfect,greedy,206,won,47,47,,0,0,0,goblin:conquered:21 archmage:conquered:30 orc:conquered:39 dwarf:conquered:47,3,24,22,0,2,0,68,0,26566.7,24062.7,16355.3,1,6,1,0,6,0
base,perfect,greedy,207,won,48,48,,0,0,0,archmage:conquered:24 orc:conquered:32 goblin:conquered:40 dwarf:conquered:48,4,26,25,0,2,0,68,0,26820.3,24277.8,16741.3,1,6,2,0,4,0
base,perfect,greedy,208,won,50,50,,0,0,0,archmage:conquered:26 goblin:conquered:34 orc:conquered:42 dwarf:conquered:50,5,27,26,0,2,0,70,0,27270.1,24668.6,16741.3,1,7,2,0,3,0
base,perfect,greedy,209,won,48,48,,0,0,0,archmage:conquered:23 goblin:conquered:32 orc:conquered:40 dwarf:conquered:48,4,25,24,0,2,0,70,0,26983.6,24401,16741.3,1,6,1,0,6,0
base,perfect,greedy,210,won,48,48,,0,0,0,archmage:conquered:24 goblin:conquered:32 orc:conquered:40 dwarf:conquered:48,4,25,24,0,2,0,68,0,26889.9,24341.5,16741.3,1,6,2,0,3,0
base,perfect,greedy,211,won,48,48,,0,0,0,archmage:conquered:23 goblin:conquered:32 orc:conquered:40 dwarf:conquered:48,4,25,24,0,2,0,70,0,26893.7,24342,16741.3,1,6,2,0,6,0
base,perfect,greedy,212,won,48,48,,0,0,0,archmage:conquered:23 goblin:conquered:32 orc:conquered:40 dwarf:conquered:48,4,26,24,0,2,0,70,0,26909.4,24356.2,16741.3,1,6,2,0,6,0
base,perfect,greedy,213,won,46,46,,0,0,0,archmage:conquered:21 goblin:conquered:30 orc:conquered:38 dwarf:conquered:46,3,24,23,0,2,0,70,0,26032.7,23576.4,15969.3,1,6,1,0,6,0
base,perfect,greedy,214,won,49,49,,0,0,0,archmage:conquered:25 orc:conquered:33 goblin:conquered:41 dwarf:conquered:49,5,26,24,0,2,0,70,0,27264.5,24694.2,16741.3,1,7,1,0,5,0
base,perfect,greedy,215,won,46,46,,0,0,0,goblin:conquered:22 archmage:conquered:30 orc:conquered:38 dwarf:conquered:46,4,23,22,0,2,0,69,0,25548.5,23178.9,15969.3,1,6,8,0,4,0
base,perfect,greedy,216,won,48,48,,0,0,0,archmage:conquered:23 goblin:conquered:32 orc:conquered:40 dwarf:conquered:48,3,24,23,0,2,0,68,0,26872.6,24312.7,16741.3,1,6,1,0,3,0
base,perfect,greedy,217,won,48,48,,0,0,0,archmage:conquered:23 goblin:conquered:32 orc:conquered:40 dwarf:conquered:48,3,23,22,0,2,0,70,0,26865.2,24320,16741.3,1,6,1,0,6,0
base,perfect,greedy,218,won,46,46,,0,0,0,archmage:conquered:21 orc:conquered:30 goblin:conquered:38 dwarf:conquered:46,3,23,22,0,2,0,70,0,25931.6,23483.2,15969.3,1,6,1,0,6,0
base,perfect,greedy,219,won,48,48,,0,0,0,archmage:conquered:24 orc:conquered:32 goblin:conquered:40 dwarf:conquered:48,4,24,23,0,2,0,70,0,26938.4,24382,16741.3,1,6,1,0,5,0
base,perfect,greedy,220,won,46,46,,0,0,0,archmage:conquered:22 orc:conquered:30 goblin:conquered:38 dwarf:conquered:46,3,22,21,0,2,0,70,0,25877.8,23454.9,15969.3,1,6,1,0,4,0
base,perfect,greedy,221,won,48,48,,0,0,0,archmage:conquered:23 goblin:conquered:32 orc:conquered:40 dwarf:conquered:48,3,25,24,0,2,0,68,0,26864.2,24314.6,16741.3,1,6,1,0,3,0
base,perfect,greedy,222,won,48,48,,0,0,0,archmage:conquered:23 goblin:conquered:32 orc:conquered:40 dwarf:conquered:48,3,25,24,0,2,0,68,0,26858.6,24312.6,16741.3,1,6,2,0,5,0
base,perfect,greedy,223,won,48,48,,0,0,0,archmage:conquered:23 goblin:conquered:32 orc:conquered:40 dwarf:conquered:48,3,25,24,0,2,0,68,0,26905.9,24353.5,16741.3,1,6,1,0,3,0
base,perfect,greedy,224,won,49,49,,0,0,0,orc:conquered:25 archmage:conquered:33 goblin:conquered:41 dwarf:conquered:49,4,27,25,0,2,0,68,0,27201.7,24639.2,16741.3,1,7,2,0,4,0
base,perfect,greedy,225,won,46,46,,0,0,0,archmage:conquered:22 goblin:conquered:30 orc:conquered:38 dwarf:conquered:46,4,24,23,0,2,0,68,0,25938.8,23512.3,15969.3,1,6,2,0,4,0
base,perfect,greedy,226,won,50,50,,0,0,0,archmage:conquered:26 goblin:conquered:34 orc:conquered:42 dwarf:conquered:50,4,28,27,0,2,0,70,0,27180.7,24594.9,16741.3,1,7,3,0,6,0
base,perfect,greedy,227,won,46,46,,0,0,0,goblin:conquered:21 archmage:conquered:30 orc:conquered:38 dwarf:conquered:46,4,25,23,0,2,0,69,0,26009.5,23552.1,15969.3,1,6,1,0,3,0
base,perfect,greedy,228,won,48,48,,0,0,0,archmage:conquered:23 orc:conquered:32 goblin:conquered:40 dwarf:conquered:48,3,22,21,0,2,0,70,0,26903.3,24347.1,16741.3,1,6,1,0,4,0
base,perfect,greedy,229,won,52,52,,0,0,0,archmage:conquered:27 orc:conquered:36 goblin:conquered:44 dwarf:conquered:52,5,28,26,0,2,0,68,0,27426.5,24871.2,16741.3,1,7,2,0,6,0
base,perfect,greedy,230,won,46,46,,0,0,0,goblin:conquered:21 archmage:conquered:30 orc:conquered:38 dwarf:conquered:46,3,22,20,0,2,0,68,0,25971.2,23542.6,15969.3,1,6,2,0,4,0
base,perfect,greedy,231,won,46,46,,0,0,0,archmage:conquered:22 goblin:conquered:30 orc:conquered:38 dwarf:conquered:46,4,23,22,0,2,0,68,0,25923.4,23500.1,15969.3,1,6,2,0,3,0
base,perfect,greedy,232,won,48,48,,0,0,0,archmage:conquered:23 goblin:conquered:32 orc:conquered:40 dwarf:conquered:48,4,24,23,0,2,0,70,0,26872.4,24322,16741.3,1,6,1,0,6,0
base,perfect,greedy,233,won,50,50,,0,0,0,archmage:conquered:26 goblin:conquered:34 orc:conquered:42 dwarf:conquered:50,6,29,28,0,2,0,68,0,27284.6,24674.1,16741.3,1,7,2,0,4,0
base,perfect,greedy,234,won,48,48,,0,0,0,archmage:conquered:23 goblin:conquered:32 orc:conquered:40 dwarf:conquered:48,4,25,24,0,2,0,68,0,26865.4,24318.3,16741.3,1,6,1,0,3,0
base,perfect,greedy,235,won,48,48,,0,0,0,archmage:conquered:23 goblin:conquered:32 orc:conquered:40 dwarf:conquered:48,4,25,24,0,2,0,68,0,26903.6,24352.1,16741.3,1,6,3,0,4,0
base,perfect,greedy,236,won,46,46,,0,0,0,archmage:conquered:20 orc:conquered:30 goblin:conquered:38 dwarf:conquered:46,4,24,23,0,2,0,74,0,25987,23522,15969.3,1,6,2,0,5,0
base,perfect,greedy,237,won,46,46,,0,0,0,archmage:conquered:21 goblin:conquered:30 orc:conquered:38 dwarf:conquered:46,3,25,24,0,2,0,70,0,25951.5,23488,15969.3,1,6,1,0,5,0
base,perfect,greedy,238,won,49,49,,0,0,0,archmage:conquered:25 orc:conquered:33 goblin:conquered:41 dwarf:conquered:49,5,26,25,0,2,0,73,0,27233.9,24634.8,16741.3,1,7,1,0,5,0
base,perfect,greedy,239,won,48,48,,0,0,0,goblin:conquered:24 archmage:conquered:32 orc:conquered:40 dwarf:conquered:48,4,24,23,0,2,0,68,0,26868.3,24311.8,16741.3,1,6,1,0,6,0
base,perfect,greedy,240,won,48,48,,0,0,0,archmage:conquered:23 goblin:conquered:32 orc:conquered:40 dwarf:conquered:48,4,23,22,0,2,0,70,0,26920.6,24342.7,16741.3,1,6,1,0,5,0
base,perfect,greedy,241,won,48,48,,0,0,0,archmage:conquered:23 goblin:conquered:32 orc:conquered:40 dwarf:conquered:48,4,24,23,0,2,0,68,0,26951.6,24371.3,16741.3,1,6,1,0,4,0
base,perfect,greedy,242,won,48,48,,0,0,0,archmage:conquered:24 goblin:conquered:32 orc:conquered:40 dwarf:conquered:48,4,26,25,0,2,0,68,0,26860.9,24311.8,16741.3,1,6,2,0,5,0
base,perfect,greedy,243,won,48,48,,0,0,0,archmage:conquered:24 orc:conquered:32 goblin:conquered:40 dwarf:conquered:48,4,26,25,0,2,0,68,0,26966.1,24407.4,16741.3,1,6,1,0,3,0
base,perfect,greedy,244,won,48,48,,0,0,0,archmage:conquered:23 goblin:conquered:32 orc:conquered:40 dwarf:conquered:48,3,24,23,0,2,0,68,0,26862,24313,16741.3,1,6,4,0,3,0
base,perfect,greedy,245,won,49,49,,0,0,0,archmage:conquered:25 goblin:conquered:33 orc:conquered:41 dwarf:conquered:49,4,28,27,0,2,0,69,1,27189.5,24597.7,16741.3,1,7,1,0,3,0
base,perfect,greedy,246,won,48,48,,0,0,0,archmage:conquered:23 goblin:conquered:32 orc:conquered:40 dwarf:conquered:48,3,26,25,0,2,0,68,0,26819.5,24276.6,16741.3,1,6,1,0,3,0
base,perfect,greedy,247,won,48,48,,0,0,0,orc:conquered:24 archmage:conquered:32 goblin:conquered:40 dwarf:conquered:48,3,23,22,0,2,0,68,0,26844,24297.1,16741.3,1,6,2,0,4,0
base,perfect,greedy,248,won,46,46,,0,0,0,archmage:conquered:22 goblin:conquered:30 orc:conquered:38 dwarf:conquered:46,3,23,22,0,2,0,70,0,26019,23562.8,15969.3,1,6,1,0,4,0
base,perfect,greedy,249,won,48,48,,0,0,0,archmage:conquered:23 orc:conquered:32 goblin:conquered:40 dwarf:conquered:48,4,25,24,0,2,0,70,0,26822.5,24277.6,16741.3,1,6,3,0,6,0
base,perfect,greedy,250,won,49,49,,0,0,0,archmage:conquered:25 goblin:conquered:33 orc:conquered:41 dwarf:conquered:49,4,25,24,0,2,0,68,0,27304.7,24701,16741.3,1,7,1,0,4,0
base,perfect,greedy,251,won,46,46,,0,0,0,archmage:conquered:22 goblin:conquered:30 orc:conquered:38 dwarf:conquered:46,3,22,21,0,2,0,68,0,25990.1,23559.6,15969.3,1,6,8,0,4,0
base,perfect,greedy,252,won,46,46,,0,0,0,archmage:conquered:22 goblin:conquered:30 orc:conquered:38 dwarf:conquered:46,4,23,22,0,2,0,70,0,26026.7,23589,15969.3,1,6,1,0,4,0
base,perfect,greedy,253,won,48,48,,0,0,0,archmage:conquered:23 goblin:conquered:32 orc:conquered:40 dwarf:conquered:48,3,23,22,0,2,0,70,0,26910.9,24357.2,16741.3,1,6,2,0,4,0
base,perfect,greedy,254,won,46,46,,0,0,0,archmage:conquered:21 orc:conquered:30 goblin:conquered:38 dwarf:conquered:46,4,23,22,0,2,0,68,0,25965.9,23524.4,15969.3,1,6,8,0,5,0
base,perfect,greedy,255,won,48,48,,0,0,0,archmage:conquered:23 goblin:conquered:32 orc:conquered:40 dwarf:conquered:48,4,26,25,0,2,0,69,0,26899.8,24348,16741.3,1,6,1,0,3,0
base,perfect,greedy,256,won,46,46,,0,0,0,archmage:conquered:22 goblin:conquered:30 orc:conquered:38 dwarf:conquered:46,3,21,20,0,2,0,68,0,25987.5,23556.6,15969.3,1,6,2,0,5,0
base,perfect,greedy,257,won,48,48,,0,0,0,archmage:conquered:24 goblin:conquered:32 orc:conquered:40 dwarf:conquered:48,4,26,25,0,2,0,68,0,26932,24356.7,16741.3,1,6,1,0,4,0
base,perfect,greedy,258,won,48,48,,0,0,0,archmage:conquered:24 orc:conquered:32 goblin:conquered:40 dwarf:conquered:48,3,25,24,0,2,0,70,0,26895.8,24345.3,16741.3,1,6,2,0,5,0
base,perfect,greedy,259,won,48,48,,0,0,0,archmage:conquered:23 goblin:conquered:32 orc:conquered:40 dwarf:conquered:48,4,24,23,0,2,0,70,0,26962,24407.6,16741.3,1,6,1,0,6,0
base,perfect,greedy,260,won,46,46,,0,0,0,archmage:conquered:22 goblin:conquered:30 orc:conquered:38 dwarf:conquered:46,3,25,24,0,2,0,68,0,25992.2,23561.3,15969.3,1,6,2,0,4,0
base,perfect,greedy,261,won,50,50,,0,0,0,archmage:conquered:26 goblin:conquered:34 orc:conquered:42 dwarf:conquered:50,4,29,27,0,2,0,68,0,27229.7,24634.1,16741.3,1,7,2,0,4,0
base,perfect,greedy,262,won,51,51,,0,0,0,archmage:conquered:27 goblin:conquered:35 orc:conquered:43 dwarf:conquered:51,4,27,26,0,2,0,68,0,27254.7,24658,16741.3,1,7,1,0,4,0
base,perfect,greedy,263,won,46,46,,0,0,0,archmage:conquered:22 goblin:conquered:30 orc:conquered:38 dwarf:conquered:46,4,24,23,0,2,0,70,0,25958.5,23528.5,15969.3,1,6,1,0,4,0
base,perfect,greedy,264,won,48,48,,0,0,0,archmage:conquered:24 goblin:conquered:32 orc:conquered:40 dwarf:conquered:48,4,25,24,0,2,0,68,0,26901.7,24350.3,16741.3,1,6,4,0,3,0
base,perfect,greedy,265,won,46,46,,0,0,0,archmage:conquered:21 goblin:conquered:30 orc:conquered:38 dwarf:conquered:46,3,20,19,0,2,0,70,0,25990.3,23534.8,15969.3,1,6,1,0,5,0
base,perfect,greedy,266,won,46,46,,0,0,0,archmage:conquered:22 orc:conquered:30 goblin:conquered:38 dwarf:conquered:46,3,21,19,0,2,0,68,0,25956.7,23525.5,15969.3,1,6,2,0,3,0
base,perfect,greedy,267,won,48,48,,0,0,0,archmage:conquered:23 goblin:conquered:32 orc:conquered:40 dwarf:conquered:48,4,26,25,0,2,0,70,0,26888.6,24315.8,16741.3,1,6,1,0,5,0
base,perfect,greedy,268,won,46,46,,0,0,0,goblin:conquered:21 archmage:conquered:30 orc:conquered:38 dwarf:conquered:46,3,23,22,0,2,0,68,0,26026.9,23594.1,15969.3,1,6,2,0,4,0
base,perfect,greedy,269,won,46,46,,0,0,0,archmage:conquered:22 goblin:conquered:30 orc:conquered:38 dwarf:conquered:46,3,23,22,0,2,0,68,0,25569.1,23198.2,15969.3,1,6,2,0,5,0
base,perfect,greedy,270,won,46,46,,0,0,0,goblin:conquered:19 archmage:conquered:30 orc:conquered:38 dwarf:conquered:46,3,24,23,0,2,0,68,0,25998.6,23567.6,15969.3,1,6,2,0,3,0
base,perfect,greedy,271,won,48,48,,0,0,0,archmage:conquered:23 goblin:conquered:32 orc:conquered:40 dwarf:conquered:48,4,24,23,0,2,0,68,0,26890.5,24340.7,16741.3,1,6,1,0,3,0
base,perfect,greedy,272,won,51,51,,0,0,0,archmage:conquered:27 goblin:conquered:35 orc:conquered:43 dwarf:conquered:51,6,29,28,0,2,0,70,0,27245.9,24653.6,16741.3,1,7,2,0,5,0
base,perfect,greedy,273,won,48,48,,0,0,0,archmage:conquered:23 goblin:conquered:32 orc:conquered:40 dwarf:conquered:48,3,25,23,0,2,0,68,0,26987.8,24428.4,16741.3,1,6,1,0,4,0
base,perfect,greedy,274,won,49,49,,0,0,0,archmage:conquered:25 goblin:conquered:33 orc:conquered:41 dwarf:conquered:49,5,28,27,0,2,0,69,1,27225.2,24632.3,16741.3,1,7,2,0,4,0
base,perfect,greedy,275,won,52,52,,0,0,0,archmage:conquered:27 orc:conquered:36 goblin:conquered:44 dwarf:conquered:52,6,26,25,0,2,0,68,0,27182.5,24652.2,16741.3,1,7,2,0,4,0
base,perfect,greedy,276,won,48,48,,0,0,0,archmage:conquered:23 goblin:conquered:32 orc:conquered:40 dwarf:conquered:48,4,24,23,0,2,0,70,0,26931.8,24376.6,16741.3,1,6,1,0,4,0
base,perfect,greedy,277,won,51,51,,0,0,0,archmage:conquered:26 orc:conquered:35 goblin:conquered:43 dwarf:conquered:51,4,26,25,0,2,0,68,0,27081.8,24552.6,16741.3,1,7,1,0,4,0
base,perfect,greedy,278,won,48,48,,0,0,0,archmage:conquered:23 goblin:conquered:32 orc:conquered:40 dwarf:conquered:48,4,26,25,0,2,0,68,0,26938.7,24379.9,16741.3,1,6,2,0,4,0
base,perfect,greedy,279,won,46,46,,0,0,0,goblin:conquered:19 archmage:conquered:30 orc:conquered:38 dwarf:conquered:46,3,21,19,0,2,0,69,0,25964.9,23509.7,15969.3,1,6,1,0,5,0
base,perfect,greedy,280,won,51,51,,0,0,0,archmage:conquered:27 goblin:conquered:35 orc:conquered:43 dwarf:conquered:51,5,29,29,0,2,0,68,0,27297.5,24696.4,16741.3,1,7,2,0,3,0
base,perfect,greedy,281,won,48,48,,0,0,0,archmage:conquered:23 goblin:conquered:32 orc:conquered:40 dwarf:conquered:48,4,24,23,0,2,0,68,0,26822.5,24280.3,16741.3,1,6,1,0,4,0
base,perfect,greedy,282,won,48,48,,0,0,0,archmage:conquered:23 goblin:conquered:32 orc:conquered:40 dwarf:conquered:48,4,25,24,0,2,0,70,0,26953.4,24398.7,16741.3,1,6,1,0,4,0
base,perfect,greedy,283,won,48,48,,0,0,0,archmage:conquered:23 goblin:conquered:32 orc:conquered:40 dwarf:conquered:48,4,26,25,0,2,0,70,0,27014.2,24429.6,16741.3,1,6,2,0,6,0
base,perfect,greedy,284,won,48,48,,0,0,0,archmage:conquered:23 orc:conquered:32 goblin:conquered:40 dwarf:conquered:48,4,25,24,0,2,0,70,0,26833.4,24290.2,16741.3,1,6,1,0,4,0
base,perfect,greedy,285,won,48,48,,0,0,0,archmage:conquered:23 goblin:conquered:32 orc:conquered:40 dwarf:conquered:48,4,24,23,0,2,0,68,0,26873.4,24323.9,16741.3,1,6,1,0,3,0
base,perfect,greedy,286,won,46,46,,0,0,0,goblin:conquered:22 archmage:conquered:30 orc:conquered:38 dwarf:conquered:46,3,24,22,0,2,0,68,0,25498.9,23134,15969.3,1,6,2,0,6,0
base,perfect,greedy,287,won,46,46,,0,0,0,archmage:conquered:22 orc:conquered:30 goblin:conquered:38 dwarf:conquered:46,3,23,22,0,2,0,68,0,26011,23580,15969.3,1,6,2,0,3,0
base,perfect,greedy,288,won,46,46,,0,0,0,archmage:conquered:21 goblin:conquered:30 orc:conquered:38 dwarf:conquered:46,4,23,21,0,2,0,68,0,26019.4,23584.6,15969.3,1,6,2,0,3,0
base,perfect,greedy,289,won,46,46,,0,0,0,archmage:conquered:21 orc:conquered:30 goblin:conquered:38 dwarf:conquered:46,4,22,21,0,2,0,68,0,26027.9,23595,15969.3,1,6,2,0,3,0
base,perfect,greedy,290,won,48,48,,0,0,0,archmage:conquered:23 orc:conquered:32 goblin:conquered:40 dwarf:conquered:48,3,22,21,0,2,0,68,0,26875.4,24327.9,16741.3,1,6,2,0,3,0
base,perfect,greedy,291,won,48,48,,0,0,0,archmage:conquered:23 goblin:conquered:32 orc:conquered:40 dwarf:conquered:48,3,24,23,0,2,0,68,0,26902.5,24350.4,16741.3,1,6,1,0,4,0
base,perfect,greedy,292,won,46,46,,0,0,0,archmage:conquered:22 goblin:conquered:30 orc:conquered:38 dwarf:conquered:46,3,24,23,0,2,0,68,0,25974.1,23542.9,15969.3,1,6,1,0,4,0
base,perfect,greedy,293,won,48,48,,0,0,0,archmage:conquered:23 goblin:conquered:32 orc:conquered:40 dwarf:conquered:48,3,24,23,0,2,0,68,0,26874.7,24323.1,16741.3,1,6,1,0,3,0
base,perfect,greedy,294,won,48,48,,0,0,0,archmage:conquered:24 goblin:conquered:32 orc:conquered:40 dwarf:conquered:48,4,27,26,0,2,0,68,0,26879.6,24333.7,16741.3,1,6,1,0,4,0
base,perfect,greedy,295,won,46,46,,0,0,0,goblin:conquered:22 archmage:conquered:30 orc:conquered:38 dwarf:conquered:46,4,23,20,0,2,0,69,0,25555.6,23186.7,15969.3,1,6,1,0,5,0
base,perfect,greedy,296,won,48,48,,0,0,0,archmage:conquered:23 goblin:conquered:32 orc:conquered:40 dwarf:conquered:48,4,24,23,0,2,0,68,0,26997.5,24419.2,16741.3,1,6,5,0,4,0
base,perfect,greedy,297,won,46,46,,0,0,0,archmage:conquered:22 goblin:conquered:30 orc:conquered:38 dwarf:conquered:46,3,25,24,0,2,0,73,0,26015.2,23546.8,15969.3,1,6,1,0,5,0
base,perfect,greedy,298,won,46,46,,0,0,0,archmage:conquered:22 goblin:conquered:30 orc:conquered:38 dwarf:conquered:46,4,25,23,0,2,0,68,0,25503.8,23138.1,15969.3,1,6,1,0,6,0
base,perfect,greedy,299,won,54,54,,0,0,0,archmage:conquered:30 goblin:conquered:38 orc:conquered:46 dwarf:conquered:54,6,30,29,0,2,0,68,0,27155.2,24569,16741.3,1,7,2,0,3,0
base,perfect,greedy,300,won,49,49,,0,0,0,archmage:conquered:25 goblin:conquered:33 orc:conquered:41 dwarf:conquered:49,3,27,25,0,2,0,68,0,27487.3,24863.1,16741.3,1,7,1,0,6,0
base,perfect,push,1,won,40,40,,0,0,0,goblin:conquered:16 archmage:conquered:24 orc:conquered:32 dwarf:conquered:40,2,22,21,0,22,5,121,48,22716.7,20622.4,13653.3,1,5,4,0,4,0
base,perfect,push,2,won,40,40,,0,0,0,dwarf:conquered:16 archmage:conquered:24 orc:conquered:32 goblin:conquered:40,2,18,17,0,22,5,114,41,22774.9,20677,13653.3,1,5,2,0,2,0
base,perfect,push,3,won,47,47,,0,0,0,archmage:conquered:20 goblin:conquered:30 orc:conquered:39 dwarf:conquered:47,4,23,22,0,22,5,121,48,26717.1,24108.8,16355.3,1,6,1,0,4,0
base,perfect,push,4,won,41,41,,0,0,0,archmage:conquered:17 goblin:conquered:25 orc:conquered:33 dwarf:conquered:41,3,21,20,0,21,9,123,50,22698.9,20612.8,14039.3,1,6,1,0,4,0
base,perfect,push,5,won,46,46,,0,0,0,archmage:conquered:20 orc:conquered:30 goblin:conquered:38 dwarf:conquered:46,3,27,26,0,23,6,123,49,26149.2,23614.6,15969.3,1,6,1,0,4,0
base,perfect,push,6,won,40,40,,0,0,0,goblin:conquered:16 archmage:conquered:24 orc:conquered:32 dwarf:conquered:40,2,18,17,0,23,9,126,54,22684.6,20590.5,13653.3,1,5,4,0,3,0
base,perfect,push,7,won,46,46,,0,0,0,archmage:conquered:20 goblin:conquered:30 orc:conquered:38 dwarf:conquered:46,3,24,23,0,19,12,123,49,26069.2,23547.2,15969.3,1,6,2,0,2,0
base,perfect,push,8,won,46,46,,0,0,0,archmage:conquered:20 goblin:conquered:30 orc:conquered:38 dwarf:conquered:46,4,20,19,0,21,8,120,46,26144.9,23615,15969.3,1,6,1,0,3,0
base,perfect,push,9,won,47,47,,0,0,0,goblin:conquered:19 archmage:conquered:30 orc:conquered:39 dwarf:conquered:47,3,22,21,0,22,5,124,51,26713.8,24110.2,16355.3,1,6,2,0,2,0
base,perfect,push,10,won,46,46,,0,0,0,archmage:conquered:22 orc:conquered:30 goblin:conquered:38 dwarf:conquered:46,4,24,23,0,22,5,120,47,26219.1,23676.3,15969.3,1,6,2,0,3,0
base,perfect,push,11,won,40,40,,0,0,0,goblin:conquered:16 archmage:conquered:24 orc:conquered:32 dwarf:conquered:40,2,19,18,0,23,9,123,52,22316.7,20264.5,13653.3,1,5,1,0,3,0
base,perfect,push,12,won,46,46,,0,0,0,archmage:conquered:22 goblin:conquered:30 orc:conquered:38 dwarf:conquered:46,4,28,27,0,22,5,123,50,26184.9,23647.5,15969.3,1,6,2,0,3,0
base,perfect,push,13,won,46,46,,0,0,0,archmage:conquered:21 orc:conquered:30 goblin:conquered:38 dwarf:conquered:46,3,25,25,0,23,6,118,45,26168.9,23634.9,15969.3,1,6,2,0,3,0
base,perfect,push,14,won,46,46,,0,0,0,archmage:conquered:22 orc:conquered:30 goblin:conquered:38 dwarf:conquered:46,4,26,25,0,23,9,129,57,26193.4,23651.5,15969.3,1,6,1,0,3,0
base,perfect,push,15,won,40,40,,0,0,0,dwarf:conquered:16 archmage:conquered:24 orc:conquered:32 goblin:conquered:40,2,18,17,0,22,5,112,39,22714.9,20621.3,13653.3,1,5,2,0,2,0
base,perfect,push,16,won,38,38,,0,0,0,goblin:conquered:13 archmage:conquered:22 orc:conquered:30 dwarf:conquered:38,2,20,19,0,19,12,124,52,21260.3,19339.6,12881.3,1,5,2,0,3,0
base,perfect,push,17,won,41,41,,0,0,0,goblin:conquered:17 archmage:conquered:25 orc:conquered:33 dwarf:conquered:41,2,21,20,0,19,12,119,45,22953.2,20836.7,14039.3,1,6,1,0,3,0
base,perfect,push,18,won,46,46,,0,0,0,archmage:conquered:21 goblin:conquered:30 orc:conquered:38 dwarf:conquered:46,3,23,22,0,22,5,124,51,26195.9,23657.3,15969.3,1,6,2,0,2,0
base,perfect,push,19,won,41,41,,0,0,0,archmage:conquered:17 goblin:conquered:25 orc:conquered:33 dwarf:conquered:41,2,22,21,0,22,5,116,43,23155.9,21015.5,14039.3,1,6,3,0,4,0
base,perfect,push,20,won,46,46,,0,0,0,archmage:conquered:20 goblin:conquered:30 orc:conquered:38 dwarf:conquered:46,3,23,22,0,19,12,122,48,26427.8,23853.2,15969.3,1,6,1,0,4,0
base,perfect,push,21,won,41,41,,0,0,0,archmage:conquered:17 orc:conquered:25 goblin:conquered:33 dwarf:conquered:41,3,24,23,0,22,5,117,45,23242,21091.5,14039.3,1,6,1,0,4,0
base,perfect,push,22,won,46,46,,0,0,0,archmage:conquered:22 goblin:conquered:30 orc:conquered:38 dwarf:conquered:46,4,30,29,0,23,9,126,54,26208.9,23667.5,15969.3,1,6,2,0,4,0
base,perfect,push,23,won,48,48,,0,0,0,archmage:conquered:23 goblin:conquered:32 orc:conquered:40 dwarf:conquered:48,4,28,27,0,19,12,121,47,27316,24623.6,16741.3,1,6,2,0,3,0
base,perfect,push,24,won,46,46,,0,0,0,archmage:conquered:22 orc:conquered:30 goblin:conquered:38 dwarf:conquered:46,3,26,25,0,22,5,118,45,26171,23633.6,15969.3,1,6,7,0,3,0
base,perfect,push,25,won,46,46,,0,0,0,archmage:conquered:19 goblin:conquered:30 orc:conquered:38 dwarf:conquered:46,3,21,20,0,21,9,119,46,26231.5,23698.1,15969.3,1,6,2,0,3,0
base,perfect,push,26,won,40,40,,0,0,0,goblin:conquered:16 archmage:conquered:24 orc:conquered:32 dwarf:conquered:40,3,23,22,0,22,5,122,49,22759.3,20660.7,13653.3,1,5,1,0,3,0
base,perfect,push,27,won,48,48,,0,0,0,archmage:conquered:23 goblin:conquered:32 orc:conquered:40 dwarf:conquered:48,4,29,28,0,21,8,119,45,27716,24983.9,16741.3,1,6,1,0,3,0
base,perfect,push,28,won,48,48,,0,0,0,archmage:conquered:24 orc:conquered:32 goblin:conquered:40 dwarf:conquered:48,4,29,28,0,19,12,120,47,27677.2,24944.7,16741.3,1,6,2,0,2,0
base,perfect,push,29,won,40,40,,0,0,0,goblin:conquered:16 archmage:conquered:24 orc:conquered:32 dwarf:conquered:40,2,18,17,0,22,5,123,49,22719.8,20623.8,13653.3,1,5,1,0,4,0
base,perfect,push,30,won,41,41,,0,0,0,archmage:conquered:17 goblin:conquered:25 orc:conquered:33 dwarf:conquered:41,3,21,20,0,21,9,118,45,23087.3,20956.4,14039.3,1,6,3,0,4,0
base,perfect,push,31,won,41,41,,0,0,0,archmage:conquered:17 goblin:conquered:25 orc:conquered:33 dwarf:conquered:41,2,19,18,0,22,5,124,50,23161.5,21018,14039.3,1,6,2,0,3,0
base,perfect,push,32,won,46,46,,0,0,0,archmage:conquered:22 goblin:conquered:30 orc:conquered:38 dwarf:conquered:46,3,24,23,0,21,8,119,45,26009.3,23493.4,15969.3,1,6,1,0,3,0
base,perfect,push,33,won,46,46,,0,0,0,archmage:conquered:22 goblin:conquered:30 orc:conquered:38 dwarf:conquered:46,4,24,23,0,22,5,126,54,26180.8,23642.9,15969.3,1,6,3,0,3,0
base,perfect,push,34,won,38,38,,0,0,0,goblin:conquered:13 archmage:conquered:22 orc:conquered:30 dwarf:conquered:38,2,19,18,0,22,5,124,51,21177.1,19248.9,12881.3,1,5,4,0,2,0
base,perfect,push,35,won,46,46,,0,0,0,archmage:conquered:21 orc:conquered:30 goblin:conquered:38 dwarf:conquered:46,4,23,22,0,23,9,120,50,26212.8,23671.6,15969.3,1,6,1,0,3,0
base,perfect,push,36,won,48,48,,0,0,0,archmage:conquered:24 goblin:conquered:32 orc:conquered:40 dwarf:conquered:48,3,32,30,0,23,9,127,55,27873.3,25112.6,16741.3,1,6,1,0,3,0
base,perfect,push,37,won,46,46,,0,0,0,archmage:conquered:20 goblin:conquered:30 orc:conquered:38 dwarf:conquered:46,4,25,24,0,22,5,117,44,26208.2,23664.1,15969.3,1,6,1,0,4,0
base,perfect,push,38,won,42,42,,0,0,0,goblin:conquered:17 archmage:conquered:26 orc:conquered:34 dwarf:conquered:42,2,19,18,0,23,9,126,55,23603.7,21400.1,14425.3,1,6,2,0,5,0
base,perfect,push,39,active,71,,,0,0,0,goblin:conquered:17,3,22,21,0,22,5,122,48,28208.1,25407.1,16741.3,1,9,2,0,3,0
base,perfect,push,40,won,46,46,,0,0,0,archmage:conquered:22 goblin:conquered:30 orc:conquered:38 dwarf:conquered:46,3,26,24,0,19,12,122,47,26093.8,23567.5,15969.3,1,6,1,0,3,0
base,perfect,push,41,won,48,48,,0,0,0,archmage:conquered:23 goblin:conquered:32 orc:conquered:40 dwarf:conquered:48,3,28,27,0,19,12,121,45,27655.8,24923.8,16741.3,1,6,1,0,3,0
base,perfect,push,42,won,41,41,,0,0,0,dwarf:conquered:17 archmage:conquered:25 orc:conquered:33 goblin:conquered:41,2,21,20,0,23,6,115,43,23167.2,21026.1,14039.3,1,6,1,0,3,0
base,perfect,push,43,won,46,46,,0,0,0,archmage:conquered:21 goblin:conquered:30 orc:conquered:38 dwarf:conquered:46,3,26,25,0,22,5,114,41,26275.4,23726.6,15969.3,1,6,4,0,3,0
base,perfect,push,44,won,46,46,,0,0,0,archmage:conquered:20 goblin:conquered:30 orc:conquered:38 dwarf:conquered:46,3,26,25,0,23,9,125,53,26227.4,23682.5,15969.3,1,6,1,0,4,0
base,perfect,push,45,won,38,38,,0,0,0,dwarf:conquered:14 archmage:conquered:22 goblin:conquered:30 orc:conquered:38,2,21,20,0,23,6,120,47,21142.9,19219.6,12881.3,1,5,4,0,2,0
base,perfect,push,46,won,46,46,,0,0,0,archmage:conquered:20 goblin:conquered:30 orc:conquered:38 dwarf:conquered:46,3,21,20,0,22,5,117,44,26222.7,23681.2,15969.3,1,6,2,0,3,0
base,perfect,push,47,won,41,41,,0,0,0,dwarf:conquered:17 archmage:conquered:25 goblin:conquered:33 orc:conquered:41,2,23,22,0,23,6,117,44,23186.1,21039.2,14039.3,1,6,4,0,3,0
base,perfect,push,48,won,40,40,,0,0,0,dwarf:conquered:16 archmage:conquered:24 goblin:conquered:32 orc:conquered:40,2,20,19,0,21,9,111,38,22697.6,20615.4,13653.3,1,5,2,0,3,0
base,perfect,push,49,won,40,40,,0,0,0,goblin:conquered:16 archmage:conquered:24 orc:conquered:32 dwarf:conquered:40,3,21,20,0,22,5,126,52,22302,20250.4,13653.3,1,5,1,0,4,0
base,perfect,push,50,won,46,46,,0,0,0,archmage:conquered:22 goblin:conquered:30 orc:conquered:38 dwarf:conquered:46,4,23,22,0,22,5,125,53,26124.4,23592,15969.3,1,6,2,0,3,0
base,perfect,smarter,1,won,44,44,,0,0,0,archmage:abdicated:20 goblin:allied:28 orc:conquered:36 dwarf:conquered:44,3,15,14,0,2,0,67,0,24632.5,22383,15197.3,1,6,6,0,4,0
base,perfect,smarter,2,won,44,44,,0,0,0,dwarf:allied:20 orc:allied:28 archmage:conquered:36 goblin:conquered:44,4,21,20,0,2,0,66,0,24368.2,22202.5,15197.3,1,6,2,0,4,0
base,perfect,smarter,3,won,44,44,,0,0,0,dwarf:allied:20 orc:allied:28 archmage:conquered:36 goblin:conquered:44,3,16,15,0,2,0,66,0,24315.2,22151.8,15197.3,1,6,1,0,3,0
base,perfect,smarter,4,won,46,46,,0,0,0,goblin:allied:22 archmage:conquered:30 orc:conquered:38 dwarf:conquered:46,4,19,18,0,2,0,65,0,25548.2,23194.6,15969.3,1,6,1,0,6,0
base,perfect,smarter,5,won,44,44,,0,0,0,goblin:allied:20 orc:allied:28 archmage:conquered:36 dwarf:conquered:44,4,20,18,0,2,0,68,0,24292.8,22079,15197.3,1,6,1,0,4,0
base,perfect,smarter,6,won,44,44,,0,0,0,dwarf:allied:20 goblin:allied:28 archmage:conquered:36 orc:conquered:44,3,18,16,0,2,0,71,0,24325.8,22094.9,15197.3,1,6,2,0,4,0
base,perfect,smarter,7,won,44,44,,0,0,0,orc:allied:20 goblin:allied:28 dwarf:allied:36 archmage:allied:44,4,12,10,0,2,0,69,0,24675.7,22413.9,15197.3,1,6,2,0,5,0
base,perfect,smarter,8,won,46,46,,0,0,0,goblin:allied:22 archmage:conquered:30 orc:conquered:38 dwarf:conquered:46,5,18,17,0,2,0,66,0,25553.3,23195.4,15969.3,1,6,1,0,5,0
base,perfect,smarter,9,won,44,44,,0,0,0,goblin:allied:20 orc:allied:28 archmage:conquered:36 dwarf:conquered:44,3,17,16,0,2,0,67,0,24402.1,22182.1,15197.3,1,6,2,0,5,0
base,perfect,smarter,10,won,44,44,,0,0,0,dwarf:allied:20 orc:allied:28 goblin:conquered:36 archmage:conquered:44,3,17,16,0,2,0,72,0,24344.4,22116.2,15197.3,1,6,2,0,5,0
base,perfect,smarter,11,won,44,44,,0,0,0,goblin:allied:20 orc:allied:28 archmage:conquered:36 dwarf:conquered:44,3,19,18,0,2,0,73,0,24349.4,22118.4,15197.3,1,6,1,0,5,0
base,perfect,smarter,12,won,46,46,,0,0,0,goblin:allied:22 archmage:conquered:30 orc:conquered:38 dwarf:conquered:46,5,23,22,0,2,0,68,0,25511.6,23161.7,15969.3,1,6,2,0,5,0
base,perfect,smarter,13,won,46,46,,0,0,0,goblin:allied:22 archmage:conquered:30 orc:conquered:38 dwarf:conquered:46,5,16,15,0,2,0,67,0,25497.7,23151.1,15969.3,1,6,2,0,4,0
base,perfect,smarter,14,won,46,46,,0,0,0,goblin:allied:22 archmage:conquered:30 orc:conquered:38 dwarf:conquered:46,4,19,17,0,2,0,69,0,25518.1,23164.9,15969.3,1,6,1,0,5,0
base,perfect,smarter,15,won,45,45,,0,0,0,archmage:abdicated:21 goblin:allied:29 orc:conquered:37 dwarf:conquered:45,4,15,14,0,2,0,65,0,25059.9,22769.4,15583.3,1,6,2,0,3,0
base,perfect,smarter,16,won,44,44,,0,0,0,goblin:conquered:20 archmage:abdicated:28 orc:conquered:36 dwarf:conquered:44,4,18,17,0,2,0,66,0,24627.7,22392.5,15197.3,1,6,2,0,6,0
base,perfect,smarter,17,won,44,44,,0,0,0,archmage:allied:20 goblin:allied:28 orc:conquered:36 dwarf:conquered:44,3,14,13,0,2,0,67,0,24258.2,22051.5,15197.3,1,6,1,0,4,0
base,perfect,smarter,18,won,43,43,,0,0,0,archmage:conquered:19 dwarf:allied:27 goblin:conquered:35 orc:conquered:43,3,19,18,0,2,0,68,0,23882.8,21727.4,14811.3,1,6,2,0,4,0
base,perfect,smarter,19,won,44,44,,0,0,0,goblin:allied:20 orc:allied:28 archmage:conquered:36 dwarf:conquered:44,3,18,17,0,2,0,68,0,24308.7,22098.1,15197.3,1,6,3,0,4,0
base,perfect,smarter,20,won,43,43,,0,0,0,archmage:abdicated:19 goblin:allied:27 orc:conquered:35 dwarf:conquered:43,3,19,18,0,2,0,66,0,23944.7,21782.1,14811.3,1,6,1,0,4,0
base,perfect,smarter,21,won,46,46,,0,0,0,orc:allied:22 goblin:conquered:30 archmage:conquered:38 dwarf:conquered:46,5,18,17,0,2,0,68,0,25580.6,23226.3,15969.3,1,6,1,0,5,0
base,perfect,smarter,22,won,44,44,,0,0,0,goblin:allied:20 orc:allied:28 archmage:conquered:36 dwarf:conquered:44,4,16,15,0,2,0,67,0,24322.1,22108.7,15197.3,1,6,2,0,3,0
base,perfect,smarter,23,won,44,44,,0,0,0,goblin:conquered:20 orc:allied:28 archmage:conquered:36 dwarf:conquered:44,3,18,17,0,2,0,71,0,24638.8,22405,15197.3,1,6,2,0,3,0
base,perfect,smarter,24,won,44,44,,0,0,0,archmage:allied:20 orc:allied:28 goblin:conquered:36 dwarf:conquered:44,4,17,16,0,2,0,71,0,24295.5,22072,15197.3,1,6,2,0,5,0
base,perfect,smarter,25,won,44,44,,0,0,0,goblin:allied:20 archmage:abdicated:28 orc:conquered:36 dwarf:conquered:44,4,18,17,0,2,0,70,0,24427,22203.5,15197.3,1,6,2,0,5,0
base,perfect,smarter,26,won,46,46,,0,0,0,goblin:allied:22 archmage:conquered:30 orc:conquered:38 dwarf:conquered:46,5,23,22,0,2,0,67,0,25572.6,23215.5,15969.3,1,6,1,0,5,0
base,perfect,smarter,27,won,44,44,,0,0,0,dwarf:allied:20 archmage:abdicated:28 goblin:conquered:36 orc:conquered:44,4,15,14,0,2,0,66,0,24301.3,22089.4,15197.3,1,6,1,0,4,0
base,perfect,smarter,28,won,46,46,,0,0,0,dwarf:allied:22 goblin:conquered:30 archmage:conquered:38 orc:conquered:46,3,20,19,0,2,0,67,0,25571,23199.1,15969.3,1,6,2,0,4,0
base,perfect,smarter,29,won,43,43,,0,0,0,archmage:abdicated:19 goblin:allied:27 orc:conquered:35 dwarf:conquered:43,3,18,17,0,2,0,68,0,23917.5,21754.6,14811.3,1,6,1,0,3,0
base,perfect,smarter,30,won,44,44,,0,0,0,goblin:allied:20 dwarf:allied:28 archmage:conquered:36 orc:conquered:44,4,19,18,0,2,0,69,0,24324.8,22107.9,15197.3,1,6,2,0,4,0
base,perfect,smarter,31,won,44,44,,0,0,0,goblin:allied:20 orc:allied:28 archmage:conquered:36 dwarf:conquered:44,4,17,15,0,2,0,70,0,24340.9,22124.3,15197.3,1,6,2,0,5,0
base,perfect,smarter,32,won,46,46,,0,0,0,archmage:conquered:22 goblin:conquered:30 orc:conquered:38 dwarf:conquered:46,3,19,18,0,2,0,68,0,25432.7,23072.5,15969.3,1,6,1,0,5,0
base,perfect,smarter,33,won,44,44,,0,0,0,goblin:conquered:20 orc:allied:28 archmage:conquered:36 dwarf:conquered:44,3,15,14,0,2,0,67,0,24600.3,22369.3,15197.3,1,6,2,0,4,0
base,perfect,smarter,34,won,45,45,,0,0,0,archmage:abdicated:21 goblin:allied:29 orc:conquered:37 dwarf:conquered:45,4,15,14,0,2,0,63,0,25098.4,22804.5,15583.3,1,6,7,0,4,0
base,perfect,smarter,35,won,44,44,,0,0,0,orc:allied:20 goblin:allied:28 archmage:conquered:36 dwarf:conquered:44,4,20,19,0,2,0,70,0,24325.7,22111.7,15197.3,1,6,1,0,5,0
base,perfect,smarter,36,won,44,44,,0,0,0,dwarf:allied:20 archmage:abdicated:28 goblin:conquered:36 orc:conquered:44,4,19,18,0,2,0,64,0,24340.8,22122.1,15197.3,1,6,1,0,4,0
base,perfect,smarter,37,won,46,46,,0,0,0,goblin:allied:22 archmage:conquered:30 orc:conquered:38 dwarf:conquered:46,4,17,16,0,2,0,68,1,25534.7,23179.2,15969.3,1,6,1,0,3,0
base,perfect,smarter,38,won,46,46,,0,0,0,goblin:allied:22 archmage:conquered:30 orc:conquered:38 dwarf:conquered:46,4,20,18,0,2,0,68,0,25514.1,23147,15969.3,1,6,2,0,5,0
base,perfect,smarter,39,won,44,44,,0,0,0,archmage:conquered:20 goblin:allied:28 orc:conquered:36 dwarf:conquered:44,4,20,19,0,2,0,68,0,24632.9,22400.1,15197.3,1,6,2,0,5,0
base,perfect,smarter,40,won,46,46,,0,0,0,goblin:allied:22 archmage:conquered:30 orc:conquered:38 dwarf:conquered:46,4,20,19,0,2,0,68,0,25583.1,23209.9,15969.3,1,6,1,0,4,0
base,perfect,smarter,41,won,44,44,,0,0,0,dwarf:allied:20 orc:allied:28 archmage:conquered:36 goblin:conquered:44,4,18,17,0,2,0,71,0,24281.6,22121.6,15197.3,1,6,1,0,5,0
base,perfect,smarter,42,won,45,45,,0,0,0,archmage:abdicated:21 goblin:allied:29 orc:conquered:37 dwarf:conquered:45,4,16,15,0,2,0,65,0,25055.9,22766.3,15583.3,1,6,1,0,5,0
base,perfect,smarter,43,won,43,43,,0,0,0,archmage:conquered:19 goblin:allied:27 orc:conquered:35 dwarf:conquered:43,4,20,18,0,2,0,69,1,23909.8,21750.3,14811.3,1,6,3,0,4,0
base,perfect,smarter,44,won,44,44,,0,0,0,goblin:allied:20 archmage:abdicated:28 orc:conquered:36 dwarf:conquered:44,3,18,17,0,2,0,67,0,24340.8,22122.6,15197.3,1,6,1,0,3,0
base,perfect,smarter,45,won,44,44,,0,0,0,goblin:allied:20 orc:allied:28 archmage:conquered:36 dwarf:conquered:44,3,17,16,0,2,0,67,0,24341.7,22124.4,15197.3,1,6,4,0,4,0
base,perfect,smarter,46,won,44,44,,0,0,0,archmage:conquered:20 goblin:allied:28 orc:conquered:36 dwarf:conquered:44,4,21,20,0,2,0,68,0,24597.5,22369.2,15197.3,1,6,2,0,5,0
base,perfect,smarter,47,won,46,46,,0,0,0,goblin:allied:22 archmage:conquered:30 orc:conquered:38 dwarf:conquered:46,4,18,17,0,2,0,67,0,25523.3,23173.2,15969.3,1,6,9,0,5,0
base,perfect,smarter,48,won,44,44,,0,0,0,archmage:conquered:20 goblin:allied:28 orc:conquered:36 dwarf:conquered:44,4,19,18,0,2,0,68,0,24681.4,22443.4,15197.3,1,6,2,0,6,0
base,perfect,smarter,49,won,44,44,,0,0,0,archmage:conquered:20 goblin:allied:28 orc:conquered:36 dwarf:conquered:44,4,17,16,0,2,0,67,0,24584.3,22352.4,15197.3,1,6,1,0,5,0
base,perfect,smarter,50,won,46,46,,0,0,0,goblin:allied:22 archmage:conquered:30 orc:conquered:38 dwarf:conquered:46,4,18,17,0,2,0,67,0,25450.2,23106.7,15969.3,1,6,2,0,4,0
base,perfect,smarter,51,won,46,46,,0,0,0,orc:allied:22 goblin:conquered:30 archmage:conquered:38 dwarf:conquered:46,4,15,14,0,2,0,64,0,25499.8,23153.1,15969.3,1,6,2,0,6,0
base,perfect,smarter,52,won,45,45,,0,0,0,goblin:conquered:21 archmage:allied:29 orc:conquered:37 dwarf:conquered:45,3,16,15,0,2,0,67,0,24996.6,22693.9,15583.3,1,6,1,0,6,0
base,perfect,smarter,53,won,45,45,,0,0,0,archmage:abdicated:21 orc:allied:29 goblin:conquered:37 dwarf:conquered:45,3,20,19,0,2,0,66,0,25005,22725.3,15583.3,1,6,7,0,5,0
base,perfect,smarter,54,won,44,44,,0,0,0,goblin:allied:20 dwarf:allied:28 archmage:conquered:36 orc:conquered:44,3,21,20,0,2,0,68,0,24304.5,22089.3,15197.3,1,6,2,0,4,0
base,perfect,smarter,55,won,44,44,,0,0,0,goblin:allied:20 archmage:abdicated:28 orc:conquered:36 dwarf:conquered:44,4,16,15,0,2,0,64,0,24342.1,22127.9,15197.3,1,6,1,0,3,0
base,perfect,smarter,56,won,43,43,,0,0,0,archmage:abdicated:19 dwarf:allied:27 goblin:conquered:35 orc:conquered:43,3,18,17,0,2,0,70,0,23866.7,21699.1,14811.3,1,6,1,0,3,0
base,perfect,smarter,57,won,44,44,,0,0,0,goblin:allied:20 orc:allied:28 archmage:conquered:36 dwarf:conquered:44,4,16,15,0,2,0,72,0,24392.4,22159.6,15197.3,1,6,2,0,5,0
base,perfect,smarter,58,won,45,45,,0,0,0,archmage:abdicated:21 goblin:allied:29 orc:conquered:37 dwarf:conquered:45,4,16,14,0,2,0,65,0,24985.2,22700.2,15583.3,1,6,4,0,3,0
base,perfect,smarter,59,won,43,43,,0,0,0,archmage:conquered:19 goblin:allied:27 orc:conquered:35 dwarf:conquered:43,3,20,19,0,2,0,70,0,23854.8,21703.1,14811.3,1,6,1,0,3,0
base,perfect,smarter,60,won,45,45,,0,0,0,archmage:abdicated:21 goblin:allied:29 orc:conquered:37 dwarf:conquered:45,4,19,18,0,2,0,65,0,25031.5,22745.7,15583.3,1,6,1,0,5,0
base,perfect,smarter,61,won,44,44,,0,0,0,goblin:allied:20 archmage:abdicated:28 orc:conquered:36 dwarf:conquered:44,3,16,15,0,2,0,67,0,24371.4,22153.8,15197.3,1,6,2,0,3,0
base,perfect,smarter,62,won,46,46,,0,0,0,goblin:allied:22 archmage:conquered:30 orc:conquered:38 dwarf:conquered:46,4,17,14,0,2,0,67,0,25526,23174.1,15969.3,1,6,1,0,5,0
base,perfect,smarter,63,won,46,46,,0,0,0,archmage:conquered:22 goblin:conquered:30 orc:conquered:38 dwarf:conquered:46,4,17,16,0,2,0,67,0,25509.7,23142.9,15969.3,1,6,1,0,4,0
base,perfect,smarter,64,won,44,44,,0,0,0,dwarf:allied:20 orc:allied:28 goblin:conquered:36 archmage:conquered:44,3,18,17,0,2,0,72,1,24297.2,22071.7,15197.3,1,6,5,0,5,0
base,perfect,smarter,65,won,44,44,,0,0,0,goblin:allied:20 archmage:abdicated:28 orc:conquered:36 dwarf:conquered:44,4,17,16,0,2,0,68,0,24307.2,22092.1,15197.3,1,6,1,0,5,0
base,perfect,smarter,66,won,46,46,,0,0,0,goblin:allied:22 archmage:conquered:30 orc:conquered:38 dwarf:conquered:46,5,17,16,0,2,0,67,0,25539.5,23186.9,15969.3,1,6,3,0,5,0
base,perfect,smarter,67,won,44,44,,0,0,0,goblin:allied:20 orc:allied:28 archmage:conquered:36 dwarf:conquered:44,3,18,17,0,2,0,69,1,24393.7,22170.6,15197.3,1,6,2,0,4,0
base,perfect,smarter,68,won,45,45,,0,0,0,archmage:abdicated:21 goblin:allied:29 orc:conquered:37 dwarf:conquered:45,4,15,14,0,2,0,63,0,25116.6,22820.9,15583.3,1,6,1,0,4,0
base,perfect,smarter,69,won,44,44,,0,0,0,goblin:allied:20 orc:allied:28 archmage:conquered:36 dwarf:conquered:44,3,21,20,0,2,0,68,0,24352.4,22135.7,15197.3,1,6,1,0,5,0
base,perfect,smarter,70,won,46,46,,0,0,0,archmage:conquered:22 goblin:conquered:30 orc:conquered:38 dwarf:conquered:46,4,21,19,0,2,0,69,0,25499,23134.2,15969.3,1,6,3,0,4,0
base,perfect,smarter,71,won,44,44,,0,0,0,goblin:allied:20 orc:allied:28 archmage:conquered:36 dwarf:conquered:44,3,20,19,0,2,0,68,0,24356.8,22139.3,15197.3,1,6,1,0,4,0
base,perfect,smarter,72,won,45,45,,0,0,0,archmage:abdicated:21 goblin:allied:29 orc:conquered:37 dwarf:conquered:45,4,15,14,0,2,0,65,0,25061.7,22774.5,15583.3,1,6,1,0,4,0
base,perfect,smarter,73,won,46,46,,0,0,0,goblin:allied:22 archmage:conquered:30 orc:conquered:38 dwarf:conquered:46,4,19,18,0,2,0,68,0,25533.4,23165.7,15969.3,1,6,1,0,5,0
base,perfect,smarter,74,won,44,44,,0,0,0,goblin:conquered:20 orc:allied:28 archmage:conquered:36 dwarf:conquered:44,4,18,17,0,2,0,68,0,24626.6,22393.9,15197.3,1,6,2,0,5,0
base,perfect,smarter,75,won,44,44,,0,0,0,goblin:conquered:20 orc:allied:28 archmage:conquered:36 dwarf:conquered:44,4,16,15,0,2,0,67,0,24491.9,22269.4,15197.3,1,6,1,0,6,0
base,perfect,smarter,76,won,45,45,,0,0,0,archmage:abdicated:21 orc:allied:29 goblin:conquered:37 dwarf:conquered:45,4,17,16,0,2,0,65,0,25097.4,22805.5,15583.3,1,6,1,0,6,0
base,perfect,smarter,77,won,44,44,,0,0,0,goblin:allied:20 archmage:abdicated:28 orc:conquered:36 dwarf:conquered:44,4,17,16,0,2,0,65,0,24291.8,22081.8,15197.3,1,6,1,0,4,0
base,perfect,smarter,78,won,43,43,,0,0,0,archmage:conquered:19 goblin:allied:27 orc:conquered:35 dwarf:conquered:43,3,19,17,0,2,0,67,0,23477.7,21376.1,14811.3,1,6,4,0,4,0
base,perfect,smarter,79,won,46,46,,0,0,0,orc:allied:22 archmage:conquered:30 goblin:conquered:38 dwarf:conquered:46,5,15,14,0,2,0,66,0,25551.1,23195.6,15969.3,1,6,1,0,6,0
base,perfect,smarter,80,won,44,44,,0,0,0,archmage:conquered:20 goblin:allied:28 orc:conquered:36 dwarf:conquered:44,3,16,15,0,2,0,70,0,24590.3,22347.8,15197.3,1,6,8,0,5,0
base,perfect,smarter,81,won,44,44,,0,0,0,dwarf:allied:20 archmage:abdicated:28 goblin:conquered:36 orc:conquered:44,3,18,17,0,2,0,64,0,24398.6,22177.1,15197.3,1,6,2,0,4,0
base,perfect,smarter,82,won,44,44,,0,0,0,goblin:allied:20 dwarf:allied:28 archmage:conquered:36 orc:conquered:44,4,22,21,0,2,0,68,0,24355.8,22138.8,15197.3,1,6,1,0,4,0
base,perfect,smarter,83,won,46,46,,0,0,0,goblin:allied:22 archmage:conquered:30 orc:conquered:38 dwarf:conquered:46,4,23,22,0,2,0,68,0,25609.9,23235.1,15969.3,1,6,2,0,6,0
base,perfect,smarter,84,won,44,44,,0,0,0,dwarf:allied:20 orc:allied:28 goblin:conquered:36 archmage:conquered:44,3,18,17,0,2,0,66,0,24359.3,22139.9,15197.3,1,6,1,0,4,0
base,perfect,smarter,85,won,44,44,,0,0,0,goblin:allied:20 dwarf:allied:28 archmage:conquered:36 orc:conquered:44,3,19,18,0,2,0,66,0,24328.1,22112.7,15197.3,1,6,2,0,5,0
base,perfect,smarter,86,won,46,46,,0,0,0,goblin:allied:22 archmage:conquered:30 orc:conquered:38 dwarf:conquered:46,5,20,19,0,2,0,67,0,25565.8,23201.5,15969.3,1,6,5,0,5,0
base,perfect,smarter,87,won,44,44,,0,0,0,goblin:conquered:20 dwarf:allied:28 archmage:conquered:36 orc:conquered:44,3,18,17,0,2,0,68,0,24637.7,22401.4,15197.3,1,6,2,0,5,0
base,perfect,smarter,88,won,44,44,,0,0,0,goblin:allied:20 dwarf:allied:28 archmage:conquered:36 orc:conquered:44,3,20,19,0,2,0,70,0,24369,22151.2,15197.3,1,6,1,0,3,0
base,perfect,smarter,89,won,46,46,,0,0,0,orc:allied:22 archmage:conquered:30 goblin:conquered:38 dwarf:conquered:46,4,21,20,0,2,0,68,1,25537.7,23183.3,15969.3,1,6,1,0,5,0
base,perfect,smarter,90,won,44,44,,0,0,0,archmage:conquered:20 orc:allied:28 goblin:conquered:36 dwarf:conquered:44,4,20,19,0,2,0,68,0,24631.5,22388.4,15197.3,1,6,2,0,5,0
base,perfect,smarter,91,won,43,43,,0,0,0,goblin:conquered:19 dwarf:allied:27 archmage:conquered:35 orc:conquered:43,4,17,16,0,2,0,70,0,23868.1,21713.4,14811.3,1,6,1,0,5,0
base,perfect,smarter,92,won,46,46,,0,0,0,goblin:allied:22 archmage:conquered:30 orc:conquered:38 dwarf:conquered:46,5,18,16,0,2,0,68,0,25498,23148.5,15969.3,1,6,2,0,5,0
base,perfect,smarter,93,won,46,46,,0,0,0,goblin:allied:22 archmage:conquered:30 orc:conquered:38 dwarf:conquered:46,4,21,19,0,2,0,68,0,25595.2,23217.6,15969.3,1,6,1,0,5,0
base,perfect,smarter,94,won,43,43,,0,0,0,archmage:abdicated:19 dwarf:allied:27 goblin:conquered:35 orc:conquered:43,3,21,20,0,2,0,66,0,23835,21686.1,14811.3,1,6,4,0,3,0
base,perfect,smarter,95,won,44,44,,0,0,0,goblin:allied:20 archmage:abdicated:28 orc:conquered:36 dwarf:conquered:44,4,14,13,0,2,0,66,0,24367.8,22147.3,15197.3,1,6,2,0,6,0
base,perfect,smarter,96,won,43,43,,0,0,0,goblin:conquered:19 dwarf:allied:27 archmage:conquered:35 orc:conquered:43,4,18,17,0,2,0,70,0,23898,21740.1,14811.3,1,6,1,0,5,0
base,perfect,smarter,97,won,44,44,,0,0,0,archmage:allied:20 orc:allied:28 goblin:conquered:36 dwarf:conquered:44,3,13,12,0,2,0,71,0,24286.7,22062.8,15197.3,1,6,1,0,3,0
base,perfect,smarter,98,won,46,46,,0,0,0,goblin:allied:22 archmage:conquered:30 orc:conquered:38 dwarf:conquered:46,5,20,19,0,2,0,68,0,25554,23200.9,15969.3,1,6,4,0,5,0
base,perfect,smarter,99,won,44,44,,0,0,0,goblin:allied:20 orc:allied:28 archmage:conquered:36 dwarf:conquered:44,3,22,21,0,2,0,68,0,24408.5,22186.3,15197.3,1,6,1,0,4,0
base,perfect,smarter,100,won,46,46,,0,0,0,goblin:allied:22 archmage:conquered:30 orc:conquered:38 dwarf:conquered:46,4,20,19,0,2,0,68,0,25608.4,23235,15969.3,1,6,1,0,6,0
base,perfect,smarter,101,won,43,43,,0,0,0,archmage:abdicated:19 goblin:allied:27 orc:conquered:35 dwarf:conquered:43,3,17,16,0,2,0,65,0,23856.1,21704.3,14811.3,1,6,1,0,4,0
base,perfect,smarter,102,won,46,46,,0,0,0,goblin:allied:22 archmage:conquered:30 orc:conquered:38 dwarf:conquered:46,4,16,15,0,2,0,65,0,25494.4,23145,15969.3,1,6,1,0,5,0
base,perfect,smarter,103,won,45,45,,0,0,0,archmage:abdicated:21 goblin:allied:29 orc:conquered:37 dwarf:conquered:45,3,18,17,0,2,0,65,0,25068.3,22775.2,15583.3,1,6,2,0,5,0
base,perfect,smarter,104,won,43,43,,0,0,0,goblin:conquered:19 orc:allied:27 archmage:conquered:35 dwarf:conquered:43,4,15,14,0,2,0,67,0,23892.2,21732.3,14811.3,1,6,2,0,3,0
base,perfect,smarter,105,won,46,46,,0,0,0,goblin:allied:22 archmage:conquered:30 orc:conquered:38 dwarf:conquered:46,5,16,15,0,2,0,67,1,25490.7,23145.1,15969.3,1,6,1,0,5,0
base,perfect,smarter,106,won,46,46,,0,0,0,goblin:allied:22 archmage:conquered:30 orc:conquered:38 dwarf:conquered:46,4,17,15,0,2,0,66,0,25559.5,23207.3,15969.3,1,6,2,0,3,0
base,perfect,smarter,107,won,44,44,,0,0,0,goblin:allied:20 dwarf:allied:28 archmage:conquered:36 orc:conquered:44,3,19,18,0,2,0,67,0,24342.4,22125.5,15197.3,1,6,2,0,4,0
base,perfect,smarter,108,won,43,43,,0,0,0,archmage:abdicated:19 goblin:allied:27 orc:conquered:35 dwarf:conquered:43,3,18,17,0,2,0,65,0,23929.3,21769.3,14811.3,1,6,2,0,5,0
base,perfect,smarter,109,won,43,43,,0,0,0,dwarf:abdicated:19 goblin:allied:27 archmage:conquered:35 orc:conquered:43,3,18,16,0,2,0,70,0,23918.3,21721,14811.3,1,6,2,0,5,0
base,perfect,smarter,110,won,46,46,,0,0,0,goblin:allied:22 dwarf:allied:30 orc:allied:38 archmage:allied:46,4,14,12,0,2,0,66,0,25803.5,23413,15969.3,1,6,1,0,3,0
base,perfect,smarter,111,won,46,46,,0,0,0,goblin:allied:22 archmage:conquered:30 orc:conquered:38 dwarf:conquered:46,5,16,15,0,2,0,67,0,25450.9,23106.6,15969.3,1,6,1,0,5,0
base,perfect,smarter,112,won,45,45,,0,0,0,archmage:abdicated:21 goblin:allied:29 orc:conquered:37 dwarf:conquered:45,4,16,15,0,2,0,65,0,25010.6,22726.4,15583.3,1,6,1,0,5,0
base,perfect,smarter,113,won,44,44,,0,0,0,goblin:allied:20 archmage:abdicated:28 orc:conquered:36 dwarf:conquered:44,3,18,17,0,2,0,71,0,24315.3,22089.7,15197.3,1,6,2,0,5,0
base,perfect,smarter,114,won,46,46,,0,0,0,goblin:allied:22 archmage:conquered:30 orc:conquered:38 dwarf:conquered:46,4,17,16,0,2,0,67,0,25589.4,23233.9,15969.3,1,6,8,0,3,0
base,perfect,smarter,115,won,46,46,,0,0,0,goblin:allied:22 archmage:conquered:30 orc:conquered:38 dwarf:conquered:46,5,18,17,0,2,0,66,0,25439.2,23095.1,15969.3,1,6,1,0,6,0
base,perfect,smarter,116,won,44,44,,0,0,0,goblin:conquered:20 orc:allied:28 archmage:conquered:36 dwarf:conquered:44,4,16,16,0,2,0,68,0,24568.9,22343.5,15197.3,1,6,3,0,6,0
base,perfect,smarter,117,won,46,46,,0,0,0,goblin:allied:22 archmage:conquered:30 orc:conquered:38 dwarf:conquered:46,5,16,15,0,2,0,66,0,25495.3,23148.6,15969.3,1,6,1,0,5,0
base,perfect,smarter,118,won,45,45,,0,0,0,archmage:abdicated:21 goblin:allied:29 orc:conquered:37 dwarf:conquered:45,4,19,18,0,2,0,66,0,24979,22699.5,15583.3,1,6,1,0,5,0
base,perfect,smarter,119,won,44,44,,0,0,0,dwarf:allied:20 goblin:allied:28 archmage:conquered:36 orc:conquered:44,4,20,19,0,2,0,66,0,24387.3,22156.1,15197.3,1,6,1,0,4,0
base,perfect,smarter,120,won,46,46,,0,0,0,goblin:allied:22 archmage:conquered:30 orc:conquered:38 dwarf:conquered:46,5,19,17,0,2,0,68,0,25484.8,23134.7,15969.3,1,6,1,0,5,0
base,perfect,smarter,121,won,44,44,,0,0,0,dwarf:allied:20 archmage:abdicated:28 goblin:conquered:36 orc:conquered:44,3,19,18,0,2,0,65,0,24403.2,22180.1,15197.3,1,6,1,0,5,0
base,perfect,smarter,122,won,44,44,,0,0,0,goblin:allied:20 archmage:abdicated:28 orc:conquered:36 dwarf:conquered:44,4,18,17,0,2,0,71,0,24322.7,22097.1,15197.3,1,6,2,0,5,0
base,perfect,smarter,123,won,46,46,,0,0,0,goblin:conquered:22 archmage:conquered:30 orc:conquered:38 dwarf:conquered:46,4,20,19,0,2,0,67,0,25565.5,23185.7,15969.3,1,6,5,0,4,0
base,perfect,smarter,124,won,46,46,,0,0,0,goblin:allied:22 archmage:conquered:30 orc:conquered:38 dwarf:conquered:46,4,19,17,0,2,0,66,0,25504.3,23139.5,15969.3,1,6,2,0,4,0
base,perfect,smarter,125,won,44,44,,0,0,0,goblin:allied:20 orc:allied:28 archmage:conquered:36 dwarf:conquered:44,4,18,17,0,2,0,68,0,24276,22064.8,15197.3,1,6,1,0,4,0
base,perfect,smarter,126,won,44,44,,0,0,0,goblin:allied:20 orc:allied:28 archmage:conquered:36 dwarf:conquered:44,4,21,20,0,2,0,68,0,24320,22103.8,15197.3,1,6,1,0,5,0
base,perfect,smarter,127,won,43,43,,0,0,0,archmage:conquered:19 goblin:allied:27 orc:conquered:35 dwarf:conquered:43,3,20,19,0,2,0,70,0,23901.6,21743.2,14811.3,1,6,1,0,4,0
base,perfect,smarter,128,won,44,44,,0,0,0,goblin:conquered:20 orc:allied:28 archmage:conquered:36 dwarf:conquered:44,3,18,17,0,2,0,67,0,24617.7,22384.1,15197.3,1,6,3,0,5,0
base,perfect,smarter,129,won,45,45,,0,0,0,archmage:abdicated:21 orc:allied:29 goblin:conquered:37 dwarf:conquered:45,4,18,17,0,2,0,65,0,25034.6,22746.9,15583.3,1,6,2,0,5,0
base,perfect,smarter,130,won,46,46,,0,0,0,goblin:allied:22 archmage:conquered:30 orc:conquered:38 dwarf:conquered:46,4,18,17,0,2,0,66,0,25529.5,23160.9,15969.3,1,6,2,0,6,0
base,perfect,smarter,131,won,46,46,,0,0,0,goblin:allied:22 archmage:conquered:30 orc:conquered:38 dwarf:conquered:46,5,16,15,0,2,0,67,0,25626.4,23268,15969.3,1,6,2,0,4,0
base,perfect,smarter,132,won,44,44,,0,0,0,dwarf:allied:20 archmage:abdicated:28 goblin:conquered:36 orc:conquered:44,4,15,14,0,2,0,64,0,24407.5,22184.5,15197.3,1,6,1,0,4,0
base,perfect,smarter,133,won,44,44,,0,0,0,goblin:allied:20 archmage:abdicated:28 orc:conquered:36 dwarf:conquered:44,4,15,13,0,2,0,67,0,24440.7,22216.4,15197.3,1,6,1,0,3,0
base,perfect,smarter,134,won,45,45,,0,0,0,archmage:abdicated:21 goblin:allied:29 orc:conquered:37 dwarf:conquered:45,4,21,20,0,2,0,66,0,25072,22782.6,15583.3,1,6,2,0,4,0
base,perfect,smarter,135,won,43,43,,0,0,0,archmage:conquered:19 goblin:allied:27 orc:conquered:35 dwarf:conquered:43,3,20,19,0,2,0,74,0,23924.4,21751.6,14811.3,1,6,2,0,5,0
base,perfect,smarter,136,won,45,45,,0,0,0,archmage:abdicated:21 goblin:allied:29 orc:conquered:37 dwarf:conquered:45,4,17,16,0,2,0,66,0,25091,22798,15583.3,1,6,2,0,4,0
base,perfect,smarter,137,won,44,44,,0,0,0,archmage:conquered:20 goblin:allied:28 orc:conquered:36 dwarf:conquered:44,3,18,16,0,2,0,71,1,24612.2,22380.4,15197.3,1,6,1,0,5,0
base,perfect,smarter,138,won,46,46,,0,0,0,goblin:allied:22 archmage:conquered:30 orc:conquered:38 dwarf:conquered:46,4,23,22,0,2,0,68,0,25556.3,23200.2,15969.3,1,6,1,0,3,0
base,perfect,smarter,139,won,44,44,,0,0,0,goblin:allied:20 archmage:abdicated:28 orc:conquered:36 dwarf:conquered:44,4,15,14,0,2,0,64,0,24439.1,22215,15197.3,1,6,1,0,4,0
base,perfect,smarter,140,won,44,44,,0,0,0,archmage:allied:20 orc:allied:28 goblin:conquered:36 dwarf:conquered:44,4,16,15,0,2,0,65,0,24345,22128.3,15197.3,1,6,1,0,4,0
base,perfect,smarter,141,won,44,44,,0,0,0,archmage:conquered:20 goblin:allied:28 orc:conquered:36 dwarf:conquered:44,3,15,14,0,2,0,70,1,24537.9,22314.1,15197.3,1,6,1,0,4,0
base,perfect,smarter,142,won,46,46,,0,0,0,goblin:allied:22 archmage:conquered:30 orc:conquered:38 dwarf:conquered:46,5,16,14,0,2,0,66,0,25528.7,23176,15969.3,0.999,6,2,0,6,0
base,perfect,smarter,143,won,44,44,,0,0,0,dwarf:allied:20 archmage:abdicated:28 goblin:conquered:36 orc:conquered:44,3,14,13,0,2,0,64,0,24373.6,22154.2,15197.3,1,6,1,0,4,0
base,perfect,smarter,144,won,46,46,,0,0,0,goblin:allied:22 archmage:conquered:30 orc:conquered:38 dwarf:conquered:46,5,17,16,0,2,0,67,0,25490.5,23142.6,15969.3,1,6,1,0,4,0
base,perfect,smarter,145,won,45,45,,0,0,0,archmage:abdicated:21 goblin:allied:29 orc:conquered:37 dwarf:conquered:45,4,19,17,0,2,0,66,0,25010.1,22724.7,15583.3,1,6,1,0,5,0
base,perfect,smarter,146,won,43,43,,0,0,0,goblin:conquered:19 dwarf:allied:27 archmage:conquered:35 orc:conquered:43,4,18,16,0,2,0,67,0,23889.3,21730,14811.3,1,6,2,0,3,0
base,perfect,smarter,147,won,46,46,,0,0,0,goblin:allied:22 archmage:conquered:30 orc:conquered:38 dwarf:conquered:46,4,20,18,0,2,0,64,0,25561.6,23205.7,15969.3,1,6,2,0,5,0
base,perfect,smarter,148,won,44,44,,0,0,0,archmage:allied:20 goblin:allied:28 orc:conquered:36 dwarf:conquered:44,4,22,21,0,2,0,67,0,24372.5,22145.2,15197.3,1,6,4,0,4,0
base,perfect,smarter,149,won,44,44,,0,0,0,orc:allied:20 goblin:allied:28 archmage:conquered:36 dwarf:conquered:44,3,14,12,0,2,0,66,1,24348.6,22131.4,15197.3,1,6,1,0,4,0
base,perfect,smarter,150,won,44,44,,0,0,0,archmage:conquered:20 goblin:allied:28 orc:conquered:36 dwarf:conquered:44,3,17,16,0,2,0,70,0,24605.2,22376.4,15197.3,1,6,1,0,3,0
base,perfect,smarter,151,won,44,44,,0,0,0,goblin:allied:20 archmage:abdicated:28 orc:conquered:36 dwarf:conquered:44,3,15,14,0,2,0,65,0,24371.1,22150.9,15197.3,1,6,2,0,5,0
base,perfect,smarter,152,won,44,44,,0,0,0,archmage:abdicated:20 goblin:allied:28 orc:conquered:36 dwarf:conquered:44,3,17,16,0,2,0,66,0,24641.1,22394.6,15197.3,1,6,2,0,4,0
base,perfect,smarter,153,won,44,44,,0,0,0,goblin:allied:20 dwarf:allied:28 archmage:conquered:36 orc:conquered:44,3,20,18,0,2,0,69,0,24436.4,22184.3,15197.3,1,6,1,0,4,0
base,perfect,smarter,154,won,44,44,,0,0,0,archmage:conquered:20 goblin:allied:28 orc:conquered:36 dwarf:conquered:44,4,21,18,0,2,0,69,0,24594.9,22364.8,15197.3,1,6,2,0,5,0
base,perfect,smarter,155,won,46,46,,0,0,0,orc:allied:22 goblin:conquered:30 archmage:conquered:38 dwarf:conquered:46,4,14,13,0,2,0,66,0,25480.7,23132.9,15969.3,1,6,4,0,5,0
base,perfect,smarter,156,won,46,46,,0,0,0,goblin:allied:22 archmage:conquered:30 orc:conquered:38 dwarf:conquered:46,5,17,16,0,2,0,66,0,25502.5,23155.8,15969.3,1,6,2,0,5,0
base,perfect,smarter,157,won,46,46,,0,0,0,goblin:allied:22 archmage:conquered:30 orc:conquered:38 dwarf:conquered:46,3,18,17,0,2,0,66,0,25511.2,23160.3,15969.3,1,6,7,0,5,0
base,perfect,smarter,158,won,43,43,,0,0,0,goblin:conquered:19 archmage:allied:27 orc:conquered:35 dwarf:conquered:43,3,20,19,0,2,0,68,0,23915.5,21754.5,14811.3,1,6,1,0,4,0
base,perfect,smarter,159,won,43,43,,0,0,0,archmage:conquered:19 goblin:allied:27 orc:conquered:35 dwarf:conquered:43,4,21,20,0,2,0,68,0,23911.7,21753.4,14811.3,1,6,1,0,4,0
base,perfect,smarter,160,won,44,44,,0,0,0,dwarf:allied:20 archmage:allied:28 goblin:conquered:36 orc:conquered:44,4,16,15,0,2,0,71,0,24353.2,22120.7,15197.3,1,6,5,0,4,0
base,perfect,smarter,161,won,44,44,,0,0,0,dwarf:allied:20 orc:allied:28 archmage:conquered:36 goblin:conquered:44,4,19,17,0,2,0,68,0,24368,22201.1,15197.3,1,6,2,0,3,0
base,perfect,smarter,162,won,46,46,,0,0,0,goblin:allied:22 archmage:conquered:30 orc:conquered:38 dwarf:conquered:46,5,20,18,0,2,0,68,0,25578.7,23222.4,15969.3,1,6,1,0,5,0
base,perfect,smarter,163,won,46,46,,0,0,0,goblin:allied:22 archmage:conquered:30 orc:conquered:38 dwarf:conquered:46,5,20,19,0,2,0,68,0,25493,23142.8,15969.3,1,6,1,0,5,0
base,perfect,smarter,164,won,45,45,,0,0,0,archmage:abdicated:21 goblin:allied:29 orc:conquered:37 dwarf:conquered:45,4,17,15,0,2,0,65,0,25032.6,22743.5,15583.3,1,6,2,0,5,0
base,perfect,smarter,165,won,43,43,,0,0,0,goblin:conquered:19 dwarf:allied:27 archmage:conquered:35 orc:conquered:43,4,19,18,0,2,0,70,0,23829,21678.2,14811.3,1,6,1,0,3,0
base,perfect,smarter,166,won,44,44,,0,0,0,archmage:abdicated:20 dwarf:allied:28 goblin:conquered:36 orc:conquered:44,3,18,16,0,2,0,69,0,24563.9,22336.3,15197.3,1,6,2,0,4,0
base,perfect,smarter,167,won,44,44,,0,0,0,archmage:allied:20 orc:allied:28 goblin:conquered:36 dwarf:conquered:44,3,17,15,0,2,0,65,0,24295.4,22084.9,15197.3,1,6,1,0,4,0
base,perfect,smarter,168,won,46,46,,0,0,0,goblin:allied:22 archmage:conquered:30 orc:conquered:38 dwarf:conquered:46,4,18,17,0,2,0,70,0,25596.4,23241.8,15969.3,1,6,2,0,3,0
base,perfect,smarter,169,won,44,44,,0,0,0,goblin:allied:20 orc:allied:28 archmage:conquered:36 dwarf:conquered:44,3,19,18,0,2,0,65,0,24372.6,22142.8,15197.3,1,6,2,0,4,0
base,perfect,smarter,170,won,44,44,,0,0,0,goblin:allied:20 dwarf:allied:28 archmage:conquered:36 orc:conquered:44,3,18,17,0,2,0,69,0,24359.4,22144.4,15197.3,1,6,6,0,3,0
base,perfect,smarter,171,won,44,44,,0,0,0,orc:allied:20 dwarf:allied:28 goblin:conquered:36 archmage:conquered:44,4,18,17,0,2,0,68,0,24304.6,22089.5,15197.3,1,6,4,0,3,0
base,perfect,smarter,172,won,45,45,,0,0,0,archmage:abdicated:21 goblin:allied:29 orc:conquered:37 dwarf:conquered:45,3,18,16,0,2,0,66,0,25105.8,22807.8,15583.3,1,6,2,0,4,0
base,perfect,smarter,173,won,46,46,,0,0,0,goblin:allied:22 archmage:conquered:30 orc:conquered:38 dwarf:conquered:46,4,19,18,0,2,0,68,0,25500.6,23152.5,15969.3,1,6,2,0,5,0
base,perfect,smarter,174,won,45,45,,0,0,0,archmage:abdicated:21 goblin:allied:29 orc:conquered:37 dwarf:conquered:45,4,18,17,0,2,0,65,0,25009.7,22723.7,15583.3,1,6,2,0,3,0
base,perfect,smarter,175,won,45,45,,0,0,0,archmage:abdicated:21 goblin:allied:29 orc:conquered:37 dwarf:conquered:45,4,22,19,0,2,0,66,0,25025.6,22737.4,15583.3,1,6,1,0,5,0
base,perfect,smarter,176,won,44,44,,0,0,0,archmage:conquered:20 orc:allied:28 goblin:conquered:36 dwarf:conquered:44,4,15,14,0,2,0,67,0,24516.4,22292.8,15197.3,1,6,1,0,5,0
base,perfect,smarter,177,won,44,44,,0,0,0,dwarf:allied:20 goblin:allied:28 archmage:conquered:36 orc:conquered:44,3,18,17,0,2,0,66,0,24380.4,22162.5,15197.3,1,6,2,0,4,0
base,perfect,smarter,178,won,44,44,,0,0,0,archmage:allied:20 orc:allied:28 goblin:conquered:36 dwarf:conquered:44,3,18,17,0,2,0,67,0,24424.8,22199.6,15197.3,1,6,1,0,4,0
base,perfect,smarter,179,won,46,46,,0,0,0,goblin:allied:22 archmage:conquered:30 orc:conquered:38 dwarf:conquered:46,4,18,17,0,2,0,67,0,25646.5,23286.4,15969.3,1,6,2,0,4,0
base,perfect,smarter,180,won,46,46,,0,0,0,goblin:allied:22 archmage:conquered:30 orc:conquered:38 dwarf:conquered:46,5,16,15,0,2,0,67,0,25516.8,23167.9,15969.3,1,6,1,0,4,0
base,perfect,smarter,181,won,46,46,,0,0,0,goblin:allied:22 archmage:conquered:30 orc:conquered:38 dwarf:conquered:46,5,18,17,0,2,0,66,0,25594.9,23238.8,15969.3,1,6,2,0,5,0
base,perfect,smarter,182,won,46,46,,0,0,0,goblin:allied:22 archmage:conquered:30 orc:conquered:38 dwarf:conquered:46,4,17,16,0,2,0,66,0,25500.1,23150,15969.3,1,6,2,0,6,0
base,perfect,smarter,183,won,44,44,,0,0,0,archmage:allied:20 orc:allied:28 goblin:conquered:36 dwarf:conquered:44,3,17,15,0,2,0,66,0,24285.4,22072.1,15197.3,1,6,2,0,3,0
base,perfect,smarter,184,won,46,46,,0,0,0,goblin:allied:22 archmage:conquered:30 orc:conquered:38 dwarf:conquered:46,4,19,18,0,2,0,68,0,25533.7,23181,15969.3,1,6,5,0,4,0
base,perfect,smarter,185,won,44,44,,0,0,0,goblin:conquered:20 dwarf:allied:28 archmage:conquered:36 orc:conquered:44,4,18,18,0,2,0,68,0,24542.4,22319.2,15197.3,1,6,1,0,4,0
base,perfect,smarter,186,won,44,44,,0,0,0,dwarf:allied:20 archmage:allied:28 goblin:conquered:36 orc:conquered:44,4,18,17,0,2,0,66,0,24335.9,22117.6,15197.3,1,6,2,0,4,0
base,perfect,smarter,187,won,46,46,,0,0,0,goblin:allied:22 archmage:conquered:30 orc:conquered:38 dwarf:conquered:46,4,21,20,0,2,0,68,0,25548.4,23178.8,15969.3,1,6,1,0,4,0
base,perfect,smarter,188,won,46,46,,0,0,0,goblin:allied:22 archmage:conquered:30 orc:conquered:38 dwarf:conquered:46,3,18,17,0,2,0,66,0,25535.7,23169,15969.3,1,6,1,0,4,0
base,perfect,smarter,189,won,44,44,,0,0,0,goblin:allied:20 orc:allied:28 archmage:conquered:36 dwarf:conquered:44,3,17,16,0,2,0,68,0,24357.9,22137.7,15197.3,1,6,2,0,4,0
base,perfect,smarter,190,won,44,44,,0,0,0,goblin:allied:20 orc:allied:28 archmage:conquered:36 dwarf:conquered:44,3,21,20,0,2,0,69,1,24261.6,22053.4,15197.3,1,6,2,0,4,0
base,perfect,smarter,191,won,44,44,,0,0,0,goblin:allied:20 dwarf:allied:28 archmage:conquered:36 orc:conquered:44,3,19,17,0,2,0,68,0,24307.6,22095.4,15197.3,1,6,2,0,4,0
base,perfect,smarter,192,won,45,45,,0,0,0,archmage:abdicated:21 goblin:allied:29 orc:conquered:37 dwarf:conquered:45,4,22,21,0,2,0,66,0,25158.9,22858.2,15583.3,1,6,6,0,4,0
base,perfect,smarter,193,won,46,46,,0,0,0,goblin:allied:22 archmage:conquered:30 orc:conquered:38 dwarf:conquered:46,4,21,19,0,2,0,68,0,25572.9,23204.2,15969.3,1,6,2,0,5,0
base,perfect,smarter,194,won,44,44,,0,0,0,archmage:conquered:20 goblin:allied:28 orc:conquered:36 dwarf:conquered:44,3,15,14,0,2,0,68,0,24627.7,22397.1,15197.3,1,6,1,0,4,0
base,perfect,smarter,195,won,44,44,,0,0,0,goblin:allied:20 orc:allied:28 archmage:conquered:36 dwarf:conquered:44,3,17,16,0,2,0,68,0,24278.8,22066.1,15197.3,1,6,2,0,4,0
base,perfect,smarter,196,won,44,44,,0,0,0,dwarf:allied:20 archmage:abdicated:28 goblin:conquered:36 orc:conquered:44,4,17,16,0,2,0,66,2,24349.2,22128.8,15197.3,1,6,1,0,4,0
base,perfect,smarter,197,won,44,44,,0,0,0,goblin:allied:20 archmage:abdicated:28 orc:conquered:36 dwarf:conquered:44,3,14,13,0,2,0,66,0,24433.7,22213.2,15197.3,1,6,1,0,3,0
base,perfect,smarter,198,won,44,44,,0,0,0,archmage:allied:20 dwarf:abdicated:28 goblin:conquered:36 orc:conquered:44,3,15,14,0,2,0,64,0,24309.6,22093.8,15197.3,1,6,1,0,4,0
base,perfect,smarter,199,won,44,44,,0,0,0,goblin:allied:20 dwarf:allied:28 archmage:conquered:36 orc:conquered:44,3,19,18,0,2,0,68,0,24344.1,22122.2,15197.3,1,6,2,0,5,0
base,perfect,smarter,200,won,44,44,,0,0,0,archmage:allied:20 orc:allied:28 goblin:conquered:36 dwarf:conquered:44,3,16,15,0,2,0,65,0,24388.7,22167.8,15197.3,1,6,2,0,4,0
base,perfect,smarter,201,won,44,44,,0,0,0,archmage:allied:20 orc:allied:28 goblin:conquered:36 dwarf:conquered:44,4,16,15,0,2,0,73,0,24333.3,22104.6,15197.3,1,6,2,0,5,0
base,perfect,smarter,202,won,46,46,,0,0,0,goblin:allied:22 archmage:conquered:30 orc:conquered:38 dwarf:conquered:46,4,19,18,0,2,0,68,0,25523.4,23171.3,15969.3,1,6,2,0,4,0
base,perfect,smarter,203,won,44,44,,0,0,0,dwarf:allied:20 archmage:allied:28 goblin:conquered:36 orc:conquered:44,3,19,18,0,2,0,68,0,24393,22173.4,15197.3,1,6,2,0,5,0
base,perfect,smarter,204,won,46,46,,0,0,0,goblin:allied:22 archmage:conquered:30 orc:conquered:38 dwarf:conquered:46,5,16,15,0,2,0,68,0,25602.1,23247.4,15969.3,1,6,1,0,5,0
base,perfect,smarter,205,won,46,46,,0,0,0,goblin:allied:22 archmage:conquered:30 orc:conquered:38 dwarf:conquered:46,4,17,16,0,2,0,66,0,25498.8,23143.9,15969.3,1,6,1,0,3,0
base,perfect,smarter,206,won,45,45,,0,0,0,archmage:abdicated:21 goblin:allied:29 orc:conquered:37 dwarf:conquered:45,4,15,14,0,2,0,64,0,25166.6,22866,15583.3,1,6,1,0,6,0
base,perfect,smarter,207,won,46,46,,0,0,0,goblin:allied:22 archmage:conquered:30 orc:conquered:38 dwarf:conquered:46,4,21,20,0,2,0,68,0,25474.3,23128.1,15969.3,1,6,2,0,4,0
base,perfect,smarter,208,won,45,45,,0,0,0,archmage:abdicated:21 orc:allied:29 goblin:conquered:37 dwarf:conquered:45,4,19,17,0,2,0,66,0,25060.1,22766.8,15583.3,1,6,2,0,4,0
base,perfect,smarter,209,won,44,44,,0,0,0,dwarf:allied:20 archmage:abdicated:28 goblin:conquered:36 orc:conquered:44,4,18,17,0,2,0,64,0,24401.8,22178,15197.3,1,6,1,0,4,0
base,perfect,smarter,210,won,45,45,,0,0,0,archmage:abdicated:21 goblin:allied:29 orc:conquered:37 dwarf:conquered:45,4,19,18,0,2,0,66,0,25071.4,22766.4,15583.3,1,6,2,0,4,0
base,perfect,smarter,211,won,44,44,,0,0,0,goblin:allied:20 dwarf:allied:28 archmage:conquered:36 orc:conquered:44,3,20,19,0,2,0,69,1,24354.2,22133.7,15197.3,1,6,2,0,4,0
base,perfect,smarter,212,won,43,43,,0,0,0,archmage:conquered:19 dwarf:allied:27 goblin:conquered:35 orc:conquered:43,4,18,17,0,2,0,70,0,23879.6,21721.6,14811.3,1,6,2,0,5,0
base,perfect,smarter,213,won,44,44,,0,0,0,goblin:allied:20 orc:allied:28 archmage:conquered:36 dwarf:conquered:44,4,17,16,0,2,0,70,0,24357.1,22142.3,15197.3,1,6,1,0,3,0
base,perfect,smarter,214,won,45,45,,0,0,0,archmage:abdicated:21 goblin:allied:29 orc:conquered:37 dwarf:conquered:45,4,16,15,0,2,0,65,1,25127.9,22830.5,15583.3,1,6,1,0,4,0
base,perfect,smarter,215,won,43,43,,0,0,0,archmage:conquered:19 dwarf:allied:27 orc:allied:35 goblin:allied:43,3,16,15,0,2,0,69,0,23720.7,21621.3,14811.3,1,6,8,0,3,0
base,perfect,smarter,216,won,44,44,,0,0,0,archmage:allied:20 dwarf:abdicated:28 goblin:conquered:36 orc:conquered:44,4,18,18,0,2,0,66,0,24305.6,22080.5,15197.3,1,6,1,0,4,0
base,perfect,smarter,217,won,44,44,,0,0,0,goblin:allied:20 dwarf:allied:28 archmage:conquered:36 orc:conquered:44,3,19,18,0,2,0,68,0,24316.8,22104,15197.3,1,6,1,0,5,0
base,perfect,smarter,218,won,45,45,,0,0,0,archmage:abdicated:21 orc:allied:29 goblin:conquered:37 dwarf:conquered:45,4,16,14,0,2,0,65,0,24987.7,22705.2,15583.3,1,6,1,0,6,0
base,perfect,smarter,219,won,46,46,,0,0,0,goblin:allied:22 archmage:conquered:30 orc:conquered:38 dwarf:conquered:46,4,22,21,0,2,0,68,0,25565.2,23208.7,15969.3,1,6,1,0,5,0
base,perfect,smarter,220,won,43,43,,0,0,0,archmage:conquered:19 orc:allied:27 goblin:conquered:35 dwarf:conquered:43,3,21,21,0,2,0,68,0,23783.1,21633.3,14811.3,1,6,1,0,4,0
base,perfect,smarter,221,won,46,46,,0,0,0,archmage:conquered:22 goblin:conquered:30 orc:conquered:38 dwarf:conquered:46,4,16,15,0,2,0,67,0,25507.9,23141.4,15969.3,1,6,1,0,4,0
base,perfect,smarter,222,won,44,44,,0,0,0,archmage:conquered:20 goblin:allied:28 orc:conquered:36 dwarf:conquered:44,4,19,17,0,2,0,68,0,24597.2,22366.9,15197.3,1,6,2,0,5,0
base,perfect,smarter,223,won,44,44,,0,0,0,archmage:conquered:20 goblin:allied:28 orc:conquered:36 dwarf:conquered:44,4,17,16,0,2,0,68,0,24622.8,22388.1,15197.3,1,6,1,0,4,0
base,perfect,smarter,224,won,44,44,,0,0,0,archmage:abdicated:20 goblin:allied:28 orc:conquered:36 dwarf:conquered:44,3,19,16,0,2,0,67,0,24602.9,22359.1,15197.3,1,6,2,0,5,0
base,perfect,smarter,225,won,46,46,,0,0,0,orc:allied:22 goblin:conquered:30 archmage:conquered:38 dwarf:conquered:46,4,18,17,0,2,0,68,0,25515.4,23150.4,15969.3,1,6,2,0,6,0
base,perfect,smarter,226,won,44,44,,0,0,0,goblin:allied:20 archmage:abdicated:28 orc:conquered:36 dwarf:conquered:44,4,15,14,0,2,0,65,1,24309.8,22098.5,15197.3,1,6,3,0,4,0
base,perfect,smarter,227,won,43,43,,0,0,0,goblin:conquered:19 orc:allied:27 archmage:conquered:35 dwarf:conquered:43,3,19,17,0,2,0,68,0,23905,21722.1,14811.3,1,6,1,0,3,0
base,perfect,smarter,228,won,44,44,,0,0,0,dwarf:allied:20 orc:allied:28 goblin:conquered:36 archmage:conquered:44,3,18,17,0,2,0,67,0,24341.8,22119.7,15197.3,1,6,1,0,3,0
base,perfect,smarter,229,won,44,44,,0,0,0,archmage:conquered:20 dwarf:allied:28 goblin:conquered:36 orc:conquered:44,4,17,15,0,2,0,69,0,24610.2,22363,15197.3,1,6,2,0,5,0
base,perfect,smarter,230,won,44,44,,0,0,0,archmage:conquered:20 goblin:allied:28 orc:conquered:36 dwarf:conquered:44,4,16,15,0,2,0,67,0,24589.9,22361.4,15197.3,1,6,2,0,5,0
base,perfect,smarter,231,won,46,46,,0,0,0,orc:allied:22 goblin:conquered:30 archmage:conquered:38 dwarf:conquered:46,4,16,15,0,2,0,67,0,25485.1,23139.1,15969.3,1,6,2,0,4,0
base,perfect,smarter,232,won,43,43,,0,0,0,goblin:conquered:19 dwarf:allied:27 archmage:conquered:35 orc:conquered:43,4,19,18,0,2,0,70,0,23846.1,21690.5,14811.3,1,6,1,0,5,0
base,perfect,smarter,233,won,44,44,,0,0,0,goblin:allied:20 orc:allied:28 archmage:conquered:36 dwarf:conquered:44,4,23,22,0,2,0,68,0,24398.3,22164.2,15197.3,1,6,2,0,4,0
base,perfect,smarter,234,won,46,46,,0,0,0,archmage:allied:22 goblin:conquered:30 orc:conquered:38 dwarf:conquered:46,4,20,19,0,2,0,68,0,25493.3,23145.3,15969.3,1,6,1,0,6,0
base,perfect,smarter,235,won,46,46,,0,0,0,orc:allied:22 archmage:conquered:30 goblin:conquered:38 dwarf:conquered:46,4,18,17,0,2,0,68,0,25558.5,23203,15969.3,1,6,3,0,4,0
base,perfect,smarter,236,won,44,44,,0,0,0,dwarf:allied:20 goblin:conquered:28 archmage:conquered:36 orc:conquered:44,4,17,16,0,2,0,71,0,24359.1,22106.5,15197.3,1,6,2,0,5,0
base,perfect,smarter,237,won,44,44,,0,0,0,goblin:allied:20 dwarf:abdicated:28 archmage:conquered:36 orc:conquered:44,3,18,17,0,2,0,68,0,24302.5,22076.9,15197.3,1,6,1,0,4,0
base,perfect,smarter,238,won,44,44,,0,0,0,goblin:allied:20 dwarf:allied:28 archmage:conquered:36 orc:conquered:44,4,18,17,0,2,0,72,0,24342.1,22116.4,15197.3,1,6,1,0,4,0
base,perfect,smarter,239,won,44,44,,0,0,0,goblin:allied:20 archmage:abdicated:28 orc:conquered:36 dwarf:conquered:44,3,15,14,0,2,0,65,0,24309.7,22086.9,15197.3,1,6,1,0,4,0
base,perfect,smarter,240,won,44,44,,0,0,0,goblin:allied:20 archmage:abdicated:28 orc:conquered:36 dwarf:conquered:44,3,17,16,0,2,0,67,0,24364.2,22142.4,15197.3,1,6,1,0,4,0
base,perfect,smarter,241,won,46,46,,0,0,0,orc:allied:22 goblin:allied:30 dwarf:allied:38 archmage:allied:46,4,15,14,0,2,0,68,0,25914,23498,15969.3,1,6,1,0,4,0
base,perfect,smarter,242,won,44,44,,0,0,0,archmage:conquered:20 goblin:allied:28 orc:conquered:36 dwarf:conquered:44,3,17,16,0,2,0,69,0,24581.9,22350.9,15197.3,0.999,6,2,0,3,0
base,perfect,smarter,243,won,44,44,,0,0,0,goblin:allied:20 orc:allied:28 archmage:conquered:36 dwarf:conquered:44,4,20,19,0,2,0,68,0,24380.9,22159.4,15197.3,1,6,1,0,3,0
base,perfect,smarter,244,won,43,43,,0,0,0,archmage:conquered:19 dwarf:allied:27 goblin:conquered:35 orc:conquered:43,3,19,18,0,2,0,68,0,23822.8,21670.2,14811.3,1,6,4,0,4,0
base,perfect,smarter,245,won,44,44,,0,0,0,archmage:conquered:20 goblin:allied:28 orc:conquered:36 dwarf:conquered:44,4,16,15,0,2,0,66,0,24530.7,22306.5,15197.3,1,6,1,0,6,0
base,perfect,smarter,246,won,46,46,,0,0,0,orc:allied:22 archmage:conquered:30 goblin:conquered:38 dwarf:conquered:46,4,19,18,0,2,0,67,0,25489.9,23126.6,15969.3,1,6,1,0,5,0
base,perfect,smarter,247,won,46,46,,0,0,0,archmage:conquered:22 orc:conquered:30 goblin:conquered:38 dwarf:conquered:46,4,24,22,0,2,0,68,0,25480.7,23117.8,15969.3,1,6,2,0,5,0
base,perfect,smarter,248,won,43,43,,0,0,0,archmage:conquered:19 goblin:allied:27 orc:conquered:35 dwarf:conquered:43,3,16,15,0,2,0,67,0,23894.5,21738.2,14811.3,1,6,1,0,4,0
base,perfect,smarter,249,won,46,46,,0,0,0,goblin:allied:22 archmage:conquered:30 orc:conquered:38 dwarf:conquered:46,5,17,16,0,2,0,67,0,25474,23125.6,15969.3,1,6,3,0,5,0
base,perfect,smarter,250,won,44,44,,0,0,0,archmage:conquered:20 goblin:allied:28 orc:conquered:36 dwarf:conquered:44,3,16,15,0,2,0,67,0,24655.4,22418,15197.3,1,6,1,0,5,0
base,perfect,smarter,251,won,46,46,,0,0,0,goblin:allied:22 archmage:conquered:30 orc:conquered:38 dwarf:conquered:46,4,22,19,0,2,0,68,0,25550.5,23197.3,15969.3,1,6,8,0,5,0
base,perfect,smarter,252,won,43,43,,0,0,0,archmage:conquered:19 goblin:allied:27 orc:conquered:35 dwarf:conquered:43,3,20,19,0,2,0,68,0,23931.7,21767.3,14811.3,1,6,1,0,4,0
base,perfect,smarter,253,won,45,45,,0,0,0,archmage:abdicated:21 goblin:allied:29 orc:conquered:37 dwarf:conquered:45,4,15,14,0,2,0,63,0,25057.4,22766.2,15583.3,1,6,2,0,5,0
base,perfect,smarter,254,won,44,44,,0,0,0,archmage:conquered:20 goblin:allied:28 orc:conquered:36 dwarf:conquered:44,4,17,16,0,2,0,68,0,24620.7,22375.4,15197.3,1,6,8,0,5,0
base,perfect,smarter,255,won,44,44,,0,0,0,goblin:allied:20 orc:allied:28 archmage:conquered:36 dwarf:conquered:44,3,16,14,0,2,0,67,0,24323.8,22108,15197.3,1,6,1,0,3,0
base,perfect,smarter,256,won,45,45,,0,0,0,archmage:abdicated:21 goblin:allied:29 orc:conquered:37 dwarf:conquered:45,4,16,15,0,2,0,66,0,25067.8,22777.6,15583.3,1,6,2,0,4,0
base,perfect,smarter,257,won,46,46,,0,0,0,goblin:allied:22 archmage:conquered:30 orc:conquered:38 dwarf:conquered:46,5,17,16,0,2,0,68,1,25561.6,23207.8,15969.3,1,6,1,0,5,0
base,perfect,smarter,258,won,43,43,,0,0,0,goblin:conquered:19 dwarf:allied:27 archmage:conquered:35 orc:conquered:43,3,18,17,0,2,0,70,0,23857.5,21703.3,14811.3,1,6,2,0,3,0
base,perfect,smarter,259,won,44,44,,0,0,0,goblin:allied:20 archmage:abdicated:28 orc:conquered:36 dwarf:conquered:44,4,18,17,0,2,0,68,0,24445.2,22219.1,15197.3,1,6,1,0,3,0
base,perfect,smarter,260,won,44,44,,0,0,0,goblin:conquered:20 orc:allied:28 archmage:conquered:36 dwarf:conquered:44,4,18,17,0,2,0,68,0,24622.4,22390,15197.3,1,6,2,0,4,0
base,perfect,smarter,261,won,45,45,,0,0,0,archmage:abdicated:21 goblin:allied:29 orc:conquered:37 dwarf:conquered:45,4,22,20,0,2,0,66,0,25045.3,22755.4,15583.3,1,6,2,0,5,0
base,perfect,smarter,262,won,46,46,,0,0,0,orc:allied:22 goblin:conquered:30 archmage:conquered:38 dwarf:conquered:46,4,19,18,0,2,0,67,0,25580.1,23208,15969.3,1,6,1,0,6,0
base,perfect,smarter,263,won,44,44,,0,0,0,goblin:conquered:20 orc:allied:28 archmage:conquered:36 dwarf:conquered:44,4,19,18,0,2,0,69,0,24604.1,22371,15197.3,1,6,1,0,5,0
base,perfect,smarter,264,won,45,45,,0,0,0,archmage:abdicated:21 goblin:allied:29 orc:conquered:37 dwarf:conquered:45,3,16,15,0,2,0,67,0,25048,22759,15583.3,1,6,4,0,5,0
base,perfect,smarter,265,won,44,44,,0,0,0,goblin:allied:20 dwarf:allied:28 archmage:conquered:36 orc:conquered:44,3,20,19,0,2,0,68,0,24313.8,22099.8,15197.3,1,6,1,0,4,0
base,perfect,smarter,266,won,45,45,,0,0,0,archmage:abdicated:21 orc:allied:29 goblin:conquered:37 dwarf:conquered:45,3,15,14,0,2,0,63,0,25041.9,22750.8,15583.3,1,6,2,0,3,0
base,perfect,smarter,267,won,44,44,,0,0,0,goblin:allied:20 dwarf:allied:28 archmage:conquered:36 orc:conquered:44,3,20,19,0,2,0,69,0,24288.9,22077.2,15197.3,1,6,1,0,5,0
base,perfect,smarter,268,won,44,44,,0,0,0,goblin:allied:20 dwarf:allied:28 archmage:conquered:36 orc:conquered:44,3,17,16,0,2,0,67,0,24430.7,22206.1,15197.3,1,6,2,0,4,0
base,perfect,smarter,269,won,45,45,,0,0,0,archmage:abdicated:21 goblin:allied:29 orc:conquered:37 dwarf:conquered:45,3,19,18,0,2,0,66,0,25100.4,22805.2,15583.3,1,6,2,0,5,0
base,perfect,smarter,270,won,46,46,,0,0,0,goblin:allied:22 archmage:conquered:30 orc:conquered:38 dwarf:conquered:46,4,18,16,0,2,0,67,0,25559.5,23206.5,15969.3,1,6,2,0,3,0
base,perfect,smarter,271,won,44,44,,0,0,0,goblin:allied:20 orc:allied:28 archmage:conquered:36 dwarf:conquered:44,4,17,16,0,2,0,66,0,24324.4,22109.3,15197.3,1,6,1,0,3,0
base,perfect,smarter,272,won,44,44,,0,0,0,archmage:conquered:20 goblin:allied:28 orc:conquered:36 dwarf:conquered:44,3,17,16,0,2,0,68,0,24625.6,22395.8,15197.3,1,6,2,0,5,0
base,perfect,smarter,273,won,46,46,,0,0,0,archmage:conquered:22 goblin:conquered:30 orc:conquered:38 dwarf:conquered:46,4,22,20,0,2,0,68,0,25630.6,23254.4,15969.3,1,6,1,0,5,0
base,perfect,smarter,274,won,44,44,,0,0,0,goblin:allied:20 orc:allied:28 archmage:conquered:36 dwarf:conquered:44,4,18,17,0,2,0,67,0,24326.2,22111.4,15197.3,1,6,2,0,4,0
base,perfect,smarter,275,won,44,44,,0,0,0,goblin:conquered:20 dwarf:allied:28 archmage:conquered:36 orc:conquered:44,4,15,14,0,2,0,65,0,24617.8,22384.1,15197.3,1,6,2,0,5,0
base,perfect,smarter,276,won,44,44,,0,0,0,goblin:allied:20 orc:allied:28 archmage:conquered:36 dwarf:conquered:44,3,15,14,0,2,0,67,0,24371.7,22150.4,15197.3,1,6,1,0,5,0
base,perfect,smarter,277,won,45,45,,0,0,0,archmage:abdicated:21 goblin:allied:29 orc:conquered:37 dwarf:conquered:45,4,18,17,0,2,0,66,0,24951.5,22673.3,15583.3,1,6,1,0,4,0
base,perfect,smarter,278,won,44,44,,0,0,0,dwarf:allied:20 orc:allied:28 goblin:conquered:36 archmage:conquered:44,3,19,18,0,2,0,66,0,24353.5,22131.9,15197.3,1,6,2,0,4,0
base,perfect,smarter,279,won,45,45,,0,0,0,archmage:abdicated:21 goblin:allied:29 orc:conquered:37 dwarf:conquered:45,4,21,19,0,2,0,66,0,25034.5,22744.3,15583.3,1,6,1,0,4,0
base,perfect,smarter,280,won,44,44,,0,0,0,archmage:abdicated:20 goblin:allied:28 orc:conquered:36 dwarf:conquered:44,3,16,15,0,2,0,64,0,24648.2,22413.4,15197.3,1,6,2,0,5,0
base,perfect,smarter,281,won,46,46,,0,0,0,goblin:allied:22 archmage:conquered:30 orc:conquered:38 dwarf:conquered:46,4,19,18,0,2,0,68,0,25463.3,23119.1,15969.3,1,6,1,0,4,0
base,perfect,smarter,282,won,43,43,,0,0,0,goblin:conquered:19 orc:allied:27 archmage:conquered:35 dwarf:conquered:43,4,19,18,0,2,0,68,0,23917.6,21758.9,14811.3,1,6,1,0,4,0
base,perfect,smarter,283,won,44,44,,0,0,0,dwarf:allied:20 archmage:abdicated:28 goblin:conquered:36 orc:conquered:44,4,16,15,0,2,0,66,0,24410.2,22187.3,15197.3,1,6,2,0,5,0
base,perfect,smarter,284,won,45,45,,0,0,0,archmage:abdicated:21 goblin:allied:29 orc:conquered:37 dwarf:conquered:45,4,16,15,0,2,0,65,0,24961.5,22683.2,15583.3,1,6,1,0,5,0
base,perfect,smarter,285,won,44,44,,0,0,0,goblin:allied:20 dwarf:allied:28 archmage:conquered:36 orc:conquered:44,3,19,18,0,2,0,69,1,24315.8,22099.9,15197.3,1,6,1,0,3,0
base,perfect,smarter,286,won,46,46,,0,0,0,goblin:allied:22 archmage:conquered:30 orc:conquered:38 dwarf:conquered:46,4,19,18,0,2,0,66,0,25498.9,23134,15969.3,1,6,2,0,4,0
base,perfect,smarter,287,won,44,44,,0,0,0,archmage:conquered:20 goblin:allied:28 orc:conquered:36 dwarf:conquered:44,4,20,19,0,2,0,68,0,24610.3,22382.7,15197.3,1,6,2,0,5,0
base,perfect,smarter,288,won,44,44,,0,0,0,goblin:conquered:20 orc:allied:28 archmage:conquered:36 dwarf:conquered:44,4,16,14,0,2,0,66,0,24659.9,22423.3,15197.3,1,6,2,0,5,0
base,perfect,smarter,289,won,45,45,,0,0,0,archmage:abdicated:21 goblin:allied:29 orc:conquered:37 dwarf:conquered:45,4,16,15,0,2,0,66,0,25110.1,22816.8,15583.3,1,6,2,0,3,0
base,perfect,smarter,290,won,45,45,,0,0,0,archmage:abdicated:21 goblin:allied:29 orc:conquered:37 dwarf:conquered:45,4,18,17,0,2,0,65,0,25043.8,22755.9,15583.3,1,6,2,0,4,0
base,perfect,smarter,291,won,46,46,,0,0,0,goblin:allied:22 archmage:conquered:30 orc:conquered:38 dwarf:conquered:46,4,19,18,0,2,0,68,0,25518.2,23153,15969.3,1,6,1,0,5,0
base,perfect,smarter,292,won,44,44,,0,0,0,goblin:allied:20 archmage:abdicated:28 orc:conquered:36 dwarf:conquered:44,3,15,14,0,2,0,65,0,24372.3,22150,15197.3,1,6,1,0,5,0
base,perfect,smarter,293,won,46,46,,0,0,0,orc:allied:22 archmage:conquered:30 goblin:conquered:38 dwarf:conquered:46,4,18,17,0,2,0,67,0,25531,23160.8,15969.3,1,6,1,0,5,0
base,perfect,smarter,294,won,44,44,,0,0,0,goblin:allied:20 orc:allied:28 archmage:conquered:36 dwarf:conquered:44,3,16,15,0,2,0,66,0,24349.6,22133.7,15197.3,1,6,1,0,3,0
base,perfect,smarter,295,won,45,45,,0,0,0,archmage:abdicated:21 orc:allied:29 goblin:conquered:37 dwarf:conquered:45,4,19,17,0,2,0,66,0,25079.5,22772.7,15583.3,1,6,1,0,4,0
base,perfect,smarter,296,won,44,44,,0,0,0,dwarf:allied:20 orc:allied:28 archmage:conquered:36 goblin:conquered:44,3,18,17,0,2,0,66,0,24383.9,22219.3,15197.3,1,6,5,0,4,0
base,perfect,smarter,297,won,44,44,,0,0,0,goblin:allied:20 archmage:abdicated:28 orc:conquered:36 dwarf:conquered:44,4,19,18,0,2,0,71,0,24338.8,22111.9,15197.3,1,6,1,0,5,0
base,perfect,smarter,298,won,44,44,,0,0,0,archmage:conquered:20 goblin:allied:28 orc:conquered:36 dwarf:conquered:44,3,15,14,0,2,0,70,0,24559.5,22331.5,15197.3,1,6,1,0,5,0
base,perfect,smarter,299,won,44,44,,0,0,0,goblin:allied:20 orc:allied:28 archmage:conquered:36 dwarf:conquered:44,3,18,16,0,2,0,69,0,24291.6,22079,15197.3,1,6,2,0,4,0
base,perfect,smarter,300,won,46,46,,0,0,0,goblin:allied:22 archmage:conquered:30 orc:conquered:38 dwarf:conquered:46,4,17,16,0,2,0,67,0,25535,23179.9,15969.3,1,6,1,0,4,0
base,steadfast,greedy,1,won,66,66,,0,0,0,archmage:conquered:42 orc:conquered:50 goblin:conquered:58 dwarf:conquered:66,3,31,27,0,2,0,88,4,16730.5,15696.3,16741.3,0.877,8,10,0,3,0
base,steadfast,greedy,2,won,63,63,,0,0,0,archmage:conquered:39 orc:conquered:47 dwarf:conquered:55 goblin:conquered:63,4,29,24,0,2,0,85,4,17433.3,16265.6,16741.3,0.867,7,2,0,7,0
base,steadfast,greedy,3,won,54,54,,0,0,0,archmage:conquered:30 goblin:conquered:38 orc:conquered:46 dwarf:conquered:54,4,27,25,0,2,0,73,5,20624.1,18732.2,16741.3,0.931,7,1,0,4,0
base,steadfast,greedy,4,won,60,60,,0,0,0,archmage:conquered:36 orc:conquered:44 goblin:conquered:52 dwarf:conquered:60,4,29,25,0,2,0,77,2,17270.2,16010.8,16741.3,0.841,7,1,0,2,0
base,steadfast,greedy,5,won,57,57,,0,0,0,archmage:conquered:33 orc:conquered:41 goblin:conquered:49 dwarf:conquered:57,3,26,22,0,2,0,80,3,18424.1,17064.3,16741.3,0.885,7,1,0,5,0
base,steadfast,greedy,6,won,48,48,,0,0,0,goblin:conquered:24 archmage:conquered:32 orc:conquered:40 dwarf:conquered:48,2,21,20,0,3,1,70,2,19122.7,17410.6,16741.3,0.87,7,2,0,4,0
base,steadfast,greedy,7,won,46,46,,0,0,0,goblin:conquered:21 archmage:conquered:30 orc:conquered:38 dwarf:conquered:46,2,23,22,0,2,0,72,4,19172,17479.3,15969.3,0.913,5,2,0,5,0
base,steadfast,greedy,8,won,55,55,,0,0,0,archmage:conquered:31 goblin:conquered:39 orc:conquered:47 dwarf:conquered:55,4,25,22,0,2,0,70,1,19805,18093.6,16741.3,0.901,6,1,0,3,0
base,steadfast,greedy,9,won,49,49,,0,0,0,goblin:conquered:23 archmage:conquered:33 orc:conquered:41 dwarf:conquered:49,2,22,20,0,3,1,84,7,18052.8,16584.5,16741.3,0.859,6,2,0,3,0
base,steadfast,greedy,10,active,71,,,0,0,0,orc:conquered:27,3,18,17,0,2,0,75,7,20064.8,18280.9,16741.3,0.907,9,2,0,4,0
base,steadfast,greedy,11,won,61,61,,0,0,0,archmage:conquered:37 orc:conquered:45 goblin:conquered:53 dwarf:conquered:61,4,30,28,0,2,0,80,5,18899.8,17454.3,16741.3,0.875,7,1,0,4,0
base,steadfast,greedy,12,won,55,55,,0,0,0,archmage:conquered:30 goblin:conquered:38 orc:conquered:47 dwarf:conquered:55,4,28,27,0,2,0,73,5,20393.7,18539,16741.3,0.917,7,2,0,4,0
base,steadfast,greedy,13,won,57,57,,0,0,0,archmage:conquered:33 goblin:conquered:41 orc:conquered:49 dwarf:conquered:57,4,27,24,0,2,0,80,4,19504.9,17916.7,16741.3,0.915,7,11,0,4,0
base,steadfast,greedy,14,won,50,50,,0,0,0,goblin:conquered:25 archmage:conquered:34 orc:conquered:42 dwarf:conquered:50,2,21,19,0,2,0,73,4,18721.2,17064.5,16741.3,0.869,6,1,0,3,0
base,steadfast,greedy,15,won,57,57,,0,0,0,orc:conquered:33 goblin:conquered:41 archmage:conquered:49 dwarf:conquered:57,5,24,22,0,3,1,75,8,19182.9,17523.1,16741.3,0.869,7,2,0,5,0
base,steadfast,greedy,16,won,60,60,,0,0,0,archmage:conquered:36 goblin:conquered:44 orc:conquered:52 dwarf:conquered:60,4,25,22,0,2,0,77,3,18928.8,17415.1,16741.3,0.896,7,2,0,6,0
base,steadfast,greedy,17,won,46,46,,0,0,0,goblin:conquered:21 archmage:conquered:30 orc:conquered:38 dwarf:conquered:46,2,21,20,0,2,0,71,3,17670.2,16149.2,15969.3,0.88,5,1,0,3,0
base,steadfast,greedy,18,won,46,46,,0,0,0,archmage:conquered:22 orc:conquered:30 goblin:conquered:38 dwarf:conquered:46,2,23,20,0,2,0,77,5,18935.3,17252.9,15969.3,0.896,6,2,0,6,0
base,steadfast,greedy,19,won,51,51,,0,0,0,archmage:conquered:27 orc:conquered:35 goblin:conquered:43 dwarf:conquered:51,3,24,22,0,2,0,70,1,20190.6,18347.8,16741.3,0.907,6,3,0,4,0
base,steadfast,greedy,20,won,48,48,,0,0,0,goblin:conquered:24 archmage:conquered:32 orc:conquered:40 dwarf:conquered:48,4,23,21,0,2,0,70,2,19188.7,17496,16741.3,0.88,5,1,0,3,0
base,steadfast,greedy,21,won,48,48,,0,0,0,goblin:conquered:24 archmage:conquered:32 orc:conquered:40 dwarf:conquered:48,3,22,20,0,2,0,68,1,19497.2,17722.6,16741.3,0.906,6,1,0,3,0
base,steadfast,greedy,22,won,48,48,,0,0,0,goblin:conquered:23 archmage:conquered:32 orc:conquered:40 dwarf:conquered:48,3,24,23,0,2,0,74,6,19615.4,17809.1,16741.3,0.903,6,2,0,4,0
base,steadfast,greedy,23,won,48,48,,0,0,0,archmage:conquered:23 orc:conquered:32 goblin:conquered:40 dwarf:conquered:48,2,20,18,0,2,0,71,1,20243.6,18427.3,16741.3,0.918,6,2,0,2,0
base,steadfast,greedy,24,won,49,49,,0,0,0,archmage:conquered:25 goblin:conquered:33 orc:conquered:41 dwarf:conquered:49,3,26,25,0,2,0,68,0,19508.6,17764.9,16741.3,0.88,6,2,0,4,0
base,steadfast,greedy,25,won,52,52,,0,0,0,archmage:conquered:27 orc:conquered:36 goblin:conquered:44 dwarf:conquered:52,3,22,21,0,2,0,70,3,18310.2,16696.9,16741.3,0.861,6,2,0,4,0
base,steadfast,greedy,26,won,69,69,,0,0,0,archmage:conquered:45 orc:conquered:53 goblin:conquered:61 dwarf:conquered:69,4,35,31,0,2,0,85,2,17412,16272.2,16741.3,0.868,8,1,0,5,0
base,steadfast,greedy,27,won,46,46,,0,0,0,archmage:conquered:22 goblin:conquered:30 orc:conquered:38 dwarf:conquered:46,2,22,20,0,2,0,76,5,17716.9,16168.5,15969.3,0.877,5,1,0,4,0
base,steadfast,greedy,28,won,58,58,,0,0,0,goblin:conquered:34 archmage:conquered:42 orc:conquered:50 dwarf:conquered:58,3,29,26,0,2,0,74,3,18469.8,16959.9,16741.3,0.883,8,2,0,4,0
base,steadfast,greedy,29,won,63,63,,0,0,0,archmage:conquered:38 orc:conquered:47 goblin:conquered:55 dwarf:conquered:63,4,32,27,0,2,0,84,5,18336.8,16977.6,16741.3,0.903,8,1,0,6,0
base,steadfast,greedy,30,won,46,46,,0,0,0,archmage:conquered:21 orc:conquered:30 goblin:conquered:38 dwarf:conquered:46,3,24,23,0,2,0,73,2,19358.9,17631.9,15969.3,0.928,5,2,0,4,0
base,steadfast,greedy,31,won,48,48,,0,0,0,archmage:conquered:24 orc:conquered:32 goblin:conquered:40 dwarf:conquered:48,3,21,20,0,2,0,72,4,20208.2,18383,16741.3,0.925,6,2,0,3,0
base,steadfast,greedy,32,won,48,48,,0,0,0,archmage:conquered:23 goblin:conquered:32 orc:conquered:40 dwarf:conquered:48,2,19,18,0,2,0,72,4,19678.7,17847.8,16741.3,0.89,7,1,0,5,0
base,steadfast,greedy,33,won,49,49,,0,0,0,archmage:conquered:23 goblin:conquered:33 orc:conquered:41 dwarf:conquered:49,3,24,22,0,2,0,73,2,19875.9,18061.7,16741.3,0.905,6,2,0,3,0
base,steadfast,greedy,34,won,46,46,,0,0,0,goblin:conquered:22 archmage:conquered:30 orc:conquered:38 dwarf:conquered:46,2,20,19,0,2,0,69,1,19259,17586.4,15969.3,0.911,5,9,0,3,0
base,steadfast,greedy,35,won,63,63,,0,0,0,archmage:conquered:39 orc:conquered:47 dwarf:conquered:55 goblin:conquered:63,5,29,25,0,2,0,80,1,18096,16891.8,16741.3,0.897,7,1,0,5,0
base,steadfast,greedy,36,won,49,49,,0,0,0,orc:conquered:25 archmage:conquered:33 goblin:conquered:41 dwarf:conquered:49,2,22,21,0,2,0,72,4,20606.5,18708.7,16741.3,0.922,6,1,0,5,0
base,steadfast,greedy,37,won,49,49,,0,0,0,archmage:conquered:24 goblin:conquered:33 orc:conquered:41 dwarf:conquered:49,2,25,23,0,2,0,77,6,18598.1,16964.1,16741.3,0.869,6,1,0,5,0
base,steadfast,greedy,38,won,63,63,,0,0,0,archmage:conquered:39 orc:conquered:47 goblin:conquered:55 dwarf:conquered:63,5,31,28,0,2,0,81,4,17852.2,16507.7,16741.3,0.845,7,2,0,4,0
base,steadfast,greedy,39,won,58,58,,0,0,0,archmage:conquered:34 orc:conquered:42 goblin:conquered:50 dwarf:conquered:58,4,30,27,0,2,0,81,6,19179.6,17631.4,16741.3,0.897,7,2,0,4,0
base,steadfast,greedy,40,won,63,63,,0,0,0,archmage:conquered:38 orc:conquered:47 goblin:conquered:55 dwarf:conquered:63,5,31,28,0,2,0,81,5,17586.7,16329.6,16741.3,0.866,7,1,0,5,0
base,steadfast,greedy,41,active,71,,,0,0,0,archmage:conquered:31,4,24,23,0,2,0,69,1,19634.1,17865.6,16741.3,0.901,9,1,0,4,0
base,steadfast,greedy,42,won,64,64,,0,0,0,archmage:conquered:40 goblin:conquered:48 orc:conquered:56 dwarf:conquered:64,5,30,27,0,2,0,80,5,18879.2,17435.2,16741.3,0.889,7,1,0,3,0
base,steadfast,greedy,43,won,46,46,,0,0,0,archmage:conquered:21 orc:conquered:30 goblin:conquered:38 dwarf:conquered:46,2,22,20,0,2,0,77,5,19131,17414.1,15969.3,0.909,6,3,0,4,0
base,steadfast,greedy,44,won,54,54,,0,0,0,archmage:conquered:30 orc:conquered:38 goblin:conquered:46 dwarf:conquered:54,3,27,25,0,2,0,77,5,18681.2,17063,16741.3,0.879,7,1,0,4,0
base,steadfast,greedy,45,won,59,59,,0,0,0,archmage:conquered:35 orc:conquered:43 goblin:conquered:51 dwarf:conquered:59,3,24,19,0,3,1,94,13,16595.2,15582,16741.3,0.836,7,4,0,6,0
base,steadfast,greedy,46,won,48,48,,0,0,0,archmage:conquered:23 goblin:conquered:32 orc:conquered:40 dwarf:conquered:48,2,20,18,0,2,0,72,3,19887,18081,16741.3,0.907,6,3,0,5,0
base,steadfast,greedy,47,won,49,49,,0,0,0,archmage:conquered:25 goblin:conquered:33 orc:conquered:41 dwarf:conquered:49,1,20,18,0,3,1,72,3,19996,18230.9,16741.3,0.904,6,9,0,3,0
base,steadfast,greedy,48,won,70,70,,0,0,0,archmage:conquered:46 orc:conquered:54 goblin:conquered:62 dwarf:conquered:70,6,37,33,0,2,0,91,8,17145.3,16109.2,16741.3,0.837,8,2,0,7,0
base,steadfast,greedy,49,won,52,52,,0,0,0,archmage:conquered:27 orc:conquered:36 goblin:conquered:44 dwarf:conquered:52,4,26,25,0,2,0,72,4,20061.2,18269,16741.3,0.906,6,1,0,5,0
base,steadfast,greedy,50,won,48,48,,0,0,0,archmage:conquered:24 goblin:conquered:32 orc:conquered:40 dwarf:conquered:48,3,25,24,0,2,0,71,3,19904.9,18071.8,16741.3,0.915,6,2,0,5,0
base,steadfast,greedy,51,won,64,64,,0,0,0,archmage:conquered:40 orc:conquered:48 goblin:conquered:56 dwarf:conquered:64,4,30,28,0,2,0,80,7,17886.7,16524.5,16741.3,0.88,9,2,0,8,0
base,steadfast,greedy,52,won,46,46,,0,0,0,goblin:conquered:22 archmage:conquered:30 orc:conquered:38 dwarf:conquered:46,1,19,18,0,2,0,75,7,17487.7,15979,15969.3,0.853,5,1,0,4,0
base,steadfast,greedy,53,won,61,61,,0,0,0,archmage:conquered:36 goblin:conquered:45 orc:conquered:53 dwarf:conquered:61,2,24,22,0,2,0,76,5,18255.4,16795,16741.3,0.874,8,10,0,6,0
base,steadfast,greedy,54,won,52,52,,0,0,0,goblin:conquered:25 archmage:conquered:35 orc:conquered:44 dwarf:conquered:52,2,23,21,0,2,0,77,6,18109.7,16661.2,16741.3,0.867,6,2,0,4,0
base,steadfast,greedy,55,won,47,47,,0,0,0,archmage:conquered:22 orc:conquered:31 goblin:conquered:39 dwarf:conquered:47,2,24,22,0,2,0,69,1,20392.7,18517.5,16355.3,0.938,6,1,0,5,0
base,steadfast,greedy,56,won,46,46,,0,0,0,goblin:conquered:21 archmage:conquered:30 orc:conquered:38 dwarf:conquered:46,3,21,20,0,2,0,73,3,19663.9,17822.9,15969.3,0.92,6,1,0,4,0
base,steadfast,greedy,57,won,50,50,,0,0,0,archmage:conquered:26 goblin:conquered:34 orc:conquered:42 dwarf:conquered:50,3,25,23,0,2,0,78,5,21004.2,18987.8,16741.3,0.927,7,4,0,4,0
base,steadfast,greedy,58,won,50,50,,0,0,0,archmage:conquered:25 orc:conquered:34 goblin:conquered:42 dwarf:conquered:50,2,22,20,0,2,0,72,1,19501.3,17845.6,16741.3,0.914,6,4,0,4,0
base,steadfast,greedy,59,won,50,50,,0,0,0,archmage:conquered:26 orc:conquered:34 goblin:conquered:42 dwarf:conquered:50,2,23,20,0,2,0,77,3,20285.1,18448.3,16741.3,0.916,6,2,0,4,0
base,steadfast,greedy,60,won,64,64,,0,0,0,archmage:conquered:40 orc:conquered:48 goblin:conquered:56 dwarf:conquered:64,5,32,29,0,2,0,78,1,18691.2,17307.6,16741.3,0.911,8,1,0,5,0
base,steadfast,greedy,61,won,62,62,,0,0,0,orc:conquered:38 archmage:conquered:46 goblin:conquered:54 dwarf:conquered:62,5,29,26,0,2,0,82,3,19229.6,17730.6,16741.3,0.89,7,2,0,5,0
base,steadfast,greedy,62,won,46,46,,0,0,0,goblin:conquered:21 archmage:conquered:30 orc:conquered:38 dwarf:conquered:46,3,22,20,0,2,0,68,0,19517.6,17735.5,15969.3,0.926,6,1,0,6,0
base,steadfast,greedy,63,won,54,54,,0,0,0,goblin:conquered:30 archmage:conquered:38 orc:conquered:46 dwarf:conquered:54,2,24,22,0,3,1,75,5,19772,18042.9,16741.3,0.885,6,1,0,4,0
base,steadfast,greedy,64,won,51,51,,0,0,0,archmage:conquered:27 orc:conquered:35 goblin:conquered:43 dwarf:conquered:51,3,23,22,0,2,0,69,2,19128.1,17439.1,16741.3,0.876,6,5,0,5,0
base,steadfast,greedy,65,won,46,46,,0,0,0,goblin:conquered:21 archmage:conquered:30 orc:conquered:38 dwarf:conquered:46,2,21,20,0,2,0,74,2,19168.9,17441,15969.3,0.913,6,1,0,3,0
base,steadfast,greedy,66,won,46,46,,0,0,0,archmage:conquered:22 goblin:conquered:30 orc:conquered:38 dwarf:conquered:46,2,20,19,0,3,1,71,3,18452.4,16854.4,15969.3,0.893,6,3,0,2,0
base,steadfast,greedy,67,won,58,58,,0,0,0,archmage:conquered:34 orc:conquered:42 goblin:conquered:50 dwarf:conquered:58,5,29,27,0,2,0,78,4,18962.3,17426.4,16741.3,0.889,7,2,0,4,0
base,steadfast,greedy,68,won,48,48,,0,0,0,goblin:conquered:24 archmage:conquered:32 orc:conquered:40 dwarf:conquered:48,3,24,22,0,2,0,70,2,20018,18229.1,16741.3,0.922,7,1,0,4,0
base,steadfast,greedy,69,won,51,51,,0,0,0,archmage:conquered:27 goblin:conquered:35 orc:conquered:43 dwarf:conquered:51,3,23,22,0,2,0,73,6,18681.2,17054.8,16741.3,0.878,6,1,0,3,0
base,steadfast,greedy,70,won,52,52,,0,0,0,archmage:conquered:27 orc:conquered:36 goblin:conquered:44 dwarf:conquered:52,3,26,23,0,2,0,79,5,20108,18269.3,16741.3,0.908,6,3,0,4,0
base,steadfast,greedy,71,won,49,49,,0,0,0,archmage:conquered:21 orc:conquered:33 dwarf:conquered:41 goblin:conquered:49,2,23,21,0,2,0,78,6,20532.4,18695,16741.3,0.928,7,1,0,5,0
base,steadfast,greedy,72,won,61,61,,0,0,0,archmage:conquered:37 dwarf:conquered:45 goblin:conquered:53 orc:conquered:61,5,31,27,0,3,1,89,7,18172.5,16907.3,16741.3,0.901,8,1,0,4,0
base,steadfast,greedy,73,won,48,48,,0,0,0,archmage:conquered:23 goblin:conquered:32 orc:conquered:40 dwarf:conquered:48,3,22,21,0,2,0,76,8,19638.3,17822,16741.3,0.905,6,1,0,5,0
base,steadfast,greedy,74,won,46,46,,0,0,0,goblin:conquered:21 archmage:conquered:30 orc:conquered:38 dwarf:conquered:46,2,18,17,0,2,0,71,3,19032.2,17340,15969.3,0.903,6,2,0,4,0
base,steadfast,greedy,75,won,63,63,,0,0,0,archmage:conquered:39 goblin:conquered:47 orc:conquered:55 dwarf:conquered:63,4,29,26,0,3,1,81,3,17646,16469.7,16741.3,0.883,8,2,0,6,0
base,steadfast,greedy,76,won,46,46,,0,0,0,archmage:conquered:22 goblin:conquered:30 orc:conquered:38 dwarf:conquered:46,2,21,20,0,2,0,68,0,19035.3,17324.3,15969.3,0.919,6,1,0,3,0
base,steadfast,greedy,77,won,64,64,,0,0,0,archmage:conquered:39 goblin:conquered:47 orc:conquered:56 dwarf:conquered:64,4,30,27,0,3,1,89,7,17995.6,16700.5,16741.3,0.881,8,2,0,5,0
base,steadfast,greedy,78,won,50,50,,0,0,0,archmage:conquered:26 goblin:conquered:34 orc:conquered:42 dwarf:conquered:50,2,25,23,0,2,0,78,6,20266.3,18388.9,16741.3,0.916,6,4,0,4,0
base,steadfast,greedy,79,won,49,49,,0,0,0,orc:conquered:25 archmage:conquered:33 goblin:conquered:41 dwarf:conquered:49,2,21,20,0,2,0,69,1,20317.8,18432.4,16741.3,0.917,6,1,0,3,0
base,steadfast,greedy,80,won,46,46,,0,0,0,archmage:conquered:22 orc:conquered:30 goblin:conquered:38 dwarf:conquered:46,2,17,15,0,2,0,71,2,19226,17530.2,15969.3,0.903,6,8,0,4,0
base,steadfast,greedy,81,won,49,49,,0,0,0,goblin:conquered:23 archmage:conquered:33 orc:conquered:41 dwarf:conquered:49,4,26,24,0,2,0,72,4,20213.6,18386.2,16741.3,0.893,6,2,0,4,0
base,steadfast,greedy,82,won,57,57,,0,0,0,archmage:conquered:31 goblin:conquered:41 orc:conquered:49 dwarf:conquered:57,4,29,24,0,4,2,84,5,18030.3,16790.1,16741.3,0.87,7,2,0,4,0
base,steadfast,greedy,83,won,46,46,,0,0,0,archmage:conquered:22 orc:conquered:30 goblin:conquered:38 dwarf:conquered:46,2,19,17,0,2,0,81,4,18621.4,17014.2,15969.3,0.888,5,2,0,4,0
base,steadfast,greedy,84,won,51,51,,0,0,0,archmage:conquered:27 orc:conquered:35 goblin:conquered:43 dwarf:conquered:51,3,24,23,0,2,0,73,5,18134.5,16521,16741.3,0.849,6,1,0,5,0
base,steadfast,greedy,85,won,54,54,,0,0,0,archmage:conquered:30 orc:conquered:38 goblin:conquered:46 dwarf:conquered:54,3,27,24,0,2,0,78,7,20003.6,18195.9,16741.3,0.903,7,2,0,5,0
base,steadfast,greedy,86,won,49,49,,0,0,0,archmage:conquered:25 goblin:conquered:33 orc:conquered:41 dwarf:conquered:49,2,24,22,0,2,0,69,1,20601.2,18644.2,16741.3,0.92,7,5,0,5,0
base,steadfast,greedy,87,won,46,46,,0,0,0,goblin:conquered:22 archmage:conquered:30 orc:conquered:38 dwarf:conquered:46,3,23,21,0,2,0,73,5,18596.7,16986.4,15969.3,0.893,6,2,0,3,0
base,steadfast,greedy,88,won,59,59,,0,0,0,archmage:conquered:35 orc:conquered:43 goblin:conquered:51 dwarf:conquered:59,5,30,27,0,2,0,79,5,18543.3,17075.5,16741.3,0.878,7,1,0,3,0
base,steadfast,greedy,89,won,51,51,,0,0,0,goblin:conquered:26 orc:conquered:35 archmage:conquered:43 dwarf:conquered:51,2,24,21,0,2,0,73,4,18865.7,17154.9,16741.3,0.867,6,1,0,3,0
base,steadfast,greedy,90,won,50,50,,0,0,0,archmage:conquered:25 goblin:conquered:34 orc:conquered:42 dwarf:conquered:50,3,24,21,0,2,0,76,4,18798.1,17255.6,16741.3,0.88,5,2,0,4,0
base,steadfast,greedy,91,won,55,55,,0,0,0,archmage:conquered:31 goblin:conquered:39 orc:conquered:47 dwarf:conquered:55,4,24,21,0,2,0,69,1,19110.4,17457.2,16741.3,0.899,7,1,0,4,0
base,steadfast,greedy,92,won,58,58,,0,0,0,archmage:conquered:34 goblin:conquered:42 orc:conquered:50 dwarf:conquered:58,3,23,21,0,3,1,73,3,19320.8,17714.4,16741.3,0.897,7,3,0,3,0
base,steadfast,greedy,93,won,50,50,,0,0,0,orc:conquered:26 archmage:conquered:34 goblin:conquered:42 dwarf:conquered:50,3,21,21,0,2,0,68,0,20439.3,18624.5,16741.3,0.909,6,1,0,4,0
base,steadfast,greedy,94,won,46,46,,0,0,0,archmage:conquered:21 goblin:conquered:30 orc:conquered:38 dwarf:conquered:46,2,19,18,0,2,0,68,0,19282,17575.1,15969.3,0.912,5,4,0,5,0
base,steadfast,greedy,95,won,54,54,,0,0,0,goblin:conquered:30 archmage:conquered:38 orc:conquered:46 dwarf:conquered:54,3,26,24,0,2,0,72,2,19808.1,18010.5,16741.3,0.904,7,2,0,3,0
base,steadfast,greedy,96,won,52,52,,0,0,0,archmage:conquered:25 orc:conquered:36 goblin:conquered:44 dwarf:conquered:52,3,26,23,0,2,0,83,7,19037.4,17454.3,16741.3,0.888,7,1,0,4,0
base,steadfast,greedy,97,won,46,46,,0,0,0,archmage:conquered:22 goblin:conquered:30 orc:conquered:38 dwarf:conquered:46,2,24,22,0,2,0,74,1,19258.3,17527.2,15969.3,0.905,6,1,0,4,0
base,steadfast,greedy,98,won,64,64,,0,0,0,orc:conquered:40 goblin:conquered:48 archmage:conquered:56 dwarf:conquered:64,4,28,25,0,3,1,83,3,18225.8,16905.4,16741.3,0.863,8,5,0,2,0
base,steadfast,greedy,99,won,48,48,,0,0,0,goblin:conquered:23 archmage:conquered:32 orc:conquered:40 dwarf:conquered:48,3,22,20,0,2,0,72,4,20396.6,18564.7,16741.3,0.923,6,3,0,4,0
base,steadfast,greedy,100,won,51,51,,0,0,0,archmage:conquered:26 orc:conquered:35 goblin:conquered:43 dwarf:conquered:51,1,20,18,0,4,2,78,10,18378.9,16803.7,16741.3,0.845,6,5,0,5,0
base,steadfast,greedy,101,won,55,55,,0,0,0,archmage:conquered:31 goblin:conquered:39 orc:conquered:47 dwarf:conquered:55,6,29,28,0,2,0,72,4,18993.8,17278.8,16741.3,0.878,7,1,0,4,0
base,steadfast,greedy,102,won,49,49,,0,0,0,archmage:conquered:25 goblin:conquered:33 orc:conquered:41 dwarf:conquered:49,3,24,23,0,2,0,75,5,19109.1,17380.2,16741.3,0.87,6,1,0,5,0
base,steadfast,greedy,103,won,68,68,,0,0,0,archmage:conquered:44 goblin:conquered:52 orc:conquered:60 dwarf:conquered:68,4,35,30,0,2,0,90,6,17436.3,16272.8,16741.3,0.865,8,2,0,5,0
base,steadfast,greedy,104,won,62,62,,0,0,0,archmage:conquered:37 orc:conquered:46 goblin:conquered:54 dwarf:conquered:62,5,30,26,0,3,1,82,4,18180.2,16784.1,16741.3,0.883,7,2,0,5,0
base,steadfast,greedy,105,won,64,64,,0,0,0,archmage:conquered:40 goblin:conquered:48 orc:conquered:56 dwarf:conquered:64,3,29,26,1,2,0,87,7,17805.4,16530.6,16741.3,0.885,8,1,0,5,0
base,steadfast,greedy,106,won,49,49,,0,0,0,archmage:conquered:25 goblin:conquered:33 orc:conquered:41 dwarf:conquered:49,2,22,21,0,2,0,76,2,18796.6,17226.9,16741.3,0.88,5,3,0,2,0
base,steadfast,greedy,107,won,46,46,,0,0,0,goblin:conquered:21 archmage:conquered:30 orc:conquered:38 dwarf:conquered:46,3,22,20,0,2,0,72,4,18724.9,17029.6,15969.3,0.898,6,2,0,3,0
base,steadfast,greedy,108,won,46,46,,0,0,0,archmage:conquered:21 orc:conquered:30 goblin:conquered:38 dwarf:conquered:46,2,20,18,0,2,0,76,5,17872.9,16303.7,15969.3,0.878,5,2,0,3,0
base,steadfast,greedy,109,won,62,62,,0,0,0,archmage:conquered:35 orc:conquered:46 goblin:conquered:54 dwarf:conquered:62,1,28,24,0,2,0,80,1,17253,16092.7,16741.3,0.85,8,10,0,9,0
base,steadfast,greedy,110,won,57,57,,0,0,0,archmage:conquered:33 orc:conquered:41 goblin:conquered:49 dwarf:conquered:57,3,29,28,0,2,0,69,1,20177.7,18363.7,16741.3,0.907,8,1,0,3,0
base,steadfast,greedy,111,won,68,68,,0,0,0,archmage:conquered:44 goblin:conquered:52 orc:conquered:60 dwarf:conquered:68,4,32,27,0,2,0,84,4,16320,15362.3,16741.3,0.856,8,1,0,6,0
base,steadfast,greedy,112,won,46,46,,0,0,0,archmage:conquered:21 goblin:conquered:30 orc:conquered:38 dwarf:conquered:46,2,23,22,0,3,1,72,4,19459.3,17733.9,15969.3,0.929,6,2,0,3,0
base,steadfast,greedy,113,won,48,48,,0,0,0,goblin:conquered:23 archmage:conquered:32 orc:conquered:40 dwarf:conquered:48,2,20,19,0,2,0,70,2,18324.9,16694.5,16741.3,0.843,6,2,0,5,0
base,steadfast,greedy,114,won,51,51,,0,0,0,goblin:conquered:24 archmage:conquered:35 orc:conquered:43 dwarf:conquered:51,1,23,22,0,2,0,73,4,19511,17764.5,16741.3,0.87,7,10,0,4,0
base,steadfast,greedy,115,won,58,58,,0,0,0,archmage:conquered:34 orc:conquered:42 goblin:conquered:50 dwarf:conquered:58,4,27,25,0,2,0,73,2,20364.8,18578.3,16741.3,0.903,7,1,0,3,0
base,steadfast,greedy,116,won,51,51,,0,0,0,goblin:conquered:25 archmage:conquered:35 orc:conquered:43 dwarf:conquered:51,2,25,24,0,2,0,72,3,18892.6,17321,16741.3,0.886,6,3,0,4,0
base,steadfast,greedy,117,won,48,48,,0,0,0,goblin:conquered:23 archmage:conquered:32 orc:conquered:40 dwarf:conquered:48,3,21,20,0,2,0,74,4,20483.5,18643.4,16741.3,0.93,6,1,0,6,0
base,steadfast,greedy,118,won,46,46,,0,0,0,archmage:conquered:22 goblin:conquered:30 orc:conquered:38 dwarf:conquered:46,2,21,19,0,2,0,72,3,18456.6,16834,15969.3,0.909,5,1,0,5,0
base,steadfast,greedy,119,won,58,58,,0,0,0,archmage:conquered:34 goblin:conquered:42 orc:conquered:50 dwarf:conquered:58,4,30,28,0,3,1,77,5,18999.6,17381.9,16741.3,0.863,7,2,0,5,0
base,steadfast,greedy,120,won,61,61,,0,0,0,archmage:conquered:37 orc:conquered:45 goblin:conquered:53 dwarf:conquered:61,5,30,27,0,2,0,81,2,18160.4,16791.2,16741.3,0.893,8,1,0,4,0
base,steadfast,greedy,121,won,55,55,,0,0,0,archmage:conquered:30 goblin:conquered:38 orc:conquered:47 dwarf:conquered:55,3,24,23,0,3,1,74,2,20104.4,18357.6,16741.3,0.903,7,2,0,2,0
base,steadfast,greedy,122,won,48,48,,0,0,0,archmage:conquered:24 goblin:conquered:32 orc:conquered:40 dwarf:conquered:48,2,20,18,0,2,0,72,2,18271.9,16629.4,16741.3,0.871,6,2,0,3,0
base,steadfast,greedy,123,won,50,50,,0,0,0,archmage:conquered:25 goblin:conquered:34 orc:conquered:42 dwarf:conquered:50,2,25,23,0,3,1,75,3,18416.1,16883.2,16741.3,0.877,6,5,0,6,0
base,steadfast,greedy,124,won,50,50,,0,0,0,archmage:conquered:24 goblin:conquered:34 orc:conquered:42 dwarf:conquered:50,2,23,21,0,2,0,81,2,18561.7,17039.1,16741.3,0.882,7,2,0,3,0
base,steadfast,greedy,125,won,46,46,,0,0,0,goblin:conquered:22 archmage:conquered:30 orc:conquered:38 dwarf:conquered:46,3,28,26,0,2,0,72,3,18703.3,17051.1,15969.3,0.91,5,1,0,4,0
base,steadfast,greedy,126,won,51,51,,0,0,0,archmage:conquered:27 orc:conquered:35 goblin:conquered:43 dwarf:conquered:51,3,25,23,0,2,0,81,7,18606.2,16996.5,16741.3,0.874,6,1,0,3,0
base,steadfast,greedy,127,won,46,46,,0,0,0,archmage:conquered:22 orc:conquered:30 goblin:conquered:38 dwarf:conquered:46,2,23,22,0,2,0,70,3,19228.5,17537.7,15969.3,0.895,5,1,0,3,0
base,steadfast,greedy,128,won,50,50,,0,0,0,archmage:conquered:26 orc:conquered:34 goblin:conquered:42 dwarf:conquered:50,3,22,21,0,2,0,74,6,19945.1,18194.6,16741.3,0.896,6,3,0,4,0
base,steadfast,greedy,129,won,50,50,,0,0,0,archmage:conquered:26 goblin:conquered:34 orc:conquered:42 dwarf:conquered:50,3,24,22,0,2,0,74,3,19694,17917.5,16741.3,0.899,7,2,0,4,0
base,steadfast,greedy,130,won,48,48,,0,0,0,archmage:conquered:24 goblin:conquered:32 orc:conquered:40 dwarf:conquered:48,3,26,25,0,2,0,71,4,19267.3,17571.7,16741.3,0.901,6,2,0,4,0
base,steadfast,greedy,131,won,46,46,,0,0,0,goblin:conquered:22 archmage:conquered:30 orc:conquered:38 dwarf:conquered:46,2,23,21,0,2,0,69,0,18431.3,16823.8,15969.3,0.9,5,2,0,3,0
base,steadfast,greedy,132,won,46,46,,0,0,0,archmage:conquered:21 orc:conquered:30 dwarf:conquered:38 goblin:conquered:46,2,22,20,0,2,0,76,4,19464.1,17769,15969.3,0.93,5,1,0,4,0
base,steadfast,greedy,133,won,48,48,,0,0,0,archmage:conquered:23 goblin:conquered:32 orc:conquered:40 dwarf:conquered:48,2,19,17,0,2,0,70,1,19769.2,18029.9,16741.3,0.916,6,1,0,4,0
base,steadfast,greedy,134,won,57,57,,0,0,0,archmage:conquered:33 goblin:conquered:41 orc:conquered:49 dwarf:conquered:57,4,28,25,0,2,0,71,1,19091.8,17510.2,16741.3,0.91,8,2,0,5,0
base,steadfast,greedy,135,won,46,46,,0,0,0,archmage:conquered:22 orc:conquered:30 goblin:conquered:38 dwarf:conquered:46,2,22,20,0,2,0,74,2,19055.5,17312.4,15969.3,0.899,6,2,0,3,0
base,steadfast,greedy,136,won,59,59,,0,0,0,archmage:conquered:35 orc:conquered:43 goblin:conquered:51 dwarf:conquered:59,4,27,24,0,2,0,80,1,18077.5,16769.5,16741.3,0.863,7,2,0,4,0
base,steadfast,greedy,137,won,51,51,,0,0,0,archmage:conquered:27 orc:conquered:35 goblin:conquered:43 dwarf:conquered:51,2,23,21,0,2,0,75,6,19642.6,17894.7,16741.3,0.898,6,1,0,3,0
base,steadfast,greedy,138,active,71,,,0,0,0,archmage:conquered:25,3,18,15,0,2,0,77,2,19061.2,17500.6,16741.3,0.885,8,1,0,3,0
base,steadfast,greedy,139,won,46,46,,0,0,0,archmage:conquered:21 goblin:conquered:30 orc:conquered:38 dwarf:conquered:46,2,18,17,0,2,0,72,4,19742.8,17905.7,15969.3,0.918,6,1,0,5,0
base,steadfast,greedy,140,won,46,46,,0,0,0,archmage:conquered:20 goblin:conquered:30 orc:conquered:38 dwarf:conquered:46,2,20,18,0,2,0,73,2,19410.5,17638,15969.3,0.923,6,1,0,4,0
base,steadfast,greedy,141,won,46,46,,0,0,0,archmage:conquered:20 orc:conquered:30 goblin:conquered:38 dwarf:conquered:46,2,22,21,0,2,0,69,0,20096.7,18247.6,15969.3,0.938,6,1,0,5,0
base,steadfast,greedy,142,won,63,63,,0,0,0,archmage:conquered:39 orc:conquered:47 goblin:conquered:55 dwarf:conquered:63,4,30,27,0,2,0,81,3,17201.9,16069.3,16741.3,0.881,8,2,0,4,0
base,steadfast,greedy,143,won,48,48,,0,0,0,goblin:conquered:24 archmage:conquered:32 orc:conquered:40 dwarf:conquered:48,4,23,22,0,2,0,69,1,19607.3,17804.7,16741.3,0.903,6,1,0,5,0
base,steadfast,greedy,144,won,59,59,,0,0,0,archmage:conquered:33 goblin:conquered:43 orc:conquered:51 dwarf:conquered:59,3,27,23,0,2,0,79,4,17247.2,16073.5,16741.3,0.881,7,2,0,5,0
base,steadfast,greedy,145,won,50,50,,0,0,0,goblin:conquered:26 archmage:conquered:34 orc:conquered:42 dwarf:conquered:50,3,23,22,0,2,0,77,9,20163.9,18390.7,16741.3,0.915,6,1,0,5,0
base,steadfast,greedy,146,won,61,61,,0,0,0,goblin:conquered:35 archmage:conquered:44 orc:conquered:53 dwarf:conquered:61,3,30,25,0,2,0,85,4,17099.7,16029.9,16741.3,0.877,8,2,0,9,0
base,steadfast,greedy,147,won,48,48,,0,0,0,goblin:conquered:24 archmage:conquered:32 orc:conquered:40 dwarf:conquered:48,3,23,22,0,2,0,71,3,19770.4,17999,16741.3,0.91,6,2,0,3,0
base,steadfast,greedy,148,won,52,52,,0,0,0,archmage:conquered:27 orc:conquered:36 goblin:conquered:44 dwarf:conquered:52,4,23,21,0,2,0,73,2,19889.1,18061,16741.3,0.902,6,4,0,4,0
base,steadfast,greedy,149,won,68,68,,0,0,0,archmage:conquered:44 orc:conquered:52 goblin:conquered:60 dwarf:conquered:68,5,34,28,0,2,0,94,13,16811.2,15676.4,16741.3,0.861,8,1,0,5,0
base,steadfast,greedy,150,won,54,54,,0,0,0,archmage:conquered:30 orc:conquered:38 goblin:conquered:46 dwarf:conquered:54,4,24,21,0,2,0,75,2,20207.1,18519.3,16741.3,0.912,7,1,0,4,0
base,steadfast,greedy,151,won,46,46,,0,0,0,archmage:conquered:21 goblin:conquered:30 orc:conquered:38 dwarf:conquered:46,3,24,22,0,2,0,74,5,18822.5,17170.2,15969.3,0.904,5,2,0,3,0
base,steadfast,greedy,152,won,50,50,,0,0,0,archmage:conquered:26 goblin:conquered:34 orc:conquered:42 dwarf:conquered:50,4,21,19,0,2,0,71,3,19969.5,18161.9,16741.3,0.898,6,2,0,4,0
base,steadfast,greedy,153,won,49,49,,0,0,0,archmage:conquered:24 orc:conquered:33 goblin:conquered:41 dwarf:conquered:49,2,24,22,0,2,0,75,2,19612,17867.3,16741.3,0.896,6,1,0,6,0
base,steadfast,greedy,154,won,65,65,,0,0,0,orc:conquered:41 goblin:conquered:49 archmage:conquered:57 dwarf:conquered:65,4,29,23,0,3,1,88,5,16787.6,15771,16741.3,0.878,8,2,0,7,0
base,steadfast,greedy,155,won,54,54,,0,0,0,archmage:conquered:30 goblin:conquered:38 orc:conquered:46 dwarf:conquered:54,3,25,23,0,3,1,72,1,19605.2,17945.7,16741.3,0.896,7,4,0,4,0
base,steadfast,greedy,156,won,46,46,,0,0,0,goblin:conquered:21 archmage:conquered:30 orc:conquered:38 dwarf:conquered:46,3,21,19,0,2,0,72,4,18889,17202,15969.3,0.899,6,2,0,4,0
base,steadfast,greedy,157,won,49,49,,0,0,0,goblin:conquered:24 archmage:conquered:33 orc:conquered:41 dwarf:conquered:49,2,23,20,0,2,0,69,0,20123.4,18288.8,16741.3,0.91,6,7,0,3,0
base,steadfast,greedy,158,won,69,69,,0,0,0,archmage:conquered:44 orc:conquered:53 goblin:conquered:61 dwarf:conquered:69,4,36,32,0,2,0,84,6,16342.4,15328.9,16741.3,0.848,8,1,0,6,0
base,steadfast,greedy,159,won,50,50,,0,0,0,archmage:conquered:26 goblin:conquered:34 orc:conquered:42 dwarf:conquered:50,3,24,23,0,2,0,69,1,20288.2,18443.5,16741.3,0.912,6,1,0,4,0
base,steadfast,greedy,160,won,66,66,,0,0,0,archmage:conquered:42 dwarf:conquered:50 goblin:conquered:58 orc:conquered:66,4,35,31,0,2,0,83,4,17663.1,16507.2,16741.3,0.904,8,5,0,7,0
base,steadfast,greedy,161,won,58,58,,0,0,0,archmage:conquered:33 orc:conquered:42 goblin:conquered:50 dwarf:conquered:58,3,23,19,0,2,0,84,5,16162.2,15126,16741.3,0.841,7,6,0,2,0
base,steadfast,greedy,162,won,49,49,,0,0,0,archmage:conquered:22 orc:conquered:33 goblin:conquered:41 dwarf:conquered:49,2,24,22,0,2,0,75,5,19914.9,18129.5,16741.3,0.903,6,1,0,3,0
base,steadfast,greedy,163,won,62,62,,0,0,0,archmage:conquered:38 orc:conquered:46 goblin:conquered:54 dwarf:conquered:62,4,30,26,0,3,1,83,4,17723.5,16466.5,16741.3,0.864,7,2,0,5,0
base,steadfast,greedy,164,won,46,46,,0,0,0,goblin:conquered:21 archmage:conquered:30 orc:conquered:38 dwarf:conquered:46,3,24,23,0,2,0,69,1,19101.6,17369.9,15969.3,0.908,6,2,0,3,0
base,steadfast,greedy,165,won,57,57,,0,0,0,archmage:conquered:33 orc:conquered:41 goblin:conquered:49 dwarf:conquered:57,5,27,24,0,2,0,78,5,18189.8,16744.2,16741.3,0.872,7,1,0,4,0
base,steadfast,greedy,166,won,48,48,,0,0,0,goblin:conquered:24 archmage:conquered:32 orc:conquered:40 dwarf:conquered:48,4,22,20,0,2,0,71,2,19905.9,18170.3,16741.3,0.902,6,2,0,4,0
base,steadfast,greedy,167,won,47,47,,0,0,0,archmage:conquered:22 goblin:conquered:31 orc:conquered:39 dwarf:conquered:47,2,26,23,0,2,0,78,3,16985.1,15538.3,16355.3,0.834,5,1,0,4,0
base,steadfast,greedy,168,won,48,48,,0,0,0,goblin:conquered:23 archmage:conquered:32 orc:conquered:40 dwarf:conquered:48,2,20,18,0,2,0,73,3,20288.5,18448.3,16741.3,0.914,6,3,0,3,0
base,steadfast,greedy,169,won,65,65,,0,0,0,archmage:conquered:41 orc:conquered:49 goblin:conquered:57 dwarf:conquered:65,5,33,29,0,2,0,86,9,17502.2,16188.3,16741.3,0.863,8,2,0,4,0
base,steadfast,greedy,170,won,62,62,,0,0,0,archmage:conquered:37 orc:conquered:46 goblin:conquered:54 dwarf:conquered:62,4,27,24,0,2,0,78,1,18414.7,17083.8,16741.3,0.905,8,6,0,4,0
base,steadfast,greedy,171,won,46,46,,0,0,0,archmage:conquered:21 goblin:conquered:30 orc:conquered:38 dwarf:conquered:46,2,23,22,0,2,0,71,3,18344.7,16746.4,15969.3,0.906,5,4,0,4,0
base,steadfast,greedy,172,won,65,65,,0,0,0,archmage:conquered:41 orc:conquered:49 goblin:conquered:57 dwarf:conquered:65,6,32,28,0,2,0,84,3,17807.5,16714.7,16741.3,0.897,8,2,0,6,0
base,steadfast,greedy,173,won,57,57,,0,0,0,archmage:conquered:33 goblin:conquered:41 orc:conquered:49 dwarf:conquered:57,2,25,22,0,2,0,76,5,18149.7,16636.9,16741.3,0.869,8,4,0,3,0
base,steadfast,greedy,174,won,60,60,,0,0,0,archmage:conquered:36 orc:conquered:44 goblin:conquered:52 dwarf:conquered:60,3,25,21,0,2,0,82,4,16841,15788.6,16741.3,0.844,7,3,0,4,0
base,steadfast,greedy,175,won,61,61,,0,0,0,archmage:conquered:37 orc:conquered:45 goblin:conquered:53 dwarf:conquered:61,4,28,25,0,2,0,82,5,19071.8,17589,16741.3,0.901,7,1,0,7,0
base,steadfast,greedy,176,won,48,48,,0,0,0,archmage:conquered:23 goblin:conquered:32 orc:conquered:40 dwarf:conquered:48,1,19,17,0,3,1,72,3,18239.4,16655.2,16741.3,0.86,6,1,0,2,0
base,steadfast,greedy,177,won,63,63,,0,0,0,goblin:conquered:39 orc:conquered:47 archmage:conquered:55 dwarf:conquered:63,5,28,23,0,2,0,87,6,18182.9,16872.9,16741.3,0.891,8,2,0,6,0
base,steadfast,greedy,178,won,55,55,,0,0,0,archmage:conquered:31 orc:conquered:39 goblin:conquered:47 dwarf:conquered:55,3,26,24,0,2,0,69,1,17380.7,15957.2,16741.3,0.845,6,1,0,3,0
base,steadfast,greedy,179,won,55,55,,0,0,0,archmage:conquered:31 orc:conquered:39 goblin:conquered:47 dwarf:conquered:55,5,26,24,0,3,1,72,4,19929.6,18183.2,16741.3,0.904,7,2,0,6,0
base,steadfast,greedy,180,won,64,64,,0,0,0,archmage:conquered:40 goblin:conquered:48 orc:conquered:56 dwarf:conquered:64,5,34,30,0,2,0,80,2,17995.3,16657.2,16741.3,0.893,8,1,0,5,0
base,steadfast,greedy,181,won,47,47,,0,0,0,archmage:conquered:22 goblin:conquered:31 orc:conquered:39 dwarf:conquered:47,2,24,22,0,2,0,73,2,18701.1,17071,16355.3,0.877,5,2,0,6,0
base,steadfast,greedy,182,won,46,46,,0,0,0,goblin:conquered:22 archmage:conquered:30 orc:conquered:38 dwarf:conquered:46,3,27,26,0,2,0,75,7,18970.3,17277.8,15969.3,0.916,6,2,0,4,0
base,steadfast,greedy,183,won,61,61,,0,0,0,archmage:conquered:37 goblin:conquered:45 orc:conquered:53 dwarf:conquered:61,3,28,26,0,2,0,84,9,17209.9,15913.3,16741.3,0.868,8,2,0,5,0
base,steadfast,greedy,184,won,58,58,,0,0,0,goblin:conquered:33 archmage:conquered:42 orc:conquered:50 dwarf:conquered:58,3,30,25,0,2,0,84,4,17549,16380.5,16741.3,0.87,7,5,0,7,0
base,steadfast,greedy,185,won,51,51,,0,0,0,archmage:conquered:26 orc:conquered:35 goblin:conquered:43 dwarf:conquered:51,2,25,22,0,2,0,72,3,20519.3,18625.9,16741.3,0.926,6,1,0,3,0
base,steadfast,greedy,186,won,52,52,,0,0,0,archmage:conquered:27 orc:conquered:36 goblin:conquered:44 dwarf:conquered:52,3,24,23,0,2,0,75,7,19727.6,17975.9,16741.3,0.903,7,5,0,5,0
base,steadfast,greedy,187,won,46,46,,0,0,0,archmage:conquered:22 orc:conquered:30 goblin:conquered:38 dwarf:conquered:46,2,21,19,0,2,0,77,4,19743.5,18003.3,15969.3,0.923,6,1,0,6,0
base,steadfast,greedy,188,won,49,49,,0,0,0,archmage:conquered:25 goblin:conquered:33 orc:conquered:41 dwarf:conquered:49,2,22,20,0,2,0,71,3,18945.7,17273.6,16741.3,0.873,6,1,0,3,0
base,steadfast,greedy,189,won,46,46,,0,0,0,archmage:conquered:22 goblin:conquered:30 orc:conquered:38 dwarf:conquered:46,3,21,20,0,2,0,72,4,19141.9,17472.5,15969.3,0.911,6,2,0,5,0
base,steadfast,greedy,190,won,63,63,,0,0,0,goblin:conquered:38 archmage:conquered:47 orc:conquered:55 dwarf:conquered:63,5,32,27,0,2,0,83,3,18693.2,17298.4,16741.3,0.898,8,2,0,6,0
base,steadfast,greedy,191,won,50,50,,0,0,0,goblin:conquered:25 archmage:conquered:34 orc:conquered:42 dwarf:conquered:50,1,21,18,0,2,0,80,3,18323.2,16870.6,16741.3,0.883,6,2,0,5,0
base,steadfast,greedy,192,won,56,56,,0,0,0,archmage:conquered:32 goblin:conquered:40 orc:conquered:48 dwarf:conquered:56,4,28,26,0,2,0,70,1,20789.5,18949.1,16741.3,0.917,7,6,0,5,0
base,steadfast,greedy,193,won,49,49,,0,0,0,archmage:conquered:23 orc:conquered:33 goblin:conquered:41 dwarf:conquered:49,2,21,19,0,2,0,75,4,19901.1,18130.2,16741.3,0.904,6,3,0,5,0
base,steadfast,greedy,194,won,50,50,,0,0,0,archmage:conquered:25 orc:conquered:34 goblin:conquered:42 dwarf:conquered:50,3,27,24,0,2,0,70,1,20486.6,18614.8,16741.3,0.924,6,1,0,5,0
base,steadfast,greedy,195,won,46,46,,0,0,0,archmage:conquered:21 goblin:conquered:30 orc:conquered:38 dwarf:conquered:46,2,21,20,0,3,1,73,4,19318.9,17624.3,15969.3,0.926,5,2,0,5,0
base,steadfast,greedy,196,won,46,46,,0,0,0,archmage:conquered:22 goblin:conquered:30 orc:conquered:38 dwarf:conquered:46,3,21,19,0,2,0,71,3,18475.2,16865.2,15969.3,0.883,5,1,0,4,0
base,steadfast,greedy,197,won,46,46,,0,0,0,archmage:conquered:22 orc:conquered:30 goblin:conquered:38 dwarf:conquered:46,2,20,18,0,2,0,80,5,18314.7,16700.6,15969.3,0.887,6,1,0,2,0
base,steadfast,greedy,198,won,66,66,,0,0,0,archmage:conquered:42 orc:conquered:50 goblin:conquered:58 dwarf:conquered:66,5,32,26,0,2,0,80,2,18108.8,16955.4,16741.3,0.892,8,1,0,6,0
base,steadfast,greedy,199,won,46,46,,0,0,0,archmage:conquered:22 goblin:conquered:30 orc:conquered:38 dwarf:conquered:46,2,24,22,0,2,0,75,4,18715.2,17097.8,15969.3,0.897,5,2,0,4,0
base,steadfast,greedy,200,won,48,48,,0,0,0,archmage:conquered:23 goblin:conquered:32 orc:conquered:40 dwarf:conquered:48,2,21,20,0,3,1,72,5,19791.2,18044.5,16741.3,0.882,6,2,0,3,0
base,steadfast,greedy,201,won,67,67,,0,0,0,archmage:conquered:43 orc:conquered:51 goblin:conquered:59 dwarf:conquered:67,4,31,27,0,3,1,88,7,17088.6,15956.2,16741.3,0.863,8,2,0,7,0
base,steadfast,greedy,202,won,46,46,,0,0,0,archmage:conquered:22 goblin:conquered:30 orc:conquered:38 dwarf:conquered:46,2,24,22,0,2,0,71,2,17450.1,15938.1,15969.3,0.866,5,2,0,3,0
base,steadfast,greedy,203,won,52,52,,0,0,0,archmage:conquered:28 orc:conquered:36 goblin:conquered:44 dwarf:conquered:52,3,26,24,0,2,0,74,5,19258.8,17541.9,16741.3,0.881,6,2,0,3,0
base,steadfast,greedy,204,won,56,56,,0,0,0,archmage:conquered:32 orc:conquered:40 goblin:conquered:48 dwarf:conquered:56,3,26,24,0,2,0,74,3,19026.6,17363.5,16741.3,0.869,7,1,0,3,0
base,steadfast,greedy,205,won,48,48,,0,0,0,archmage:conquered:23 goblin:conquered:32 orc:conquered:40 dwarf:conquered:48,2,21,19,0,2,0,74,2,20244.5,18514.6,16741.3,0.922,6,1,0,3,0
base,steadfast,greedy,206,won,50,50,,0,0,0,goblin:conquered:26 archmage:conquered:34 orc:conquered:42 dwarf:conquered:50,2,22,21,0,2,0,72,4,21093,19143.6,16741.3,0.93,6,1,0,5,0
base,steadfast,greedy,207,won,67,67,,0,0,0,archmage:conquered:43 goblin:conquered:51 orc:conquered:59 dwarf:conquered:67,4,33,29,0,2,0,87,3,17191.1,16071.9,16741.3,0.881,8,2,0,5,0
base,steadfast,greedy,208,won,67,67,,0,0,0,archmage:conquered:43 goblin:conquered:51 orc:conquered:59 dwarf:conquered:67,4,33,28,0,2,0,86,7,17170.4,16057.7,16741.3,0.884,8,2,0,5,0
base,steadfast,greedy,209,won,47,47,,0,0,0,archmage:conquered:22 orc:conquered:31 goblin:conquered:39 dwarf:conquered:47,1,19,17,0,2,0,71,2,19187.3,17489.5,16355.3,0.879,7,1,0,6,0
base,steadfast,greedy,210,won,66,66,,0,0,0,archmage:conquered:42 orc:conquered:50 goblin:conquered:58 dwarf:conquered:66,4,36,31,0,2,0,86,8,16671.5,15569.6,16741.3,0.881,8,2,0,5,0
base,steadfast,greedy,211,won,60,60,,0,0,0,archmage:conquered:36 goblin:conquered:44 orc:conquered:52 dwarf:conquered:60,2,27,25,0,2,0,77,5,18850.7,17330.5,16741.3,0.867,7,4,0,3,0
base,steadfast,greedy,212,active,71,,,0,0,0,goblin:conquered:45 archmage:conquered:55 orc:conquered:63,5,37,25,0,2,0,108,2,17058.1,16226.3,16741.3,0.889,8,2,0,19,0
base,steadfast,greedy,213,won,56,56,,0,0,0,goblin:conquered:31 archmage:conquered:40 orc:conquered:48 dwarf:conquered:56,2,26,22,0,3,1,84,5,16163.7,15031.2,16741.3,0.807,6,2,0,6,0
base,steadfast,greedy,214,won,52,52,,0,0,0,goblin:conquered:25 archmage:conquered:35 orc:conquered:44 dwarf:conquered:52,2,24,22,0,2,0,68,0,19711.6,18042,16741.3,0.899,7,1,0,4,0
base,steadfast,greedy,215,won,57,57,,0,0,0,goblin:conquered:33 orc:conquered:41 archmage:conquered:49 dwarf:conquered:57,3,27,25,0,2,0,84,7,18460.1,16793.1,16741.3,0.869,7,8,0,6,0
base,steadfast,greedy,216,won,49,49,,0,0,0,archmage:conquered:25 goblin:conquered:33 orc:conquered:41 dwarf:conquered:49,2,22,21,0,3,1,76,2,18461,16938,16741.3,0.887,6,4,0,4,0
base,steadfast,greedy,217,won,54,54,,0,0,0,archmage:conquered:30 goblin:conquered:38 orc:conquered:46 dwarf:conquered:54,3,27,26,0,2,0,70,2,19086,17424,16741.3,0.867,7,1,0,5,0
base,steadfast,greedy,218,won,61,61,,0,0,0,goblin:conquered:35 archmage:conquered:45 orc:conquered:53 dwarf:conquered:61,4,30,25,0,2,0,87,3,17567.1,16403.5,16741.3,0.876,8,1,0,11,0
base,steadfast,greedy,219,won,50,50,,0,0,0,goblin:conquered:26 archmage:conquered:34 orc:conquered:42 dwarf:conquered:50,3,23,21,0,2,0,75,6,19143.6,17429.4,16741.3,0.874,6,1,0,5,0
base,steadfast,greedy,220,won,54,54,,0,0,0,archmage:conquered:30 orc:conquered:38 goblin:conquered:46 dwarf:conquered:54,4,25,23,0,2,0,71,2,19414.7,17701.4,16741.3,0.882,6,1,0,5,0
base,steadfast,greedy,221,won,55,55,,0,0,0,archmage:conquered:31 orc:conquered:39 goblin:conquered:47 dwarf:conquered:55,3,28,26,0,2,0,79,2,19703.4,18020.7,16741.3,0.898,7,1,0,5,0
base,steadfast,greedy,222,won,58,58,,0,0,0,archmage:conquered:34 goblin:conquered:42 orc:conquered:50 dwarf:conquered:58,3,28,26,0,2,0,70,1,19499.4,17861.7,16741.3,0.886,7,2,0,5,0
base,steadfast,greedy,223,won,46,46,,0,0,0,goblin:conquered:21 archmage:conquered:30 orc:conquered:38 dwarf:conquered:46,2,22,20,0,2,0,76,5,18688.1,16986.1,15969.3,0.895,6,1,0,4,0
base,steadfast,greedy,224,won,48,48,,0,0,0,archmage:conquered:24 goblin:conquered:32 orc:conquered:40 dwarf:conquered:48,2,22,21,0,2,0,71,3,19750.9,17999.7,16741.3,0.902,6,2,0,5,0
base,steadfast,greedy,225,won,51,51,,0,0,0,archmage:conquered:25 goblin:conquered:35 orc:conquered:43 dwarf:conquered:51,2,23,20,0,5,3,77,5,19334.5,17696.5,16741.3,0.885,6,2,0,4,0
base,steadfast,greedy,226,won,47,47,,0,0,0,archmage:conquered:21 goblin:conquered:31 orc:conquered:39 dwarf:conquered:47,2,25,24,0,2,0,71,2,19381.7,17640.2,16355.3,0.906,6,3,0,4,0
base,steadfast,greedy,227,won,48,48,,0,0,0,goblin:conquered:24 archmage:conquered:32 orc:conquered:40 dwarf:conquered:48,2,19,18,0,2,0,73,5,19729.1,17978.4,16741.3,0.911,6,1,0,4,0
base,steadfast,greedy,228,won,66,66,,0,0,0,archmage:conquered:42 goblin:conquered:50 orc:conquered:58 dwarf:conquered:66,4,33,29,0,2,0,84,7,17826.7,16645.4,16741.3,0.891,9,1,0,3,0
base,steadfast,greedy,229,won,52,52,,0,0,0,archmage:conquered:26 goblin:conquered:36 orc:conquered:44 dwarf:conquered:52,3,25,23,0,2,0,83,4,18100.3,16660,16741.3,0.873,6,4,0,4,0
base,steadfast,greedy,230,won,46,46,,0,0,0,archmage:conquered:21 goblin:conquered:30 orc:conquered:38 dwarf:conquered:46,2,22,20,0,2,0,74,1,19516.5,17804.9,15969.3,0.925,6,2,0,5,0
base,steadfast,greedy,231,won,55,55,,0,0,0,goblin:conquered:31 archmage:conquered:39 orc:conquered:47 dwarf:conquered:55,3,25,23,0,2,0,76,5,19183.7,17582.4,16741.3,0.881,6,2,0,5,0
base,steadfast,greedy,232,won,56,56,,0,0,0,archmage:conquered:31 goblin:conquered:39 orc:conquered:48 dwarf:conquered:56,5,29,27,0,2,0,73,4,19904.7,18129.4,16741.3,0.903,7,1,0,7,0
base,steadfast,greedy,233,won,62,62,,0,0,0,archmage:conquered:38 goblin:conquered:46 orc:conquered:54 dwarf:conquered:62,3,31,28,0,2,0,83,3,18195.2,16877.7,16741.3,0.903,8,2,0,5,0
base,steadfast,greedy,234,won,66,66,,0,0,0,archmage:conquered:42 goblin:conquered:50 orc:conquered:58 dwarf:conquered:66,5,35,30,0,2,0,90,7,18385.3,17114.1,16741.3,0.91,8,1,0,9,0
base,steadfast,greedy,235,won,48,48,,0,0,0,goblin:conquered:24 archmage:conquered:32 orc:conquered:40 dwarf:conquered:48,4,23,20,0,2,0,71,2,19614.1,17821.5,16741.3,0.899,6,3,0,3,0
base,steadfast,greedy,236,won,66,66,,0,0,0,archmage:conquered:42 orc:conquered:50 goblin:conquered:58 dwarf:conquered:66,3,31,28,0,2,0,77,0,17089.1,15892.5,16741.3,0.862,8,2,0,5,0
base,steadfast,greedy,237,won,67,67,,0,0,0,archmage:conquered:43 goblin:conquered:51 orc:conquered:59 dwarf:conquered:67,5,37,31,0,2,0,82,3,17656.8,16566.1,16741.3,0.896,9,2,0,6,0
base,steadfast,greedy,238,won,51,51,,0,0,0,archmage:conquered:27 goblin:conquered:35 orc:conquered:43 dwarf:conquered:51,2,24,22,0,2,0,81,7,19229.5,17571.7,16741.3,0.885,6,1,0,6,0
base,steadfast,greedy,239,won,48,48,,0,0,0,goblin:conquered:22 archmage:conquered:32 orc:conquered:40 dwarf:conquered:48,2,25,22,0,2,0,75,1,18421.8,16785.2,16741.3,0.887,6,1,0,4,0
base,steadfast,greedy,240,won,61,61,,0,0,0,archmage:conquered:37 orc:conquered:45 goblin:conquered:53 dwarf:conquered:61,4,30,26,1,4,2,89,7,17859.3,16533.6,16741.3,0.858,7,2,0,4,0
base,steadfast,greedy,241,won,64,64,,0,0,0,archmage:conquered:40 orc:conquered:48 goblin:conquered:56 dwarf:conquered:64,5,34,31,0,2,0,83,3,18396.4,17109.1,16741.3,0.898,8,1,0,5,0
base,steadfast,greedy,242,won,55,55,,0,0,0,orc:conquered:31 archmage:conquered:39 dwarf:conquered:47 goblin:conquered:55,3,24,22,0,3,1,75,5,18731.7,17174.5,16741.3,0.889,7,2,0,4,0
base,steadfast,greedy,243,won,46,46,,0,0,0,goblin:conquered:22 archmage:conquered:30 orc:conquered:38 dwarf:conquered:46,2,21,20,0,3,1,76,8,18285.1,16665.6,15969.3,0.888,6,2,0,5,0
base,steadfast,greedy,244,won,61,61,,0,0,0,archmage:conquered:35 orc:conquered:45 goblin:conquered:53 dwarf:conquered:61,3,29,23,0,4,2,93,12,15392.5,14459.7,16741.3,0.793,7,3,0,5,0
base,steadfast,greedy,245,won,47,47,,0,0,0,dwarf:conquered:21 archmage:conquered:30 goblin:conquered:38 orc:conquered:47,3,24,23,0,2,0,70,2,19496.1,17733.9,16355.3,0.912,6,1,0,6,0
base,steadfast,greedy,246,won,48,48,,0,0,0,goblin:conquered:23 archmage:conquered:32 orc:conquered:40 dwarf:conquered:48,2,20,19,0,2,0,73,5,18725.2,17084.9,16741.3,0.875,5,1,0,3,0
base,steadfast,greedy,247,won,55,55,,0,0,0,goblin:conquered:31 archmage:conquered:39 orc:conquered:47 dwarf:conquered:55,3,25,22,0,2,0,74,5,19063.2,17444.3,16741.3,0.896,7,2,0,3,0
base,steadfast,greedy,248,won,56,56,,0,0,0,archmage:conquered:31 goblin:conquered:39 orc:conquered:48 dwarf:conquered:56,4,29,27,0,2,0,72,3,19783.2,17946.1,16741.3,0.888,7,1,0,3,0
base,steadfast,greedy,249,won,51,51,,0,0,0,archmage:conquered:26 orc:conquered:35 goblin:conquered:43 dwarf:conquered:51,2,25,23,0,2,0,75,3,19253,17558.4,16741.3,0.883,6,3,0,4,0
base,steadfast,greedy,250,won,52,52,,0,0,0,archmage:conquered:27 orc:conquered:36 goblin:conquered:44 dwarf:conquered:52,3,22,20,0,2,0,77,3,19917.4,18102.5,16741.3,0.904,6,1,0,3,0
base,steadfast,greedy,251,won,62,62,,0,0,0,archmage:conquered:38 orc:conquered:46 goblin:conquered:54 dwarf:conquered:62,4,26,23,0,3,1,77,1,18063.6,16765.5,16741.3,0.883,8,3,0,3,0
base,steadfast,greedy,252,won,46,46,,0,0,0,archmage:conquered:21 goblin:conquered:30 orc:conquered:38 dwarf:conquered:46,3,25,23,0,2,0,77,4,17788.4,16235.9,15969.3,0.874,5,1,0,5,0
base,steadfast,greedy,253,won,51,51,,0,0,0,archmage:conquered:27 goblin:conquered:35 orc:conquered:43 dwarf:conquered:51,3,25,24,0,2,0,71,3,19811.1,18047.7,16741.3,0.906,7,2,0,4,0
base,steadfast,greedy,254,won,50,50,,0,0,0,archmage:conquered:23 orc:conquered:34 goblin:conquered:42 dwarf:conquered:50,2,22,21,0,2,0,76,2,19100,17404.4,16741.3,0.882,6,8,0,4,0
base,steadfast,greedy,255,won,62,62,,0,0,0,archmage:conquered:38 orc:conquered:46 goblin:conquered:54 dwarf:conquered:62,5,31,27,0,2,0,81,3,18886.8,17420.7,16741.3,0.907,8,1,0,7,0
base,steadfast,greedy,256,won,61,61,,0,0,0,archmage:conquered:37 goblin:conquered:45 orc:conquered:53 dwarf:conquered:61,5,29,26,0,3,1,81,2,19009,17510.4,16741.3,0.89,8,2,0,6,0
base,steadfast,greedy,257,won,58,58,,0,0,0,archmage:conquered:34 dwarf:conquered:42 goblin:conquered:50 orc:conquered:58,4,25,20,0,2,0,84,5,17182.3,16063.1,16741.3,0.85,7,1,0,5,0
base,steadfast,greedy,258,won,48,48,,0,0,0,archmage:conquered:23 goblin:conquered:32 orc:conquered:40 dwarf:conquered:48,3,23,22,0,2,0,74,6,19166.5,17452.2,16741.3,0.884,6,2,0,5,0
base,steadfast,greedy,259,won,56,56,,0,0,0,archmage:conquered:32 goblin:conquered:40 orc:conquered:48 dwarf:conquered:56,4,28,27,0,4,2,72,5,17998.8,16538.7,16741.3,0.845,6,2,0,4,0
base,steadfast,greedy,260,won,47,47,,0,0,0,archmage:conquered:21 dwarf:conquered:31 goblin:conquered:39 orc:conquered:47,2,21,19,0,3,1,72,3,20247.9,18398,16355.3,0.934,6,2,0,4,0
base,steadfast,greedy,261,won,54,54,,0,0,0,archmage:conquered:30 orc:conquered:38 goblin:conquered:46 dwarf:conquered:54,3,25,23,0,3,1,70,2,20066.2,18341.9,16741.3,0.917,7,2,0,5,0
base,steadfast,greedy,262,won,67,67,,0,0,0,archmage:conquered:43 goblin:conquered:51 orc:conquered:59 dwarf:conquered:67,7,36,31,0,2,0,81,3,17524.9,16410.7,16741.3,0.884,9,1,0,5,0
base,steadfast,greedy,263,won,55,55,,0,0,0,archmage:conquered:31 goblin:conquered:39 orc:conquered:47 dwarf:conquered:55,4,29,28,0,2,0,75,7,19927.1,18137.3,16741.3,0.892,7,1,0,5,0
base,steadfast,greedy,264,won,62,62,,0,0,0,goblin:conquered:37 archmage:conquered:46 orc:conquered:54 dwarf:conquered:62,3,32,27,0,3,1,92,2,17483.7,16336.1,16741.3,0.856,7,4,0,12,0
base,steadfast,greedy,265,won,51,51,,0,0,0,archmage:conquered:26 orc:conquered:35 goblin:conquered:43 dwarf:conquered:51,2,24,22,0,3,1,76,6,19725.2,18020.6,16741.3,0.888,6,2,0,3,0
base,steadfast,greedy,266,won,64,64,,0,0,0,archmage:conquered:40 goblin:conquered:48 orc:conquered:56 dwarf:conquered:64,4,33,29,0,2,0,86,5,17512.9,16251.9,16741.3,0.883,8,6,0,7,0
base,steadfast,greedy,267,won,46,46,,0,0,0,goblin:conquered:21 archmage:conquered:30 orc:conquered:38 dwarf:conquered:46,1,22,20,0,2,0,75,4,17275.4,15778.7,15969.3,0.843,5,1,0,3,0
base,steadfast,greedy,268,won,63,63,,0,0,0,archmage:conquered:39 orc:conquered:47 dwarf:conquered:55 goblin:conquered:63,5,30,27,0,3,1,85,7,18045.5,16718.6,16741.3,0.851,7,2,0,5,0
base,steadfast,greedy,269,won,46,46,,0,0,0,archmage:conquered:22 goblin:conquered:30 orc:conquered:38 dwarf:conquered:46,2,18,17,0,2,0,70,3,17466.5,15980.1,15969.3,0.848,5,2,0,2,0
base,steadfast,greedy,270,won,50,50,,0,0,0,archmage:conquered:26 goblin:conquered:34 orc:conquered:42 dwarf:conquered:50,2,23,22,0,2,0,71,3,20787.9,18859,16741.3,0.93,6,2,0,3,0
base,steadfast,greedy,271,won,55,55,,0,0,0,goblin:conquered:31 archmage:conquered:39 orc:conquered:47 dwarf:conquered:55,4,25,23,0,2,0,74,4,18516.2,16886.5,16741.3,0.859,7,1,0,5,0
base,steadfast,greedy,272,won,46,46,,0,0,0,archmage:conquered:22 goblin:conquered:30 orc:conquered:38 dwarf:conquered:46,2,25,23,0,2,0,73,2,18046.5,16480.6,15969.3,0.887,6,2,0,5,0
base,steadfast,greedy,273,won,46,46,,0,0,0,archmage:conquered:20 goblin:conquered:30 orc:conquered:38 dwarf:conquered:46,3,22,21,0,2,0,72,4,17848.1,16285.2,15969.3,0.86,6,1,0,4,0
base,steadfast,greedy,274,won,63,63,,0,0,0,archmage:conquered:39 goblin:conquered:47 orc:conquered:55 dwarf:conquered:63,4,32,29,0,2,0,78,0,18705.6,17297.2,16741.3,0.896,7,2,0,5,0
base,steadfast,greedy,275,won,51,51,,0,0,0,archmage:conquered:27 orc:conquered:35 goblin:conquered:43 dwarf:conquered:51,3,24,23,0,2,0,69,1,19883,18107.6,16741.3,0.909,7,2,0,5,0
base,steadfast,greedy,276,won,54,54,,0,0,0,archmage:conquered:30 goblin:conquered:38 orc:conquered:46 dwarf:conquered:54,3,28,27,0,2,0,70,2,18759.6,17113.8,16741.3,0.867,6,1,0,4,0
base,steadfast,greedy,277,won,60,60,,0,0,0,archmage:conquered:36 goblin:conquered:44 orc:conquered:52 dwarf:conquered:60,5,27,24,0,2,0,80,2,19459.8,17902.7,16741.3,0.896,7,1,0,4,0
base,steadfast,greedy,278,active,71,,,0,0,0,archmage:conquered:31,4,25,23,0,3,1,74,5,20179.7,18393.8,16741.3,0.923,9,2,0,5,0
base,steadfast,greedy,279,won,51,51,,0,0,0,archmage:conquered:25 orc:conquered:35 goblin:conquered:43 dwarf:conquered:51,3,26,23,0,2,0,72,2,20307.6,18429.1,16741.3,0.906,7,1,0,4,0
base,steadfast,greedy,280,won,51,51,,0,0,0,archmage:conquered:26 orc:conquered:35 goblin:conquered:43 dwarf:conquered:51,2,23,21,0,3,1,78,8,18795.7,17194.1,16741.3,0.875,6,2,0,5,0
base,steadfast,greedy,281,won,49,49,,0,0,0,goblin:conquered:25 archmage:conquered:33 orc:conquered:41 dwarf:conquered:49,2,19,17,0,2,0,71,3,18705.4,17150.9,16741.3,0.874,5,1,0,4,0
base,steadfast,greedy,282,won,52,52,,0,0,0,archmage:conquered:27 orc:conquered:36 goblin:conquered:44 dwarf:conquered:52,3,26,23,0,2,0,80,7,19998.8,18155.6,16741.3,0.891,6,1,0,4,0
base,steadfast,greedy,283,won,63,63,,0,0,0,archmage:conquered:38 orc:conquered:47 goblin:conquered:55 dwarf:conquered:63,5,33,30,0,2,0,88,7,18353.5,16902.3,16741.3,0.872,7,2,0,4,0
base,steadfast,greedy,284,won,61,61,,0,0,0,archmage:conquered:37 goblin:conquered:45 orc:conquered:53 dwarf:conquered:61,4,28,25,0,2,0,80,6,17991,16639.9,16741.3,0.885,7,1,0,7,0
base,steadfast,greedy,285,won,63,63,,0,0,0,archmage:conquered:38 goblin:conquered:46 orc:conquered:55 dwarf:conquered:63,5,32,29,0,4,2,91,13,18237.2,16836.2,16741.3,0.845,7,2,0,6,0
base,steadfast,greedy,286,won,47,47,,0,0,0,archmage:conquered:22 orc:conquered:31 goblin:conquered:39 dwarf:conquered:47,2,23,21,0,2,0,72,3,19360.7,17623.7,16355.3,0.897,6,2,0,5,0
base,steadfast,greedy,287,won,60,60,,0,0,0,archmage:conquered:36 goblin:conquered:44 orc:conquered:52 dwarf:conquered:60,5,33,30,0,2,0,77,5,18556.2,17051.2,16741.3,0.885,7,2,0,5,0
base,steadfast,greedy,288,won,54,54,,0,0,0,goblin:conquered:30 archmage:conquered:38 orc:conquered:46 dwarf:conquered:54,3,26,24,0,3,1,75,5,18798.6,17231.3,16741.3,0.858,6,2,0,4,0
base,steadfast,greedy,289,won,59,59,,0,0,0,archmage:conquered:35 goblin:conquered:43 orc:conquered:51 dwarf:conquered:59,5,31,28,0,4,2,78,8,18975.6,17344.7,16741.3,0.881,8,2,0,5,0
base,steadfast,greedy,290,won,51,51,,0,0,0,archmage:conquered:27 orc:conquered:35 goblin:conquered:43 dwarf:conquered:51,2,24,23,0,2,0,72,4,18940.2,17250.4,16741.3,0.859,6,2,0,3,0
base,steadfast,greedy,291,won,48,48,,0,0,0,goblin:conquered:23 archmage:conquered:32 orc:conquered:40 dwarf:conquered:48,1,20,19,0,3,1,75,7,19132.9,17465.4,16741.3,0.889,6,1,0,6,0
base,steadfast,greedy,292,won,46,46,,0,0,0,archmage:conquered:22 orc:conquered:30 goblin:conquered:38 dwarf:conquered:46,2,19,18,0,2,0,71,4,17978,16398.5,15969.3,0.89,6,1,0,3,0
base,steadfast,greedy,293,won,52,52,,0,0,0,archmage:conquered:27 orc:conquered:36 goblin:conquered:44 dwarf:conquered:52,3,24,22,0,2,0,72,3,19393.6,17646.7,16741.3,0.886,7,1,0,5,0
base,steadfast,greedy,294,won,46,46,,0,0,0,goblin:conquered:21 archmage:conquered:30 orc:conquered:38 dwarf:conquered:46,3,24,21,0,2,0,72,3,19395.3,17679.8,15969.3,0.923,6,1,0,5,0
base,steadfast,greedy,295,won,50,50,,0,0,0,goblin:conquered:25 archmage:conquered:34 orc:conquered:42 dwarf:conquered:50,3,25,23,0,2,0,74,1,19199.6,17493.5,16741.3,0.888,6,1,0,4,0
base,steadfast,greedy,296,won,46,46,,0,0,0,orc:conquered:20 archmage:conquered:30 dwarf:conquered:38 goblin:conquered:46,1,16,14,0,2,0,71,2,18288.4,16707.7,15969.3,0.871,6,5,0,5,0
base,steadfast,greedy,297,won,46,46,,0,0,0,goblin:conquered:21 archmage:conquered:30 orc:conquered:38 dwarf:conquered:46,3,23,22,0,2,0,71,2,19831.1,18014.9,15969.3,0.941,6,1,0,4,0
base,steadfast,greedy,298,won,57,57,,0,0,0,archmage:conquered:33 orc:conquered:41 goblin:conquered:49 dwarf:conquered:57,3,26,24,0,2,0,69,1,20622.1,18886.3,16741.3,0.933,7,1,0,2,0
base,steadfast,greedy,299,won,46,46,,0,0,0,archmage:conquered:21 goblin:conquered:30 orc:conquered:38 dwarf:conquered:46,2,20,19,0,2,0,68,0,18349.3,16743.2,15969.3,0.891,5,2,0,5,0
base,steadfast,greedy,300,won,65,65,,0,0,0,archmage:conquered:41 orc:conquered:49 goblin:conquered:57 dwarf:conquered:65,4,33,29,0,2,0,84,4,17805.4,16495.8,16741.3,0.876,8,1,0,8,0
base,steadfast,push,1,won,46,46,,0,0,0,goblin:conquered:18 archmage:conquered:30 orc:conquered:38 dwarf:conquered:46,2,26,24,0,17,12,147,73,18336.6,16694.5,15969.3,0.867,5,6,0,2,0
base,steadfast,push,2,won,46,46,,0,0,0,goblin:conquered:21 archmage:conquered:30 orc:conquered:38 dwarf:conquered:46,2,27,24,0,23,9,148,74,18593.8,16878.8,15969.3,0.864,6,2,0,4,0
base,steadfast,push,3,won,49,49,,0,0,0,goblin:conquered:25 archmage:conquered:33 orc:conquered:41 dwarf:conquered:49,4,25,23,0,23,10,145,69,21532.3,19464.5,16741.3,0.93,6,1,0,2,0
base,steadfast,push,4,won,46,46,,0,0,0,archmage:conquered:21 goblin:conquered:30 orc:conquered:38 dwarf:conquered:46,2,22,21,0,22,12,144,71,17542.4,15981.5,15969.3,0.846,5,1,0,2,0
base,steadfast,push,5,won,48,48,,0,0,0,archmage:conquered:24 orc:conquered:32 goblin:conquered:40 dwarf:conquered:48,3,28,26,0,20,8,142,66,19875.4,18052.2,16741.3,0.89,6,1,0,2,0
base,steadfast,push,6,won,40,40,,0,0,0,orc:conquered:13 archmage:conquered:23 goblin:conquered:32 dwarf:conquered:40,1,15,14,0,20,8,140,66,15299.8,13971.1,13653.3,0.856,4,5,0,3,0
base,steadfast,push,7,won,42,42,,0,0,0,goblin:conquered:18 archmage:conquered:26 orc:conquered:34 dwarf:conquered:42,2,20,19,0,19,12,134,61,17447.3,15899.7,14425.3,0.91,5,2,0,0,0
base,steadfast,push,8,won,50,50,,0,0,0,goblin:conquered:26 archmage:conquered:34 orc:conquered:42 dwarf:conquered:50,4,29,26,0,22,9,147,73,20226.7,18372.4,16741.3,0.902,6,1,0,1,0
base,steadfast,push,9,won,46,46,,0,0,0,archmage:conquered:20 goblin:conquered:30 orc:conquered:38 dwarf:conquered:46,2,20,19,0,19,12,154,81,18116.4,16488,15969.3,0.853,5,2,0,2,0
base,steadfast,push,10,won,46,46,,0,0,0,goblin:conquered:20 archmage:conquered:30 orc:conquered:38 dwarf:conquered:46,3,23,20,0,20,8,147,68,19292.8,17554.3,15969.3,0.896,5,2,0,2,0
base,steadfast,push,11,won,46,46,,0,0,0,archmage:conquered:20 orc:conquered:30 goblin:conquered:38 dwarf:conquered:46,2,20,18,0,21,9,151,75,19015.1,17298.5,15969.3,0.875,5,1,0,1,0
base,steadfast,push,12,won,50,50,,0,0,0,archmage:conquered:26 orc:conquered:34 goblin:conquered:42 dwarf:conquered:50,4,30,28,0,23,10,142,67,20430,18535.3,16741.3,0.916,6,2,0,1,0
base,steadfast,push,13,won,41,41,,0,0,0,orc:conquered:13 archmage:conquered:25 dwarf:conquered:33 goblin:conquered:41,2,22,20,0,24,10,135,65,17296.1,15761.1,14039.3,0.913,5,4,0,2,0
base,steadfast,push,14,won,46,46,,0,0,0,archmage:conquered:22 goblin:conquered:30 orc:conquered:38 dwarf:conquered:46,3,26,24,0,22,9,149,75,18000.9,16374.2,15969.3,0.869,5,1,0,3,0
base,steadfast,push,15,won,46,46,,0,0,0,archmage:conquered:20 goblin:conquered:30 orc:conquered:38 dwarf:conquered:46,3,25,22,0,20,9,142,66,18940.8,17230.4,15969.3,0.902,5,2,0,2,0
base,steadfast,push,16,won,40,40,,0,0,0,orc:conquered:15 goblin:conquered:24 archmage:conquered:32 dwarf:conquered:40,2,20,19,0,19,12,149,77,15590.9,14237.3,13653.3,0.876,5,2,0,2,0
base,steadfast,push,17,won,46,46,,0,0,0,goblin:conquered:19 archmage:conquered:30 orc:conquered:38 dwarf:conquered:46,3,22,20,0,19,12,144,70,18441,16784.8,15969.3,0.88,5,1,0,1,0
base,steadfast,push,18,won,46,46,,0,0,0,archmage:conquered:20 orc:conquered:30 goblin:conquered:38 dwarf:conquered:46,2,25,23,0,20,9,143,68,19139.9,17399.3,15969.3,0.896,6,2,0,2,0
base,steadfast,push,19,won,47,47,,0,0,0,archmage:conquered:20 goblin:conquered:30 orc:conquered:39 dwarf:conquered:47,3,26,24,0,23,9,138,68,19910.5,18046.5,16355.3,0.907,6,3,0,1,0
base,steadfast,push,20,won,41,41,,0,0,0,orc:conquered:13 goblin:conquered:25 archmage:conquered:33 dwarf:conquered:41,2,19,18,0,19,12,140,68,16120.2,14715.9,14039.3,0.886,5,1,0,1,0
base,steadfast,push,21,won,40,40,,0,0,0,goblin:conquered:13 archmage:conquered:23 orc:conquered:32 dwarf:conquered:40,2,18,17,0,23,10,146,74,17146.9,15620.1,13653.3,0.916,5,1,0,1,0
base,steadfast,push,22,won,38,38,,0,0,0,goblin:conquered:13 archmage:conquered:22 orc:conquered:30 dwarf:conquered:38,2,21,20,0,23,10,141,66,15162.5,13848.6,12881.3,0.893,4,2,0,2,0
base,steadfast,push,23,won,47,47,,0,0,0,archmage:conquered:19 goblin:conquered:30 orc:conquered:39 dwarf:conquered:47,3,24,23,0,20,14,136,65,20015,18143,16355.3,0.917,6,2,0,2,0
base,steadfast,push,24,won,41,41,,0,0,0,orc:conquered:14 archmage:conquered:25 goblin:conquered:33 dwarf:conquered:41,1,25,23,0,23,9,131,58,16484,15015.2,14039.3,0.882,5,7,0,0,0
base,steadfast,push,25,won,48,48,,0,0,0,goblin:conquered:23 archmage:conquered:32 orc:conquered:40 dwarf:conquered:48,3,28,26,0,23,11,155,82,18805.7,17121.8,16741.3,0.861,5,2,0,2,0
base,steadfast,push,26,won,46,46,,0,0,0,archmage:conquered:21 goblin:conquered:30 orc:conquered:38 dwarf:conquered:46,2,19,17,0,18,12,156,82,18673.8,16972.4,15969.3,0.855,5,1,0,1,0
base,steadfast,push,27,won,40,40,,0,0,0,orc:conquered:13 archmage:conquered:23 goblin:conquered:32 dwarf:conquered:40,1,17,16,0,20,9,142,71,15174.5,13861.8,13653.3,0.866,4,1,0,2,0
base,steadfast,push,28,won,46,46,,0,0,0,archmage:conquered:21 orc:conquered:30 goblin:conquered:38 dwarf:conquered:46,2,19,18,0,20,14,147,74,18082,16480.5,15969.3,0.878,5,2,0,1,0
base,steadfast,push,29,won,50,50,,0,0,0,archmage:conquered:26 goblin:conquered:34 orc:conquered:42 dwarf:conquered:50,4,29,26,0,22,9,151,73,19935,18097.2,16741.3,0.905,7,1,0,4,0
base,steadfast,push,30,won,38,38,,0,0,0,orc:conquered:13 goblin:conquered:22 archmage:conquered:30 dwarf:conquered:38,2,17,16,0,22,11,142,69,15718.9,14355.3,12881.3,0.935,5,3,0,2,0
base,steadfast,push,31,won,40,40,,0,0,0,goblin:conquered:13 archmage:conquered:24 orc:conquered:32 dwarf:conquered:40,2,20,19,0,24,10,140,68,16973.2,15464.5,13653.3,0.924,5,2,0,3,0
base,steadfast,push,32,won,48,48,,0,0,0,archmage:conquered:23 goblin:conquered:32 orc:conquered:40 dwarf:conquered:48,3,27,24,0,21,8,148,75,19639,17752.3,16741.3,0.89,7,1,0,2,0
base,steadfast,push,33,won,46,46,,0,0,0,archmage:conquered:19 orc:conquered:30 dwarf:conquered:38 goblin:conquered:46,2,24,22,0,23,9,144,68,19158.6,17401.9,15969.3,0.902,6,3,0,3,0
base,steadfast,push,34,won,46,46,,0,0,0,archmage:conquered:22 orc:conquered:30 goblin:conquered:38 dwarf:conquered:46,3,28,26,0,23,9,144,68,19532,17761,15969.3,0.911,5,4,0,3,0
base,steadfast,push,35,won,41,41,,0,0,0,orc:conquered:12 goblin:conquered:25 archmage:conquered:33 dwarf:conquered:41,1,22,21,0,22,9,139,70,16987.2,15463.3,14039.3,0.895,6,1,0,2,0
base,steadfast,push,36,won,40,40,,0,0,0,goblin:conquered:13 archmage:conquered:24 orc:conquered:32 dwarf:conquered:40,2,22,21,0,24,10,143,72,17173.7,15640.7,13653.3,0.916,5,1,0,2,0
base,steadfast,push,37,won,46,46,,0,0,0,goblin:conquered:22 archmage:conquered:30 orc:conquered:38 dwarf:conquered:46,3,28,26,0,25,11,151,77,18047.4,16434.1,15969.3,0.88,6,1,0,3,0
base,steadfast,push,38,won,46,46,,0,0,0,archmage:conquered:19 goblin:conquered:30 orc:conquered:38 dwarf:conquered:46,2,21,20,0,24,10,151,80,18504.3,16832.2,15969.3,0.867,5,5,0,2,0
base,steadfast,push,39,won,46,46,,0,0,0,archmage:conquered:20 orc:conquered:30 goblin:conquered:38 dwarf:conquered:46,3,26,22,0,24,10,145,70,19330.6,17573.7,15969.3,0.895,5,2,0,2,0
base,steadfast,push,40,won,46,46,,0,0,0,archmage:conquered:20 goblin:conquered:30 orc:conquered:38 dwarf:conquered:46,2,21,20,0,19,12,147,73,18041.8,16439,15969.3,0.867,5,1,0,3,0
base,steadfast,push,41,won,41,41,,0,0,0,goblin:conquered:16 archmage:conquered:25 orc:conquered:33 dwarf:conquered:41,1,23,21,0,19,12,151,72,16876.7,15386.5,14039.3,0.898,5,1,0,3,0
base,steadfast,push,42,won,55,55,,0,0,0,archmage:conquered:30 goblin:conquered:39 orc:conquered:47 dwarf:conquered:55,3,29,28,0,22,10,148,79,20009.8,18158.4,16741.3,0.889,7,1,0,1,0
base,steadfast,push,43,won,42,42,,0,0,0,archmage:conquered:18 orc:conquered:26 goblin:conquered:34 dwarf:conquered:42,2,21,20,0,24,11,146,73,17499.4,15943.9,14425.3,0.908,5,4,0,1,0
base,steadfast,push,44,won,50,50,,0,0,0,archmage:conquered:26 goblin:conquered:34 orc:conquered:42 dwarf:conquered:50,4,29,27,0,21,9,144,68,19566.3,17751.2,16741.3,0.874,6,1,0,3,0
base,steadfast,push,45,won,40,40,,0,0,0,orc:conquered:14 archmage:conquered:24 dwarf:conquered:32 goblin:conquered:40,1,20,18,0,17,11,139,70,15078,13775.7,13653.3,0.84,5,4,0,1,0
base,steadfast,push,46,won,46,46,,0,0,0,archmage:conquered:20 orc:conquered:30 goblin:conquered:38 dwarf:conquered:46,3,23,22,0,22,9,145,73,19200.5,17434.5,15969.3,0.908,6,3,0,3,0
base,steadfast,push,47,won,54,54,,0,0,0,archmage:conquered:30 orc:conquered:38 goblin:conquered:46 dwarf:conquered:54,5,33,31,0,21,9,146,70,20151.8,18307,16741.3,0.904,7,5,0,3,0
base,steadfast,push,48,won,48,48,,0,0,0,goblin:conquered:23 archmage:conquered:32 orc:conquered:40 dwarf:conquered:48,2,24,21,0,22,15,148,71,19123.9,17387.4,16741.3,0.867,6,2,0,1,0
base,steadfast,push,49,won,38,38,,0,0,0,orc:conquered:13 goblin:conquered:22 archmage:conquered:30 dwarf:conquered:38,2,16,15,0,24,8,132,58,15740.7,14356.3,12881.3,0.923,5,1,0,2,0
base,steadfast,push,50,won,40,40,,0,0,0,goblin:conquered:13 archmage:conquered:24 orc:conquered:32 dwarf:conquered:40,2,17,16,0,23,9,139,65,16633.9,15143.5,13653.3,0.909,5,2,0,4,0
base,steadfast,smarter,1,won,58,58,,0,0,0,goblin:conquered:34 dwarf:allied:42 archmage:conquered:50 orc:conquered:58,1,22,18,0,2,0,78,2,16601,15598.5,16741.3,0.871,7,10,0,1,0
base,steadfast,smarter,2,won,57,57,,0,0,0,archmage:conquered:33 goblin:conquered:41 orc:conquered:49 dwarf:conquered:57,1,20,17,0,2,0,76,3,17155.2,15955.9,16741.3,0.858,7,2,0,4,0
base,steadfast,smarter,3,won,44,44,,0,0,0,orc:abdicated:20 dwarf:allied:28 archmage:conquered:36 goblin:conquered:44,2,18,17,0,2,0,69,4,18328.7,16747,15197.3,0.927,6,1,0,3,0
base,steadfast,smarter,4,won,54,54,,0,0,0,archmage:conquered:30 dwarf:allied:38 orc:conquered:46 goblin:conquered:54,1,23,20,0,2,0,78,3,17503.2,16246.4,16741.3,0.848,6,1,0,4,0
base,steadfast,smarter,5,won,58,58,,0,0,0,dwarf:allied:34 archmage:conquered:42 goblin:conquered:50 orc:conquered:58,4,20,15,0,2,0,77,5,18011,16725.1,16741.3,0.883,7,1,0,5,0
base,steadfast,smarter,6,won,49,49,,0,0,0,goblin:conquered:25 dwarf:allied:33 orc:allied:41 archmage:conquered:49,1,23,21,0,3,1,72,3,18977.1,17286.2,16741.3,0.872,7,2,0,3,0
base,steadfast,smarter,7,won,45,45,,0,0,0,goblin:conquered:21 orc:allied:29 archmage:conquered:37 dwarf:conquered:45,2,20,19,0,2,0,72,4,18250.9,16656.7,15583.3,0.913,5,2,0,5,0
base,steadfast,smarter,8,won,51,51,,0,0,0,dwarf:allied:27 archmage:conquered:35 goblin:conquered:43 orc:conquered:51,2,19,17,0,2,0,68,3,19406.7,17756.9,16741.3,0.903,6,1,0,4,0
base,steadfast,smarter,9,won,53,53,,0,0,0,dwarf:allied:29 orc:conquered:37 archmage:conquered:45 goblin:conquered:53,1,17,15,0,3,1,70,5,18266.6,16811.4,16741.3,0.855,6,2,0,6,0
base,steadfast,smarter,10,won,48,48,,0,0,0,dwarf:allied:24 archmage:conquered:32 goblin:conquered:40 orc:allied:48,2,18,17,0,2,0,70,4,19771.8,18004,16741.3,0.897,6,2,0,3,0
base,steadfast,smarter,11,won,56,56,,0,0,0,dwarf:allied:32 orc:conquered:40 goblin:conquered:48 archmage:conquered:56,1,19,17,0,2,0,75,4,18491.8,17119.1,16741.3,0.869,7,1,0,3,0
base,steadfast,smarter,12,won,48,48,,0,0,0,dwarf:allied:24 archmage:conquered:32 orc:conquered:40 goblin:conquered:48,3,20,19,0,2,0,71,5,20083.9,18316.4,16741.3,0.915,6,2,0,4,0
base,steadfast,smarter,13,won,49,49,,0,0,0,orc:abdicated:25 archmage:conquered:33 goblin:conquered:41 dwarf:conquered:49,1,16,14,0,2,0,68,1,19482.9,17933.6,16741.3,0.919,6,11,0,4,0
base,steadfast,smarter,14,won,46,46,,0,0,0,orc:abdicated:22 dwarf:allied:30 archmage:conquered:38 goblin:conquered:46,1,15,13,0,2,0,66,3,17860.5,16311.4,15969.3,0.869,5,1,0,2,0
base,steadfast,smarter,15,won,48,48,,0,0,0,archmage:conquered:24 orc:conquered:32 goblin:conquered:40 dwarf:conquered:48,2,20,18,0,3,1,76,6,18661.8,17083.4,16741.3,0.889,6,2,0,3,0
base,steadfast,smarter,16,won,55,55,,0,0,0,dwarf:allied:31 goblin:conquered:39 archmage:conquered:47 orc:conquered:55,1,18,16,0,2,0,70,1,18897,17403.8,16741.3,0.892,7,2,0,3,0
base,steadfast,smarter,17,won,46,46,,0,0,0,archmage:conquered:22 orc:allied:30 goblin:conquered:38 dwarf:conquered:46,1,16,15,0,2,0,65,2,17897,16361.8,15969.3,0.88,5,1,0,4,0
base,steadfast,smarter,18,won,47,47,,0,0,0,archmage:abdicated:23 dwarf:allied:31 goblin:conquered:39 orc:conquered:47,1,19,17,0,2,0,74,7,18908.1,17254.1,16355.3,0.898,6,2,0,5,0
base,steadfast,smarter,19,won,46,46,,0,0,0,archmage:conquered:22 goblin:conquered:30 orc:conquered:38 dwarf:conquered:46,2,20,18,0,2,0,69,1,18672.3,17014,15969.3,0.909,6,3,0,3,0
base,steadfast,smarter,20,won,46,46,,0,0,0,archmage:conquered:22 goblin:conquered:30 orc:conquered:38 dwarf:conquered:46,3,16,15,0,2,0,68,2,18010,16443.4,15969.3,0.881,5,1,0,4,0
base,steadfast,smarter,21,won,46,46,,0,0,0,archmage:conquered:22 orc:allied:30 goblin:conquered:38 dwarf:conquered:46,2,17,16,0,2,0,69,3,18710.3,17054,15969.3,0.915,6,1,0,5,0
base,steadfast,smarter,22,won,46,46,,0,0,0,goblin:conquered:22 archmage:conquered:30 orc:conquered:38 dwarf:conquered:46,1,17,16,0,2,0,68,3,18569,16908.4,15969.3,0.9,6,2,0,6,0
base,steadfast,smarter,23,won,47,47,,0,0,0,archmage:conquered:23 dwarf:allied:31 goblin:conquered:39 orc:conquered:47,2,17,15,0,2,0,71,2,19253.7,17567.1,16355.3,0.917,6,2,0,3,0
base,steadfast,smarter,24,won,47,47,,0,0,0,dwarf:allied:23 archmage:allied:31 goblin:conquered:39 orc:conquered:47,2,19,18,0,2,0,67,0,18354,16741.8,16355.3,0.884,5,2,0,5,0
base,steadfast,smarter,25,won,48,48,,0,0,0,dwarf:allied:24 goblin:conquered:32 orc:allied:40 archmage:conquered:48,3,19,18,0,2,0,72,6,18049.3,16482.1,16741.3,0.861,5,2,0,6,0
base,steadfast,smarter,26,won,61,61,,0,0,0,archmage:conquered:37 dwarf:allied:45 goblin:conquered:53 orc:conquered:61,1,27,24,0,2,0,82,4,17219.2,16157.1,16741.3,0.857,7,1,0,5,0
base,steadfast,smarter,27,won,48,48,,0,0,0,dwarf:allied:24 orc:allied:32 archmage:conquered:40 goblin:conquered:48,2,19,17,0,2,0,72,4,18505,16882.3,16741.3,0.881,6,1,0,3,0
base,steadfast,smarter,28,won,51,51,,0,0,0,archmage:conquered:27 orc:allied:35 goblin:conquered:43 dwarf:conquered:51,1,20,18,0,2,0,72,5,18080.1,16647.5,16741.3,0.877,6,2,0,6,0
base,steadfast,smarter,29,won,55,55,,0,0,0,archmage:conquered:31 goblin:conquered:39 orc:conquered:47 dwarf:conquered:55,1,21,19,0,2,0,78,5,18341.2,16969.9,16741.3,0.907,8,1,0,6,0
base,steadfast,smarter,30,won,48,48,,0,0,0,dwarf:allied:24 archmage:conquered:32 goblin:conquered:40 orc:conquered:48,4,18,16,0,2,0,69,2,20190.8,18390.5,16741.3,0.928,7,2,0,4,0
base,steadfast,smarter,31,won,47,47,,0,0,0,orc:allied:23 goblin:conquered:31 archmage:conquered:39 dwarf:conquered:47,4,17,16,0,2,0,72,6,19798.1,18026.4,16355.3,0.924,6,2,0,3,0
base,steadfast,smarter,32,won,47,47,,0,0,0,archmage:conquered:23 orc:allied:31 goblin:conquered:39 dwarf:conquered:47,1,16,14,0,2,0,74,8,18719.6,16999.6,16355.3,0.888,6,1,0,3,0
base,steadfast,smarter,33,won,46,46,,0,0,0,archmage:conquered:22 goblin:conquered:30 orc:conquered:38 dwarf:conquered:46,1,19,17,0,2,0,72,4,18450.8,16834.9,15969.3,0.902,6,2,0,4,0
base,steadfast,smarter,34,won,46,46,,0,0,0,goblin:conquered:22 archmage:conquered:30 orc:conquered:38 dwarf:allied:46,2,18,17,0,2,0,66,0,19164.4,17502,15969.3,0.911,5,9,0,2,0
base,steadfast,smarter,35,won,62,62,,0,0,0,dwarf:allied:38 archmage:conquered:46 orc:conquered:54 goblin:conquered:62,2,19,16,0,2,0,74,0,17910.6,16783.9,16741.3,0.896,7,1,0,4,0
base,steadfast,smarter,36,won,47,47,,0,0,0,dwarf:allied:23 orc:allied:31 archmage:conquered:39 goblin:conquered:47,2,17,16,0,2,0,70,4,19909,18143.3,16355.3,0.921,6,1,0,5,0
base,steadfast,smarter,37,won,47,47,,0,0,0,archmage:conquered:23 dwarf:allied:31 goblin:conquered:39 orc:conquered:47,2,18,17,0,2,0,69,3,18088.1,16530.2,16355.3,0.876,6,1,0,4,0
base,steadfast,smarter,38,won,55,55,,0,0,0,archmage:conquered:31 dwarf:allied:39 orc:allied:47 goblin:conquered:55,1,23,21,0,2,0,72,4,17698.6,16400.2,16741.3,0.859,7,2,0,3,0
base,steadfast,smarter,39,won,53,53,,0,0,0,dwarf:allied:29 goblin:conquered:37 archmage:conquered:45 orc:conquered:53,1,19,17,0,2,0,69,2,19428.8,17860.7,16741.3,0.892,7,2,0,5,0
base,steadfast,smarter,40,won,54,54,,0,0,0,archmage:conquered:30 dwarf:allied:38 goblin:conquered:46 orc:allied:54,1,23,20,0,2,0,81,5,17779,16462.5,16741.3,0.863,6,1,0,6,0
base,steadfast,smarter,41,won,46,46,,0,0,0,archmage:conquered:22 goblin:conquered:30 orc:conquered:38 dwarf:conquered:46,1,19,17,0,2,0,71,4,18359.1,16752.2,15969.3,0.892,5,1,0,4,0
base,steadfast,smarter,42,won,56,56,,0,0,0,dwarf:allied:32 archmage:conquered:40 goblin:conquered:48 orc:conquered:56,1,19,17,0,2,0,77,4,18457.4,17085.1,16741.3,0.89,7,1,0,4,0
base,steadfast,smarter,43,won,45,45,,0,0,0,orc:abdicated:21 archmage:allied:29 goblin:conquered:37 dwarf:conquered:45,1,16,15,0,2,0,67,5,18229,16647.8,15583.3,0.908,6,3,0,5,0
base,steadfast,smarter,44,won,48,48,,0,0,0,archmage:abdicated:24 dwarf:allied:32 goblin:conquered:40 orc:conquered:48,2,23,21,0,2,0,71,5,18463.2,16864.9,16741.3,0.87,6,1,0,4,0
base,steadfast,smarter,45,won,61,61,,0,0,0,archmage:conquered:37 dwarf:allied:45 goblin:conquered:53 orc:conquered:61,1,22,18,0,3,1,87,10,16501.2,15495.7,16741.3,0.834,7,4,0,5,0
base,steadfast,smarter,46,won,47,47,,0,0,0,dwarf:allied:23 orc:allied:31 archmage:conquered:39 goblin:conquered:47,2,15,14,0,2,0,70,5,18719.5,17106,16355.3,0.906,6,3,0,5,0
base,steadfast,smarter,47,won,47,47,,0,0,0,goblin:conquered:23 orc:allied:31 archmage:conquered:39 dwarf:conquered:47,1,17,15,0,3,1,74,4,18996.9,17383.3,16355.3,0.902,6,9,0,5,0
base,steadfast,smarter,48,won,60,60,,0,0,0,goblin:conquered:36 dwarf:allied:44 archmage:conquered:52 orc:allied:60,1,23,20,0,2,0,78,6,16748.6,15777.7,16741.3,0.849,7,2,0,5,0
base,steadfast,smarter,49,won,47,47,,0,0,0,archmage:conquered:23 orc:allied:31 goblin:conquered:39 dwarf:conquered:47,2,17,15,0,2,0,71,4,19542.2,17816.5,16355.3,0.915,6,1,0,6,0
base,steadfast,smarter,50,won,48,48,,0,0,0,dwarf:allied:24 archmage:conquered:32 goblin:conquered:40 orc:conquered:48,3,21,19,0,2,0,70,4,19839.4,18046,16741.3,0.915,6,2,0,3,0
base,steadfast,smarter,51,won,55,55,,0,0,0,goblin:conquered:31 dwarf:allied:39 orc:allied:47 archmage:conquered:55,1,22,19,0,2,0,73,4,17572.2,16246.2,16741.3,0.868,7,2,0,5,0
base,steadfast,smarter,52,won,49,49,,0,0,0,dwarf:allied:25 archmage:conquered:33 goblin:conquered:41 orc:conquered:49,2,17,15,0,2,0,73,5,18947.9,17293.8,16741.3,0.858,6,1,0,7,0
base,steadfast,smarter,53,won,56,56,,0,0,0,dwarf:allied:32 goblin:conquered:40 archmage:conquered:48 orc:allied:56,1,17,15,0,2,0,73,4,17859.1,16487.9,16741.3,0.869,8,10,0,5,0
base,steadfast,smarter,54,won,53,53,,0,0,0,dwarf:allied:29 archmage:conquered:37 goblin:conquered:45 orc:conquered:53,1,21,18,0,2,0,74,5,18090.5,16684.9,16741.3,0.868,6,2,0,5,0
base,steadfast,smarter,55,won,46,46,,0,0,0,archmage:conquered:22 orc:allied:30 goblin:conquered:38 dwarf:conquered:46,2,23,21,0,2,0,68,0,20066.2,18233.4,15969.3,0.938,6,1,0,4,0
base,steadfast,smarter,56,won,46,46,,0,0,0,archmage:conquered:22 goblin:conquered:30 orc:allied:38 dwarf:conquered:46,1,16,15,0,2,0,73,5,19124.2,17371.5,15969.3,0.92,6,1,0,4,0
base,steadfast,smarter,57,won,47,47,,0,0,0,dwarf:allied:23 orc:allied:31 archmage:conquered:39 goblin:conquered:47,2,21,18,0,2,0,75,5,19717.1,17953,16355.3,0.926,6,4,0,4,0
base,steadfast,smarter,58,won,49,49,,0,0,0,archmage:conquered:25 dwarf:allied:33 orc:conquered:41 goblin:conquered:49,2,21,19,0,2,0,73,2,19445.3,17852.6,16741.3,0.913,6,4,0,3,0
base,steadfast,smarter,59,won,48,48,,0,0,0,goblin:allied:24 archmage:conquered:32 orc:conquered:40 dwarf:conquered:48,2,17,15,0,2,0,72,2,20037.6,18251.4,16741.3,0.915,6,2,0,3,0
base,steadfast,smarter,60,won,59,59,,0,0,0,dwarf:allied:35 orc:conquered:43 archmage:conquered:51 goblin:conquered:59,1,16,13,0,2,0,76,2,18908,17544.1,16741.3,0.908,7,1,0,5,0
base,steadfast,smarter,61,won,56,56,,0,0,0,dwarf:allied:32 orc:conquered:40 goblin:conquered:48 archmage:conquered:56,1,19,16,0,2,0,80,6,18817.6,17410,16741.3,0.893,7,2,0,5,0
base,steadfast,smarter,62,won,46,46,,0,0,0,goblin:conquered:22 archmage:conquered:30 orc:conquered:38 dwarf:conquered:46,3,18,15,0,2,0,65,0,19133.8,17418.1,15969.3,0.926,6,1,0,3,0
base,steadfast,smarter,63,won,50,50,,0,0,0,goblin:conquered:26 dwarf:allied:34 orc:allied:42 archmage:allied:50,1,17,14,0,3,1,74,6,19367.3,17715.2,16741.3,0.894,6,1,0,5,0
base,steadfast,smarter,64,won,47,47,,0,0,0,archmage:conquered:23 dwarf:allied:31 orc:allied:39 goblin:conquered:47,1,19,18,0,2,0,71,4,17991.4,16457.4,16355.3,0.873,5,5,0,4,0
base,steadfast,smarter,65,won,46,46,,0,0,0,archmage:conquered:22 goblin:conquered:30 dwarf:allied:38 orc:conquered:46,3,19,18,0,2,0,71,1,18528.6,16884.4,15969.3,0.913,6,1,0,3,0
base,steadfast,smarter,66,won,46,46,,0,0,0,archmage:conquered:22 dwarf:allied:30 goblin:conquered:38 orc:conquered:46,1,19,17,0,3,1,71,2,18451.8,16867.7,15969.3,0.893,6,3,0,3,0
base,steadfast,smarter,67,won,49,49,,0,0,0,orc:abdicated:25 goblin:conquered:33 archmage:conquered:41 dwarf:conquered:49,1,16,14,0,2,0,63,0,19214.5,17660.4,16741.3,0.899,7,2,0,4,0
base,steadfast,smarter,68,won,46,46,,0,0,0,goblin:conquered:22 archmage:conquered:30 orc:conquered:38 dwarf:conquered:46,2,19,18,0,2,0,69,1,19000.9,17347.1,15969.3,0.922,6,1,0,4,0
base,steadfast,smarter,69,won,48,48,,0,0,0,dwarf:allied:24 archmage:conquered:32 orc:allied:40 goblin:conquered:48,2,21,20,0,2,0,67,2,18532.3,16942.9,16741.3,0.882,6,1,0,5,0
base,steadfast,smarter,70,won,47,47,,0,0,0,archmage:conquered:23 dwarf:allied:31 orc:allied:39 goblin:conquered:47,2,19,17,0,2,0,71,3,18964.4,17295.5,16355.3,0.904,6,3,0,3,0
base,steadfast,smarter,71,won,49,49,,0,0,0,orc:allied:25 archmage:conquered:33 goblin:conquered:41 dwarf:conquered:49,3,19,17,0,2,0,70,2,20851.9,18926.7,16741.3,0.928,7,1,0,5,0
base,steadfast,smarter,72,won,57,57,,0,0,0,archmage:conquered:33 dwarf:allied:41 goblin:conquered:49 orc:conquered:57,1,24,20,0,3,1,78,3,17769.3,16565.7,16741.3,0.898,7,1,0,4,0
base,steadfast,smarter,73,won,46,46,,0,0,0,archmage:conquered:22 goblin:conquered:30 orc:conquered:38 dwarf:conquered:46,2,18,17,0,2,0,65,0,18566.3,16917.6,15969.3,0.902,6,1,0,4,0
base,steadfast,smarter,74,won,46,46,,0,0,0,goblin:conquered:22 archmage:abdicated:30 orc:conquered:38 dwarf:conquered:46,2,15,14,0,2,0,66,2,18628.9,17018.4,15969.3,0.903,6,2,0,5,0
base,steadfast,smarter,75,won,62,62,,0,0,0,dwarf:allied:38 archmage:conquered:46 goblin:conquered:54 orc:allied:62,1,21,17,0,3,1,77,2,17850.8,16670,16741.3,0.884,8,2,0,4,0
base,steadfast,smarter,76,won,46,46,,0,0,0,archmage:conquered:22 orc:conquered:30 goblin:conquered:38 dwarf:conquered:46,2,20,19,0,2,0,66,0,19020.6,17324,15969.3,0.919,6,1,0,6,0
base,steadfast,smarter,77,won,59,59,,0,0,0,archmage:conquered:35 dwarf:allied:43 goblin:conquered:51 orc:conquered:59,1,24,20,0,3,1,82,4,17807.8,16587.3,16741.3,0.882,8,2,0,6,0
base,steadfast,smarter,78,won,47,47,,0,0,0,archmage:conquered:23 orc:allied:31 goblin:conquered:39 dwarf:conquered:47,2,19,17,0,2,0,72,2,19937,18114.2,16355.3,0.923,6,4,0,5,0
base,steadfast,smarter,79,won,47,47,,0,0,0,orc:allied:23 dwarf:allied:31 archmage:conquered:39 goblin:conquered:47,2,17,16,0,2,0,70,2,19874.5,18115.1,16355.3,0.92,6,1,0,4,0
base,steadfast,smarter,80,won,46,46,,0,0,0,archmage:conquered:22 goblin:conquered:30 orc:conquered:38 dwarf:conquered:46,2,15,13,0,2,0,72,2,18590.8,16977.3,15969.3,0.903,6,8,0,2,0
base,steadfast,smarter,81,won,45,45,,0,0,0,archmage:conquered:21 orc:allied:29 goblin:conquered:37 dwarf:conquered:45,2,20,19,0,2,0,68,0,18314.1,16738.5,15583.3,0.897,5,2,0,3,0
base,steadfast,smarter,82,won,55,55,,0,0,0,archmage:conquered:31 dwarf:allied:39 goblin:conquered:47 orc:conquered:55,2,22,19,0,4,2,81,5,17551.2,16374.7,16741.3,0.868,6,2,0,4,0
base,steadfast,smarter,83,won,47,47,,0,0,0,archmage:conquered:23 dwarf:allied:31 goblin:conquered:39 orc:allied:47,1,19,17,0,2,0,71,2,19072.4,17414,16355.3,0.887,6,2,0,5,0
base,steadfast,smarter,84,won,49,49,,0,0,0,dwarf:allied:25 archmage:conquered:33 orc:allied:41 goblin:conquered:49,4,18,16,0,2,0,70,3,18100.7,16522.6,16741.3,0.846,6,1,0,5,0
base,steadfast,smarter,85,won,47,47,,0,0,0,dwarf:allied:23 orc:allied:31 goblin:conquered:39 archmage:conquered:47,2,18,17,0,2,0,67,2,19394.8,17682.5,16355.3,0.898,7,2,0,3,0
base,steadfast,smarter,86,won,46,46,,0,0,0,dwarf:allied:22 archmage:conquered:30 goblin:conquered:38 orc:conquered:46,2,16,14,0,2,0,68,2,19637,17806.3,15969.3,0.918,6,5,0,4,0
base,steadfast,smarter,87,won,48,48,,0,0,0,goblin:conquered:24 archmage:conquered:32 orc:conquered:40 dwarf:allied:48,2,17,16,0,2,0,68,3,19801.5,18043,16741.3,0.895,7,2,0,3,0
base,steadfast,smarter,88,won,54,54,,0,0,0,dwarf:allied:30 archmage:conquered:38 goblin:conquered:46 orc:conquered:54,1,18,16,0,2,0,75,2,18174.8,16770.6,16741.3,0.883,7,1,0,3,0
base,steadfast,smarter,89,won,46,46,,0,0,0,goblin:conquered:22 archmage:conquered:30 orc:conquered:38 dwarf:conquered:46,2,20,18,0,2,0,72,4,17278.3,15799.5,15969.3,0.862,5,1,0,5,0
base,steadfast,smarter,90,won,51,51,,0,0,0,orc:abdicated:27 dwarf:allied:35 archmage:allied:43 goblin:conquered:51,1,15,13,0,2,0,72,6,18732.1,17259.6,16741.3,0.882,6,2,0,5,0
base,steadfast,smarter,91,won,52,52,,0,0,0,dwarf:allied:28 archmage:conquered:36 orc:conquered:44 goblin:conquered:52,1,19,16,0,2,0,70,3,18960.6,17442.6,16741.3,0.897,7,1,0,7,0
base,steadfast,smarter,92,won,53,53,,0,0,0,orc:allied:29 archmage:conquered:37 dwarf:conquered:45 goblin:allied:53,1,16,14,0,3,1,73,3,19478.1,17923.4,16741.3,0.896,6,3,0,7,0
base,steadfast,smarter,93,won,48,48,,0,0,0,dwarf:allied:24 archmage:conquered:32 goblin:conquered:40 orc:conquered:48,2,19,17,0,2,0,74,6,19837.5,18098.7,16741.3,0.911,5,1,0,3,0
base,steadfast,smarter,94,won,45,45,,0,0,0,archmage:conquered:21 dwarf:allied:29 goblin:conquered:37 orc:conquered:45,2,17,16,0,2,0,65,0,18224.4,16644.1,15583.3,0.911,5,4,0,3,0
base,steadfast,smarter,95,won,46,46,,0,0,0,goblin:conquered:22 archmage:conquered:30 orc:allied:38 dwarf:conquered:46,2,20,19,0,2,0,70,2,18275.7,16674.9,15969.3,0.899,5,2,0,4,0
base,steadfast,smarter,96,won,55,55,,0,0,0,dwarf:allied:31 goblin:conquered:39 archmage:conquered:47 orc:conquered:55,4,18,16,0,2,0,75,3,19291.3,17686,16741.3,0.89,7,1,0,3,0
base,steadfast,smarter,97,won,46,46,,0,0,0,archmage:conquered:22 goblin:conquered:30 orc:allied:38 dwarf:conquered:46,2,23,22,0,2,0,71,1,18640.8,16990.2,15969.3,0.905,6,1,0,3,0
base,steadfast,smarter,98,won,60,60,,0,0,0,goblin:allied:36 archmage:conquered:44 orc:conquered:52 dwarf:allied:60,1,22,20,0,3,1,79,3,17895.6,16572.6,16741.3,0.858,7,5,0,4,0
base,steadfast,smarter,99,won,47,47,,0,0,0,archmage:conquered:23 dwarf:allied:31 goblin:conquered:39 orc:conquered:47,3,17,16,0,2,0,71,3,20038.1,18257.4,16355.3,0.926,6,3,0,5,0
base,steadfast,smarter,100,won,54,54,,0,0,0,dwarf:allied:30 orc:conquered:38 goblin:conquered:46 archmage:conquered:54,1,17,15,0,4,2,75,9,17986.2,16501.4,16741.3,0.85,7,5,0,4,0
base,steadfast,smarter,101,won,45,45,,0,0,0,goblin:conquered:21 orc:allied:29 archmage:conquered:37 dwarf:conquered:45,1,16,15,0,2,0,72,5,16694.3,15284,15583.3,0.862,5,1,0,5,0
base,steadfast,smarter,102,won,48,48,,0,0,0,goblin:conquered:24 archmage:conquered:32 orc:allied:40 dwarf:conquered:48,2,19,17,0,2,0,71,1,18332.2,16730.9,16741.3,0.868,6,1,0,2,0
base,steadfast,smarter,103,won,60,60,,0,0,0,archmage:conquered:36 dwarf:allied:44 goblin:conquered:52 orc:conquered:60,1,22,19,0,2,0,78,3,17291.6,16163.1,16741.3,0.86,7,2,3,5,0
base,steadfast,smarter,104,won,54,54,,0,0,0,dwarf:allied:30 archmage:conquered:38 orc:conquered:46 goblin:conquered:54,1,21,18,0,3,1,71,1,17841.3,16489,16741.3,0.88,7,2,0,4,0
base,steadfast,smarter,105,won,59,59,,0,0,0,goblin:conquered:35 archmage:conquered:43 orc:conquered:51 dwarf:allied:59,1,22,18,1,2,0,79,3,17655.5,16429.2,16741.3,0.88,7,1,0,8,0
base,steadfast,smarter,106,won,49,49,,0,0,0,archmage:conquered:25 dwarf:allied:33 goblin:conquered:41 orc:conquered:49,2,21,20,0,2,0,69,1,18780.5,17229.7,16741.3,0.88,5,3,0,3,0
base,steadfast,smarter,107,won,46,46,,0,0,0,goblin:conquered:22 dwarf:allied:30 archmage:conquered:38 orc:conquered:46,1,17,16,0,2,0,64,1,18390.5,16745.8,15969.3,0.898,6,2,0,4,0
base,steadfast,smarter,108,won,45,45,,0,0,0,archmage:conquered:21 dwarf:allied:29 goblin:conquered:37 orc:conquered:45,2,17,15,0,2,0,74,5,17651.8,16106.3,15583.3,0.876,5,2,0,2,0
base,steadfast,smarter,109,won,58,58,,0,0,0,goblin:conquered:34 dwarf:allied:42 archmage:conquered:50 orc:conquered:58,2,19,14,0,2,0,78,2,17164.7,16066.4,16741.3,0.843,7,10,0,3,0
base,steadfast,smarter,110,won,51,51,,0,0,0,dwarf:allied:26 archmage:conquered:35 goblin:conquered:43 orc:conquered:51,2,20,18,0,2,0,70,2,19635.9,17897.9,16741.3,0.901,7,1,0,4,0
base,steadfast,smarter,111,won,66,66,,0,0,0,dwarf:allied:42 goblin:conquered:50 archmage:conquered:58 orc:conquered:66,1,20,16,0,2,0,73,0,16172.3,15249.2,16741.3,0.86,8,1,2,4,0
base,steadfast,smarter,112,won,46,46,,0,0,0,archmage:conquered:22 goblin:conquered:30 orc:conquered:38 dwarf:conquered:46,2,17,16,0,3,1,70,4,19056.3,17398.5,15969.3,0.929,6,2,0,4,0
base,steadfast,smarter,113,won,48,48,,0,0,0,orc:allied:24 archmage:conquered:32 goblin:allied:40 dwarf:conquered:48,2,17,15,0,2,0,73,8,17794.5,16258.9,16741.3,0.843,6,2,0,3,0
base,steadfast,smarter,114,won,51,51,,0,0,0,dwarf:allied:27 goblin:allied:35 archmage:conquered:43 orc:allied:51,1,21,19,0,2,0,73,7,19070.4,17406.2,16741.3,0.872,7,11,0,5,0
base,steadfast,smarter,115,won,47,47,,0,0,0,goblin:conquered:23 orc:allied:31 archmage:conquered:39 dwarf:conquered:47,1,17,15,0,2,0,72,2,19166.3,17527.5,16355.3,0.921,6,1,0,4,0
base,steadfast,smarter,116,won,52,52,,0,0,0,orc:allied:28 archmage:conquered:36 goblin:conquered:44 dwarf:conquered:52,2,20,19,0,2,0,72,4,19155.2,17541.8,16741.3,0.881,6,3,0,6,0
base,steadfast,smarter,117,won,46,46,,0,0,0,archmage:abdicated:22 goblin:conquered:30 orc:conquered:38 dwarf:conquered:46,2,18,17,0,2,0,69,6,19711.7,17972.5,15969.3,0.93,6,1,0,6,0
base,steadfast,smarter,118,won,49,49,,0,0,0,dwarf:allied:25 archmage:conquered:33 goblin:conquered:41 orc:conquered:49,3,18,18,0,2,0,69,3,19470,17738.7,16741.3,0.896,5,1,0,4,0
base,steadfast,smarter,119,won,49,49,,0,0,0,dwarf:allied:25 archmage:conquered:33 goblin:conquered:41 orc:conquered:49,2,20,18,0,3,1,77,4,19015.4,17381.1,16741.3,0.877,6,2,0,5,0
base,steadfast,smarter,120,won,56,56,,0,0,0,orc:allied:32 archmage:conquered:40 goblin:conquered:48 dwarf:allied:56,1,18,14,0,2,0,76,2,18396.1,17012.2,16741.3,0.888,6,1,0,5,0
base,steadfast,smarter,121,won,50,50,,0,0,0,dwarf:allied:26 archmage:conquered:34 orc:conquered:42 goblin:conquered:50,2,17,16,0,3,1,67,1,20031.1,18364.1,16741.3,0.9,6,2,0,5,0
base,steadfast,smarter,122,won,48,48,,0,0,0,archmage:conquered:24 goblin:conquered:32 orc:allied:40 dwarf:conquered:48,1,18,17,0,2,0,70,2,18291.4,16633,16741.3,0.871,6,2,0,3,0
base,steadfast,smarter,123,won,50,50,,0,0,0,dwarf:allied:26 archmage:allied:34 goblin:conquered:42 orc:allied:50,2,20,18,0,3,1,78,6,18410.3,16878,16741.3,0.877,6,5,0,6,0
base,steadfast,smarter,124,won,48,48,,0,0,0,goblin:conquered:24 archmage:conquered:32 orc:conquered:40 dwarf:allied:48,1,17,15,0,2,0,74,5,18517.3,17002.3,16741.3,0.88,6,2,0,3,0
base,steadfast,smarter,125,won,46,46,,0,0,0,goblin:conquered:22 archmage:conquered:30 orc:conquered:38 dwarf:conquered:46,2,21,20,0,2,0,67,2,18669.3,17054.1,15969.3,0.91,5,1,0,3,0
base,steadfast,smarter,126,won,48,48,,0,0,0,archmage:conquered:24 orc:conquered:32 goblin:conquered:40 dwarf:conquered:48,2,21,19,0,2,0,75,5,18386.1,16810.8,16741.3,0.87,5,1,0,3,0
base,steadfast,smarter,127,won,48,48,,0,0,0,dwarf:allied:24 archmage:conquered:32 goblin:conquered:40 orc:conquered:48,2,19,18,0,2,0,70,4,20021.3,18218.8,16741.3,0.897,6,1,0,5,0
base,steadfast,smarter,128,won,48,48,,0,0,0,orc:allied:24 archmage:conquered:32 goblin:conquered:40 dwarf:allied:48,2,17,15,0,2,0,72,4,19624.5,17908.4,16741.3,0.894,6,3,0,4,0
base,steadfast,smarter,129,won,47,47,,0,0,0,archmage:conquered:23 orc:allied:31 goblin:conquered:39 dwarf:allied:47,2,20,17,0,2,0,72,3,19061.1,17371.4,16355.3,0.895,7,2,0,5,0
base,steadfast,smarter,130,won,48,48,,0,0,0,dwarf:allied:23 archmage:conquered:32 goblin:conquered:40 orc:allied:48,2,19,16,0,2,0,68,2,19243.8,17533.2,16741.3,0.901,6,2,0,4,0
base,steadfast,smarter,131,won,49,49,,0,0,0,dwarf:allied:25 archmage:conquered:33 goblin:conquered:41 orc:conquered:49,3,18,17,0,2,0,69,2,20012.9,18211.5,16741.3,0.901,6,2,0,5,0
base,steadfast,smarter,132,won,47,47,,0,0,0,dwarf:allied:23 orc:abdicated:31 archmage:conquered:39 goblin:conquered:47,2,18,16,0,2,0,65,1,19627.3,17914.7,16355.3,0.927,5,1,0,4,0
base,steadfast,smarter,133,won,47,47,,0,0,0,archmage:conquered:23 orc:allied:31 goblin:conquered:39 dwarf:conquered:47,2,17,15,0,2,0,69,1,19445.8,17748.4,16355.3,0.916,6,1,0,3,0
base,steadfast,smarter,134,won,53,53,,0,0,0,orc:allied:29 archmage:conquered:37 goblin:conquered:45 dwarf:conquered:53,3,18,16,0,2,0,70,3,19345.6,17740.1,16741.3,0.907,7,2,0,5,0
base,steadfast,smarter,135,won,46,46,,0,0,0,archmage:conquered:22 orc:conquered:30 dwarf:allied:38 goblin:conquered:46,2,21,19,0,2,0,71,4,18361.5,16760,15969.3,0.899,6,2,0,4,0
base,steadfast,smarter,136,won,57,57,,0,0,0,dwarf:allied:33 archmage:conquered:41 orc:conquered:49 goblin:conquered:57,1,19,16,0,2,0,75,1,18154.3,16866.6,16741.3,0.866,7,2,0,5,0
base,steadfast,smarter,137,won,48,48,,0,0,0,goblin:conquered:24 archmage:conquered:32 orc:conquered:40 dwarf:allied:48,2,19,18,0,2,0,73,6,19455.9,17732.7,16741.3,0.895,6,1,0,3,0
base,steadfast,smarter,138,won,52,52,,0,0,0,dwarf:allied:28 orc:conquered:36 goblin:conquered:44 archmage:conquered:52,1,17,15,0,2,0,79,6,18985.8,17492.7,16741.3,0.894,7,1,0,6,0
base,steadfast,smarter,139,won,47,47,,0,0,0,dwarf:allied:23 archmage:allied:31 goblin:conquered:39 orc:conquered:47,2,18,17,0,2,0,70,4,20031.6,18170.1,16355.3,0.919,6,1,0,4,0
base,steadfast,smarter,140,won,48,48,,0,0,0,orc:allied:24 archmage:conquered:32 dwarf:conquered:40 goblin:conquered:48,4,20,18,0,2,0,69,2,20065.4,18300.4,16741.3,0.917,6,1,0,4,0
base,steadfast,smarter,141,won,46,46,,0,0,0,archmage:conquered:22 goblin:conquered:30 orc:conquered:38 dwarf:conquered:46,2,16,15,0,2,0,66,1,19701.1,17937.2,15969.3,0.938,6,1,0,6,0
base,steadfast,smarter,142,won,61,61,,0,0,0,dwarf:allied:37 archmage:conquered:45 orc:conquered:53 goblin:conquered:61,2,20,18,0,2,0,78,2,17370.4,16197.6,16741.3,0.879,8,2,0,6,0
base,steadfast,smarter,143,won,46,46,,0,0,0,goblin:conquered:22 archmage:conquered:30 orc:allied:38 dwarf:conquered:46,4,20,19,0,2,0,67,3,18418.9,16772,15969.3,0.902,6,1,0,5,0
base,steadfast,smarter,144,won,57,57,,0,0,0,archmage:conquered:33 dwarf:allied:41 goblin:conquered:49 orc:allied:57,2,18,14,0,2,0,78,4,17411.9,16292.6,16741.3,0.878,7,2,0,0,0
base,steadfast,smarter,145,won,47,47,,0,0,0,goblin:conquered:23 dwarf:allied:31 archmage:conquered:39 orc:conquered:47,2,21,19,0,2,0,78,6,19836.5,18105.5,16355.3,0.915,6,1,0,4,0
base,steadfast,smarter,146,won,59,59,,0,0,0,archmage:conquered:35 dwarf:allied:43 goblin:conquered:51 orc:conquered:59,1,23,19,0,2,0,81,5,17282.7,16268.3,16741.3,0.874,7,2,0,9,0
base,steadfast,smarter,147,won,47,47,,0,0,0,goblin:conquered:23 orc:allied:31 archmage:conquered:39 dwarf:conquered:47,2,16,15,0,2,0,71,5,19137.5,17457.2,16355.3,0.91,6,2,0,5,0
base,steadfast,smarter,148,won,45,45,,0,0,0,orc:abdicated:21 dwarf:allied:29 goblin:allied:37 archmage:conquered:45,3,16,15,0,2,0,70,3,17993.1,16411.7,15583.3,0.897,6,4,0,4,0
base,steadfast,smarter,149,won,58,58,,0,0,0,goblin:conquered:34 dwarf:allied:42 archmage:conquered:50 orc:conquered:58,1,20,16,0,2,0,83,8,16480.3,15402.9,16741.3,0.852,7,1,0,7,0
base,steadfast,smarter,150,won,51,51,,0,0,0,goblin:conquered:27 dwarf:allied:35 archmage:conquered:43 orc:conquered:51,1,21,19,0,2,0,72,2,19878.6,18192.9,16741.3,0.911,7,1,0,6,0
base,steadfast,smarter,151,won,47,47,,0,0,0,archmage:conquered:23 dwarf:allied:31 goblin:conquered:39 orc:conquered:47,1,21,18,0,2,0,74,5,18861.9,17228.6,16355.3,0.905,6,2,0,3,0
base,steadfast,smarter,152,won,46,46,,0,0,0,archmage:conquered:22 orc:allied:30 goblin:conquered:38 dwarf:conquered:46,2,20,19,0,2,0,70,3,18596.7,16947.7,15969.3,0.895,6,2,0,3,0
base,steadfast,smarter,153,won,47,47,,0,0,0,archmage:conquered:23 orc:allied:31 goblin:conquered:39 dwarf:conquered:47,1,19,17,0,2,0,69,0,18681.4,17079.4,16355.3,0.901,6,1,0,5,0
base,steadfast,smarter,154,won,59,59,,0,0,0,goblin:conquered:35 archmage:abdicated:43 orc:conquered:51 dwarf:allied:59,1,21,17,0,3,1,74,5,16663.7,15660.7,16741.3,0.873,7,2,0,6,0
base,steadfast,smarter,155,won,49,49,,0,0,0,archmage:conquered:25 dwarf:allied:33 goblin:conquered:41 orc:conquered:49,2,20,18,0,3,1,72,3,19241.5,17630.7,16741.3,0.891,6,4,0,4,0
base,steadfast,smarter,156,won,46,46,,0,0,0,archmage:conquered:22 dwarf:allied:30 orc:conquered:38 goblin:conquered:46,2,19,18,0,2,0,65,2,18516.8,16919.3,15969.3,0.899,6,2,0,4,0
base,steadfast,smarter,157,won,48,48,,0,0,0,goblin:conquered:24 orc:allied:32 dwarf:allied:40 archmage:conquered:48,1,20,18,0,2,0,71,1,19491.7,17777.8,16741.3,0.91,6,7,0,4,0
base,steadfast,smarter,158,won,60,60,,0,0,0,archmage:conquered:36 dwarf:allied:44 orc:conquered:52 goblin:conquered:60,2,22,19,0,2,0,80,3,16190,15232,16741.3,0.842,7,1,1,7,0
base,steadfast,smarter,159,won,46,46,,0,0,0,archmage:conquered:22 goblin:conquered:30 orc:conquered:38 dwarf:conquered:46,2,22,20,0,2,0,70,1,18872.5,17233.2,15969.3,0.908,6,1,0,3,0
base,steadfast,smarter,160,won,58,58,,0,0,0,goblin:conquered:34 archmage:conquered:42 orc:conquered:50 dwarf:conquered:58,1,19,15,0,2,0,75,1,18023.7,16724.2,16741.3,0.9,7,5,0,6,0
base,steadfast,smarter,161,won,58,58,,0,0,0,archmage:conquered:34 goblin:conquered:42 orc:conquered:50 dwarf:conquered:58,1,24,21,0,2,0,79,4,16341.7,15288.3,16741.3,0.841,7,6,0,3,0
base,steadfast,smarter,162,won,48,48,,0,0,0,dwarf:allied:24 archmage:conquered:32 goblin:conquered:40 orc:conquered:48,2,20,19,0,2,0,68,3,19929,18141.8,16741.3,0.905,6,1,0,3,0
base,steadfast,smarter,163,won,59,59,,0,0,0,dwarf:allied:35 goblin:conquered:43 archmage:conquered:51 orc:conquered:59,1,16,13,0,3,1,73,2,17553,16357.2,16741.3,0.87,7,2,0,3,0
base,steadfast,smarter,164,won,47,47,,0,0,0,dwarf:allied:23 goblin:allied:31 archmage:conquered:39 orc:allied:47,2,17,16,0,2,0,70,5,19812.5,17986.7,16355.3,0.91,6,2,0,4,0
base,steadfast,smarter,165,won,52,52,,0,0,0,orc:allied:28 archmage:conquered:36 goblin:conquered:44 dwarf:conquered:52,1,20,18,0,2,0,71,2,18266.3,16841.3,16741.3,0.876,7,1,0,5,0
base,steadfast,smarter,166,won,46,46,,0,0,0,archmage:conquered:22 dwarf:allied:30 orc:conquered:38 goblin:conquered:46,3,18,16,0,2,0,71,2,18857.1,17236.1,15969.3,0.901,5,2,0,3,0
base,steadfast,smarter,167,won,46,46,,0,0,0,archmage:conquered:22 dwarf:allied:30 orc:allied:38 goblin:conquered:46,2,24,21,0,2,0,75,3,16570.4,15180.9,15969.3,0.838,5,1,0,3,0
base,steadfast,smarter,168,won,47,47,,0,0,0,archmage:conquered:23 orc:allied:31 goblin:conquered:39 dwarf:allied:47,1,15,13,0,2,0,72,3,19903.4,18136.6,16355.3,0.914,6,3,0,4,0
base,steadfast,smarter,169,won,57,57,,0,0,0,archmage:conquered:33 dwarf:allied:41 orc:allied:49 goblin:conquered:57,1,23,20,0,2,0,82,8,17045.3,15836.6,16741.3,0.863,8,2,0,5,0
base,steadfast,smarter,170,won,59,59,,0,0,0,dwarf:allied:35 orc:conquered:43 archmage:conquered:51 goblin:allied:59,1,22,19,0,2,0,74,0,18007.9,16757.3,16741.3,0.902,7,6,0,4,0
base,steadfast,smarter,171,won,48,48,,0,0,0,goblin:conquered:24 archmage:conquered:32 orc:conquered:40 dwarf:conquered:48,4,21,19,0,2,0,68,2,19097.3,17416.4,16741.3,0.898,6,4,0,5,0
base,steadfast,smarter,172,won,58,58,,0,0,0,archmage:conquered:34 dwarf:allied:42 goblin:conquered:50 orc:conquered:58,1,21,18,0,2,0,77,2,18077.6,16914.1,16741.3,0.904,7,2,0,6,0
base,steadfast,smarter,173,won,53,53,,0,0,0,dwarf:allied:29 goblin:conquered:37 archmage:conquered:45 orc:allied:53,1,15,14,0,2,0,73,6,18405.3,16889.2,16741.3,0.863,7,4,0,5,0
base,steadfast,smarter,174,won,65,65,,0,0,0,archmage:conquered:41 dwarf:allied:49 orc:allied:57 goblin:conquered:65,1,25,22,0,2,0,79,1,16686.5,15678.8,16741.3,0.845,7,3,1,9,0
base,steadfast,smarter,175,won,51,51,,0,0,0,goblin:conquered:27 orc:allied:35 archmage:conquered:43 dwarf:conquered:51,1,18,16,0,2,0,70,2,19350.8,17807.2,16741.3,0.909,6,1,0,4,0
base,steadfast,smarter,176,won,51,51,,0,0,0,orc:allied:27 goblin:conquered:35 archmage:conquered:43 dwarf:conquered:51,2,15,12,0,3,1,77,9,18739.4,17095.7,16741.3,0.865,6,1,0,5,0
base,steadfast,smarter,177,won,59,59,,0,0,0,dwarf:allied:35 orc:conquered:43 archmage:conquered:51 goblin:conquered:59,1,20,18,0,2,0,77,2,18359.1,17060.2,16741.3,0.897,8,2,0,6,0
base,steadfast,smarter,178,won,50,50,,0,0,0,archmage:conquered:26 goblin:conquered:34 orc:conquered:42 dwarf:conquered:50,1,17,15,0,2,0,73,6,17461.6,16044.7,16741.3,0.84,6,1,0,4,0
base,steadfast,smarter,179,won,48,48,,0,0,0,goblin:conquered:24 archmage:conquered:32 orc:conquered:40 dwarf:conquered:48,2,19,18,0,3,1,72,3,19305.6,17644,16741.3,0.9,6,2,0,2,0
base,steadfast,smarter,180,won,57,57,,0,0,0,dwarf:allied:33 archmage:conquered:41 goblin:conquered:49 orc:allied:57,1,20,18,0,2,0,74,2,18230.2,16891.2,16741.3,0.885,6,1,0,4,0
base,steadfast,smarter,181,won,46,46,,0,0,0,archmage:conquered:22 goblin:conquered:30 orc:conquered:38 dwarf:conquered:46,1,17,15,0,2,0,68,2,17801.2,16267.5,15969.3,0.876,5,2,0,4,0
base,steadfast,smarter,182,won,45,45,,0,0,0,archmage:conquered:21 dwarf:allied:29 orc:conquered:37 goblin:conquered:45,1,18,16,0,2,0,74,5,18318,16725.3,15583.3,0.925,6,2,0,5,0
base,steadfast,smarter,183,won,57,57,,0,0,0,dwarf:allied:33 archmage:conquered:41 goblin:conquered:49 orc:allied:57,2,19,16,0,2,0,79,4,17381,16084.6,16741.3,0.863,7,2,0,5,0
base,steadfast,smarter,184,won,58,58,,0,0,0,goblin:conquered:34 dwarf:allied:42 archmage:conquered:50 orc:conquered:58,1,22,18,0,2,0,81,3,17444.3,16269.2,16741.3,0.87,7,5,0,7,0
base,steadfast,smarter,185,won,46,46,,0,0,0,archmage:conquered:22 goblin:conquered:30 orc:conquered:38 dwarf:conquered:46,2,21,18,0,2,0,73,3,19603.2,17842.2,15969.3,0.927,6,1,0,2,0
base,steadfast,smarter,186,won,45,45,,0,0,0,goblin:conquered:21 dwarf:allied:29 orc:allied:37 archmage:conquered:45,2,19,18,0,2,0,68,4,17902.8,16361.5,15583.3,0.898,5,5,0,3,0
base,steadfast,smarter,187,won,47,47,,0,0,0,archmage:abdicated:23 dwarf:allied:31 goblin:conquered:39 orc:conquered:47,2,21,19,0,2,0,72,4,20096.4,18296.9,16355.3,0.923,6,1,0,5,0
base,steadfast,smarter,188,won,49,49,,0,0,0,archmage:conquered:25 goblin:conquered:33 orc:conquered:41 dwarf:conquered:49,2,18,16,0,2,0,69,3,18445.8,16841.2,16741.3,0.873,6,1,0,5,0
base,steadfast,smarter,189,won,49,49,,0,0,0,archmage:conquered:25 goblin:conquered:33 orc:conquered:41 dwarf:conquered:49,2,22,19,0,2,0,68,1,19439.5,17733.6,16741.3,0.906,6,2,0,6,0
base,steadfast,smarter,190,won,61,61,,0,0,0,dwarf:allied:37 archmage:conquered:45 orc:conquered:53 goblin:conquered:61,1,20,17,0,2,0,77,2,18230.9,16985.4,16741.3,0.897,8,2,0,4,0
base,steadfast,smarter,191,won,55,55,,0,0,0,dwarf:allied:31 orc:conquered:39 archmage:conquered:47 goblin:allied:55,1,17,15,0,2,0,71,2,17952.4,16592.4,16741.3,0.884,7,2,0,5,0
base,steadfast,smarter,192,won,48,48,,0,0,0,dwarf:allied:24 archmage:conquered:32 goblin:conquered:40 orc:conquered:48,3,19,17,0,2,0,70,2,20562.2,18746.2,16741.3,0.932,5,6,0,4,0
base,steadfast,smarter,193,won,47,47,,0,0,0,archmage:abdicated:23 dwarf:allied:31 orc:allied:39 goblin:conquered:47,1,17,15,0,2,0,66,0,18568.6,17020.8,16355.3,0.908,6,3,0,4,0
base,steadfast,smarter,194,won,46,46,,0,0,0,archmage:conquered:22 goblin:conquered:30 orc:conquered:38 dwarf:conquered:46,2,18,16,0,2,0,70,1,19227.2,17531,15969.3,0.921,6,1,0,5,0
base,steadfast,smarter,195,won,46,46,,0,0,0,dwarf:allied:22 goblin:conquered:30 archmage:conquered:38 orc:allied:46,2,15,14,0,3,1,71,3,19279.1,17588.9,15969.3,0.926,5,2,0,5,0
base,steadfast,smarter,196,won,45,45,,0,0,0,archmage:conquered:21 dwarf:allied:29 orc:allied:37 goblin:conquered:45,2,19,18,0,2,0,68,3,17501.4,16009.2,15583.3,0.882,5,1,0,4,0
base,steadfast,smarter,197,won,47,47,,0,0,0,archmage:conquered:23 dwarf:allied:31 goblin:conquered:39 orc:conquered:47,2,19,17,0,2,0,79,6,19295.3,17572,16355.3,0.888,6,1,0,4,0
base,steadfast,smarter,198,won,60,60,,0,0,0,dwarf:allied:36 archmage:conquered:44 goblin:conquered:52 orc:conquered:60,1,20,16,0,2,0,74,2,17760.6,16634.6,16741.3,0.89,7,1,0,6,0
base,steadfast,smarter,199,won,50,50,,0,0,0,dwarf:allied:26 archmage:conquered:34 goblin:conquered:42 orc:conquered:50,3,19,17,0,2,0,76,6,19857.6,18128.7,16741.3,0.897,6,2,0,5,0
base,steadfast,smarter,200,won,46,46,,0,0,0,goblin:conquered:22 archmage:conquered:30 orc:conquered:38 dwarf:conquered:46,2,17,16,0,3,1,70,5,18423.1,16848.8,15969.3,0.879,5,2,0,3,0
base,steadfast,smarter,201,won,59,59,,0,0,0,archmage:conquered:35 dwarf:allied:43 goblin:conquered:51 orc:conquered:59,1,24,21,0,3,1,78,3,17261.5,16140.6,16741.3,0.857,7,2,0,5,0
base,steadfast,smarter,202,won,48,48,,0,0,0,dwarf:allied:24 archmage:conquered:32 orc:allied:40 goblin:conquered:48,2,19,17,0,2,0,71,4,18404.4,16802.5,16741.3,0.864,6,2,0,4,0
base,steadfast,smarter,203,won,47,47,,0,0,0,dwarf:allied:23 orc:allied:31 goblin:conquered:39 archmage:conquered:47,2,16,14,0,2,0,73,6,18108.4,16522.4,16355.3,0.876,5,2,0,3,0
base,steadfast,smarter,204,won,47,47,,0,0,0,archmage:conquered:23 dwarf:allied:31 goblin:conquered:39 orc:conquered:47,1,17,16,0,2,0,74,5,18151.3,16582.1,16355.3,0.869,5,1,0,4,0
base,steadfast,smarter,205,won,48,48,,0,0,0,archmage:conquered:24 dwarf:allied:32 goblin:conquered:40 orc:conquered:48,1,20,18,0,2,0,72,0,19839.5,18185.3,16741.3,0.922,6,1,0,3,0
base,steadfast,smarter,206,won,48,48,,0,0,0,dwarf:allied:24 archmage:conquered:32 orc:conquered:40 goblin:conquered:48,2,16,15,0,2,0,73,8,20295.6,18500.6,16741.3,0.929,6,1,0,3,0
base,steadfast,smarter,207,won,60,60,,0,0,0,archmage:conquered:36 dwarf:allied:44 goblin:conquered:52 orc:conquered:60,1,25,20,0,2,0,82,6,17000.3,15960.7,16741.3,0.888,7,2,1,4,0
base,steadfast,smarter,208,won,59,59,,0,0,0,goblin:conquered:35 archmage:conquered:43 orc:conquered:51 dwarf:conquered:59,1,21,17,0,2,0,75,3,17435.3,16266.3,16741.3,0.878,7,2,0,4,0
base,steadfast,smarter,209,won,46,46,,0,0,0,archmage:conquered:22 orc:conquered:30 goblin:conquered:38 dwarf:conquered:46,1,18,16,0,2,0,69,0,18182.5,16615.6,15969.3,0.877,7,1,0,3,0
base,steadfast,smarter,210,won,61,61,,0,0,0,archmage:conquered:37 dwarf:allied:45 goblin:conquered:53 orc:conquered:61,1,24,19,0,2,0,78,1,16896.7,15795.7,16741.3,0.877,8,2,0,4,0
base,steadfast,smarter,211,won,54,54,,0,0,0,archmage:conquered:30 dwarf:allied:38 goblin:conquered:46 orc:conquered:54,1,20,18,0,2,0,73,2,18424.3,17012.4,16741.3,0.865,6,4,0,5,0
base,steadfast,smarter,212,active,71,,,0,0,0,dwarf:allied:48 archmage:conquered:56 orc:allied:64,6,28,19,0,2,0,87,2,17165.1,16337.7,16741.3,0.889,8,2,0,17,0
base,steadfast,smarter,213,won,57,57,,0,0,0,goblin:conquered:33 dwarf:allied:41 archmage:conquered:49 orc:conquered:57,1,22,19,0,3,1,86,11,16042.5,14959.7,16741.3,0.81,6,2,0,6,0
base,steadfast,smarter,214,won,48,48,,0,0,0,dwarf:abdicated:24 orc:allied:32 archmage:conquered:40 goblin:conquered:48,1,17,15,0,2,0,64,2,19719.9,18085.4,16741.3,0.898,7,1,0,5,0
base,steadfast,smarter,215,won,53,53,,0,0,0,dwarf:allied:29 archmage:conquered:37 goblin:conquered:45 orc:allied:53,2,15,13,0,2,0,75,5,18597.1,16970.6,16741.3,0.864,6,9,0,4,0
base,steadfast,smarter,216,won,51,51,,0,0,0,dwarf:allied:27 archmage:conquered:35 orc:allied:43 goblin:conquered:51,2,16,15,0,3,1,71,4,18668.1,17141.6,16741.3,0.888,6,4,0,2,0
base,steadfast,smarter,217,won,49,49,,0,0,0,goblin:conquered:23 archmage:conquered:33 orc:conquered:41 dwarf:allied:49,2,22,21,0,2,0,71,2,18504.4,16916.9,16741.3,0.865,6,1,0,4,0
base,steadfast,smarter,218,won,60,60,,0,0,0,goblin:conquered:36 dwarf:allied:44 archmage:conquered:52 orc:conquered:60,1,21,17,0,2,0,79,0,17442.7,16288.5,16741.3,0.876,8,1,0,7,0
base,steadfast,smarter,219,won,50,50,,0,0,0,dwarf:allied:26 archmage:conquered:34 goblin:conquered:42 orc:allied:50,2,19,17,0,2,0,73,6,18637.6,16987.6,16741.3,0.876,6,1,0,4,0
base,steadfast,smarter,220,won,47,47,,0,0,0,orc:allied:23 dwarf:allied:31 archmage:conquered:39 goblin:conquered:47,1,14,12,0,2,0,69,2,18287.8,16708,16355.3,0.885,5,1,0,3,0
base,steadfast,smarter,221,won,48,48,,0,0,0,archmage:conquered:24 goblin:conquered:32 orc:conquered:40 dwarf:conquered:48,2,19,17,0,2,0,70,2,18909.9,17285.4,16741.3,0.899,6,1,0,3,0
base,steadfast,smarter,222,won,52,52,,0,0,0,dwarf:allied:28 archmage:conquered:36 orc:conquered:44 goblin:conquered:52,1,17,15,0,2,0,67,1,19438.3,17862,16741.3,0.904,6,2,0,5,0
base,steadfast,smarter,223,won,46,46,,0,0,0,archmage:conquered:22 goblin:conquered:30 orc:conquered:38 dwarf:conquered:46,2,17,16,0,2,0,73,6,18077.7,16466.1,15969.3,0.895,6,1,0,3,0
base,steadfast,smarter,224,won,49,49,,0,0,0,goblin:conquered:25 archmage:conquered:33 orc:conquered:41 dwarf:conquered:49,2,18,16,0,2,0,72,3,19402.2,17702.6,16741.3,0.9,6,2,0,5,0
base,steadfast,smarter,225,won,51,51,,0,0,0,goblin:abdicated:27 archmage:conquered:35 orc:conquered:43 dwarf:conquered:51,1,19,16,0,5,3,70,5,19586.4,17921.2,16741.3,0.885,6,2,0,6,0
base,steadfast,smarter,226,won,45,45,,0,0,0,archmage:conquered:21 dwarf:allied:29 goblin:conquered:37 orc:conquered:45,2,20,19,0,2,0,72,4,18032.6,16481.6,15583.3,0.905,6,3,0,3,0
base,steadfast,smarter,227,won,46,46,,0,0,0,archmage:abdicated:22 goblin:conquered:30 orc:allied:38 dwarf:conquered:46,2,16,15,0,2,0,69,4,18440.1,16857.6,15969.3,0.91,6,1,0,3,0
base,steadfast,smarter,228,won,59,59,,0,0,0,archmage:conquered:35 orc:allied:43 goblin:conquered:51 dwarf:conquered:59,1,22,19,0,2,0,77,3,17676.1,16529.1,16741.3,0.888,8,1,0,4,0
base,steadfast,smarter,229,won,54,54,,0,0,0,dwarf:allied:30 archmage:conquered:38 goblin:conquered:46 orc:conquered:54,1,17,15,0,2,0,68,2,17698.2,16341.7,16741.3,0.873,6,4,0,4,0
base,steadfast,smarter,230,won,46,46,,0,0,0,archmage:conquered:22 orc:allied:30 goblin:conquered:38 dwarf:conquered:46,2,17,16,0,2,0,69,1,19116.9,17480.2,15969.3,0.925,6,2,0,5,0
base,steadfast,smarter,231,won,53,53,,0,0,0,orc:allied:29 goblin:conquered:37 archmage:conquered:45 dwarf:conquered:53,2,18,17,0,2,0,69,3,18798.3,17259.1,16741.3,0.889,6,2,0,5,0
base,steadfast,smarter,232,won,44,44,,0,0,0,orc:abdicated:20 dwarf:allied:28 goblin:conquered:36 archmage:conquered:44,1,18,17,0,2,0,65,1,17731.6,16212.1,15197.3,0.899,5,1,0,5,0
base,steadfast,smarter,233,won,57,57,,0,0,0,dwarf:allied:33 orc:conquered:41 goblin:conquered:49 archmage:conquered:57,1,18,14,0,2,0,72,0,18390.8,17067,16741.3,0.899,8,2,0,7,0
base,steadfast,smarter,234,won,60,60,,0,0,0,dwarf:allied:36 archmage:conquered:44 goblin:conquered:52 orc:conquered:60,2,21,18,0,2,0,87,7,17934,16784.7,16741.3,0.909,7,1,0,5,0
base,steadfast,smarter,235,won,48,48,,0,0,0,goblin:conquered:24 archmage:conquered:32 orc:conquered:40 dwarf:allied:48,2,19,18,0,2,0,71,3,19813.1,18010.7,16741.3,0.899,6,3,0,4,0
base,steadfast,smarter,236,won,58,58,,0,0,0,goblin:conquered:34 dwarf:allied:42 archmage:conquered:50 orc:conquered:58,1,19,15,0,2,0,74,2,17281,16111.8,16741.3,0.86,8,2,0,5,0
base,steadfast,smarter,237,won,58,58,,0,0,0,goblin:conquered:34 dwarf:allied:42 archmage:conquered:50 orc:allied:58,1,19,16,0,2,0,77,0,17949.1,16779.6,16741.3,0.89,7,2,0,7,0
base,steadfast,smarter,238,won,49,49,,0,0,0,goblin:conquered:25 orc:allied:33 archmage:conquered:41 dwarf:conquered:49,2,19,17,0,2,0,67,1,18825.5,17244.4,16741.3,0.883,6,1,0,3,0
base,steadfast,smarter,239,won,48,48,,0,0,0,goblin:conquered:23 dwarf:allied:32 archmage:conquered:40 orc:conquered:48,1,18,15,0,2,0,71,2,18630.1,17002.3,16741.3,0.887,6,1,0,4,0
base,steadfast,smarter,240,won,57,57,,0,0,0,dwarf:allied:33 archmage:conquered:41 goblin:conquered:49 orc:conquered:57,1,19,15,1,4,2,78,6,18055.5,16755.7,16741.3,0.86,7,2,0,6,0
base,steadfast,smarter,241,won,58,58,,0,0,0,dwarf:allied:34 goblin:allied:42 archmage:conquered:50 orc:allied:58,1,21,14,0,2,0,79,3,18671,17299.5,16741.3,0.891,7,1,0,4,0
base,steadfast,smarter,242,won,51,51,,0,0,0,goblin:conquered:27 orc:conquered:35 archmage:conquered:43 dwarf:allied:51,2,17,15,0,3,1,77,6,18731.9,17178.3,16741.3,0.885,6,2,0,4,0
base,steadfast,smarter,243,won,47,47,,0,0,0,goblin:conquered:23 dwarf:allied:31 orc:allied:39 archmage:conquered:47,2,19,18,0,3,1,68,3,18625.9,16962.2,16355.3,0.888,6,2,0,5,0
base,steadfast,smarter,244,won,67,67,,0,0,0,dwarf:allied:43 archmage:conquered:51 orc:allied:59 goblin:conquered:67,1,24,19,0,4,2,86,9,15594.9,14646.4,16741.3,0.794,8,3,1,4,0
base,steadfast,smarter,245,won,44,44,,0,0,0,orc:abdicated:20 dwarf:conquered:28 archmage:conquered:36 goblin:conquered:44,1,15,14,0,2,0,64,1,17827.5,16305.7,15197.3,0.92,6,1,0,3,0
base,steadfast,smarter,246,won,46,46,,0,0,0,archmage:conquered:22 orc:conquered:30 goblin:conquered:38 dwarf:conquered:46,4,16,15,0,2,0,64,1,17918.6,16388,15969.3,0.874,5,1,0,4,0
base,steadfast,smarter,247,won,49,49,,0,0,0,archmage:conquered:25 goblin:conquered:33 orc:allied:41 dwarf:conquered:49,1,20,17,0,2,0,77,7,19069.5,17449.9,16741.3,0.894,5,2,0,2,0
base,steadfast,smarter,248,won,49,49,,0,0,0,dwarf:allied:25 archmage:conquered:33 orc:conquered:41 goblin:conquered:49,2,18,16,0,2,0,78,7,19753.3,18008.3,16741.3,0.889,6,1,0,6,0
base,steadfast,smarter,249,won,48,48,,0,0,0,goblin:conquered:24 archmage:conquered:32 dwarf:allied:40 orc:conquered:48,2,23,21,0,2,0,73,4,18667.1,17047.3,16741.3,0.881,5,3,0,4,0
base,steadfast,smarter,250,won,48,48,,0,0,0,dwarf:allied:24 archmage:conquered:32 goblin:conquered:40 orc:allied:48,2,18,16,0,2,0,69,1,19675.8,17904.6,16741.3,0.901,6,1,0,3,0
base,steadfast,smarter,251,won,61,61,,0,0,0,dwarf:allied:37 archmage:conquered:45 orc:conquered:53 goblin:conquered:61,1,19,16,0,3,1,76,1,17880.9,16663.1,16741.3,0.882,8,3,0,5,0
base,steadfast,smarter,252,won,48,48,,0,0,0,dwarf:allied:24 archmage:conquered:32 orc:conquered:40 goblin:allied:48,2,20,19,0,2,0,69,2,18932.6,17288.4,16741.3,0.877,5,1,0,4,0
base,steadfast,smarter,253,won,47,47,,0,0,0,dwarf:allied:23 orc:allied:31 archmage:conquered:39 goblin:conquered:47,2,17,16,0,2,0,69,2,19164.8,17487.7,16355.3,0.904,6,2,0,5,0
base,steadfast,smarter,254,won,47,47,,0,0,0,archmage:conquered:23 dwarf:allied:31 goblin:conquered:39 orc:conquered:47,2,21,20,0,2,0,75,5,18503.8,16886.3,16355.3,0.879,6,8,0,5,0
base,steadfast,smarter,255,won,57,57,,0,0,0,dwarf:allied:33 archmage:conquered:41 goblin:conquered:49 orc:conquered:57,2,17,13,0,2,0,74,3,18542.7,17139.9,16741.3,0.903,7,1,0,5,0
base,steadfast,smarter,256,won,56,56,,0,0,0,dwarf:allied:32 archmage:conquered:40 orc:conquered:48 goblin:conquered:56,2,20,18,0,3,1,73,2,18598.9,17182.1,16741.3,0.887,7,2,0,6,0
base,steadfast,smarter,257,won,59,59,,0,0,0,archmage:conquered:35 dwarf:allied:43 goblin:conquered:51 orc:conquered:59,1,19,15,0,2,0,80,5,17415.5,16289.4,16741.3,0.852,7,1,0,5,0
base,steadfast,smarter,258,won,47,47,,0,0,0,archmage:conquered:23 dwarf:allied:31 goblin:conquered:39 orc:conquered:47,2,20,19,0,2,0,73,7,18291.2,16690.6,16355.3,0.883,6,2,0,3,0
base,steadfast,smarter,259,won,51,51,,0,0,0,goblin:conquered:27 archmage:conquered:35 orc:conquered:43 dwarf:conquered:51,1,19,17,0,4,2,75,8,17631.1,16223.4,16741.3,0.839,6,2,0,6,0
base,steadfast,smarter,260,won,45,45,,0,0,0,goblin:conquered:21 dwarf:allied:29 archmage:conquered:37 orc:conquered:45,2,18,16,0,3,1,71,4,19072.8,17376.1,15583.3,0.941,6,2,0,3,0
base,steadfast,smarter,261,won,49,49,,0,0,0,archmage:conquered:25 goblin:conquered:33 orc:conquered:41 dwarf:conquered:49,2,20,18,0,3,1,72,4,20141.4,18349,16741.3,0.914,7,2,0,5,0
base,steadfast,smarter,262,won,58,58,,0,0,0,archmage:abdicated:34 dwarf:allied:42 orc:conquered:50 goblin:allied:58,1,18,15,0,2,0,73,4,17540.6,16413.9,16741.3,0.874,7,1,0,5,0
base,steadfast,smarter,263,won,49,49,,0,0,0,dwarf:allied:25 archmage:conquered:33 goblin:conquered:41 orc:conquered:49,2,19,18,0,2,0,68,2,19562.2,17850,16741.3,0.889,6,1,0,3,0
base,steadfast,smarter,264,won,60,60,,0,0,0,goblin:conquered:35 dwarf:allied:44 archmage:conquered:52 orc:conquered:60,2,22,18,0,3,1,79,2,17429.7,16327.1,16741.3,0.856,7,4,0,9,0
base,steadfast,smarter,265,won,49,49,,0,0,0,dwarf:allied:25 archmage:conquered:33 orc:conquered:41 goblin:allied:49,2,17,15,0,3,1,68,3,19037.9,17475.3,16741.3,0.885,6,2,0,3,0
base,steadfast,smarter,266,won,58,58,,0,0,0,archmage:conquered:34 dwarf:allied:42 goblin:conquered:50 orc:conquered:58,1,24,21,0,2,0,84,4,17325.1,16142.8,16741.3,0.877,7,6,0,7,0
base,steadfast,smarter,267,won,47,47,,0,0,0,archmage:conquered:23 dwarf:allied:31 goblin:conquered:39 orc:conquered:47,1,20,18,0,2,0,73,4,17834.4,16310.1,16355.3,0.842,6,1,0,6,0
base,steadfast,smarter,268,won,55,55,,0,0,0,dwarf:allied:31 orc:conquered:39 archmage:conquered:47 goblin:conquered:55,1,20,18,0,3,1,77,4,18018.9,16717.4,16741.3,0.841,7,2,0,4,0
base,steadfast,smarter,269,won,47,47,,0,0,0,goblin:conquered:23 dwarf:allied:31 archmage:conquered:39 orc:allied:47,1,17,15,0,2,0,73,8,17852.7,16335.3,16355.3,0.85,5,2,0,5,0
base,steadfast,smarter,270,won,46,46,,0,0,0,archmage:conquered:22 dwarf:allied:30 goblin:conquered:38 orc:conquered:46,2,22,21,0,2,0,70,2,19290.4,17556.6,15969.3,0.93,6,2,0,5,0
base,steadfast,smarter,271,won,48,48,,0,0,0,goblin:conquered:24 orc:allied:32 archmage:conquered:40 dwarf:conquered:48,1,20,18,0,2,0,71,3,18282,16693.8,16741.3,0.849,6,1,0,5,0
base,steadfast,smarter,272,won,47,47,,0,0,0,archmage:conquered:23 dwarf:allied:31 goblin:conquered:39 orc:conquered:47,2,21,19,0,2,0,71,1,18350.4,16763,16355.3,0.888,6,2,0,4,0
base,steadfast,smarter,273,won,48,48,,0,0,0,archmage:conquered:24 goblin:conquered:32 orc:conquered:40 dwarf:conquered:48,2,19,18,0,2,0,78,12,18484.7,16842.6,16741.3,0.849,6,1,0,5,0
base,steadfast,smarter,274,won,56,56,,0,0,0,dwarf:allied:32 archmage:conquered:40 goblin:conquered:48 orc:conquered:56,1,19,17,0,2,0,74,1,18356.5,16987.6,16741.3,0.9,7,2,0,5,0
base,steadfast,smarter,275,won,48,48,,0,0,0,dwarf:allied:24 archmage:conquered:32 goblin:conquered:40 orc:conquered:48,2,20,19,0,2,0,65,1,19753.5,17981.9,16741.3,0.905,7,2,0,5,0
base,steadfast,smarter,276,won,49,49,,0,0,0,orc:allied:25 archmage:conquered:33 dwarf:allied:41 goblin:conquered:49,2,18,16,0,2,0,71,2,18371.3,16780.8,16741.3,0.86,5,1,0,3,0
base,steadfast,smarter,277,won,53,53,,0,0,0,dwarf:allied:29 archmage:conquered:37 goblin:conquered:45 orc:conquered:53,1,16,14,0,2,0,75,2,18794.7,17334.4,16741.3,0.904,6,1,0,5,0
base,steadfast,smarter,278,won,47,47,,0,0,0,orc:allied:23 dwarf:allied:31 goblin:conquered:39 archmage:conquered:47,2,14,12,0,3,1,71,3,19653,17835.8,16355.3,0.922,6,2,0,3,0
base,steadfast,smarter,279,won,46,46,,0,0,0,archmage:conquered:22 orc:conquered:30 goblin:conquered:38 dwarf:conquered:46,2,21,19,0,2,0,70,1,18867.4,17173.9,15969.3,0.903,6,1,0,5,0
base,steadfast,smarter,280,won,49,49,,0,0,0,orc:abdicated:25 archmage:conquered:33 dwarf:conquered:41 goblin:conquered:49,1,19,17,0,3,1,69,6,18967.2,17404.2,16741.3,0.872,6,2,0,6,0
base,steadfast,smarter,281,won,50,50,,0,0,0,goblin:conquered:26 archmage:conquered:34 orc:conquered:42 dwarf:conquered:50,1,18,16,0,2,0,69,3,18927.8,17372.3,16741.3,0.875,5,1,0,6,0
base,steadfast,smarter,282,won,47,47,,0,0,0,archmage:conquered:23 orc:allied:31 goblin:conquered:39 dwarf:conquered:47,2,20,18,0,2,0,76,5,19600.8,17820.4,16355.3,0.904,6,1,0,2,0
base,steadfast,smarter,283,won,53,53,,0,0,0,dwarf:allied:29 archmage:conquered:37 goblin:conquered:45 orc:conquered:53,3,19,16,0,2,0,76,5,17899.9,16513.4,16741.3,0.872,7,2,0,4,0
base,steadfast,smarter,284,won,55,55,,0,0,0,dwarf:allied:31 orc:allied:39 goblin:allied:47 archmage:allied:55,3,11,7,0,2,0,78,4,17985.2,16634.9,16741.3,0.889,7,1,0,4,0
base,steadfast,smarter,285,won,54,54,,0,0,0,dwarf:allied:30 orc:conquered:38 archmage:conquered:46 goblin:allied:54,1,17,15,0,4,2,76,9,17590.5,16281.9,16741.3,0.852,6,2,0,3,0
base,steadfast,smarter,286,won,46,46,,0,0,0,archmage:conquered:22 goblin:conquered:30 orc:allied:38 dwarf:conquered:46,2,17,15,0,2,0,71,1,18437.4,16820.7,15969.3,0.899,6,2,0,4,0
base,steadfast,smarter,287,won,52,52,,0,0,0,dwarf:allied:28 archmage:conquered:36 orc:allied:44 goblin:conquered:52,2,23,21,0,2,0,74,5,18501.3,17044.4,16741.3,0.877,6,2,0,4,0
base,steadfast,smarter,288,won,51,51,,0,0,0,archmage:conquered:27 goblin:conquered:35 orc:conquered:43 dwarf:conquered:51,1,18,16,0,3,1,74,7,18779.7,17245.2,16741.3,0.866,6,2,0,4,0
base,steadfast,smarter,289,won,50,50,,0,0,0,dwarf:allied:26 archmage:conquered:34 goblin:conquered:42 orc:conquered:50,2,21,19,0,4,2,75,6,18987.4,17347,16741.3,0.878,6,2,0,3,0
base,steadfast,smarter,290,won,47,47,,0,0,0,dwarf:allied:23 archmage:abdicated:31 goblin:conquered:39 orc:conquered:47,2,17,16,0,2,0,68,3,17689.5,16176.7,16355.3,0.859,6,2,0,5,0
base,steadfast,smarter,291,won,46,46,,0,0,0,orc:abdicated:22 goblin:conquered:30 archmage:conquered:38 dwarf:conquered:46,1,16,14,0,3,1,72,7,18368.6,16836.8,15969.3,0.886,5,1,0,5,0
base,steadfast,smarter,292,won,47,47,,0,0,0,archmage:conquered:23 orc:allied:31 goblin:conquered:39 dwarf:conquered:47,2,20,18,0,2,0,71,5,18578.5,16926.8,16355.3,0.891,6,1,0,4,0
base,steadfast,smarter,293,won,46,46,,0,0,0,goblin:conquered:22 archmage:conquered:30 orc:allied:38 dwarf:conquered:46,2,19,17,0,2,0,82,10,17888.4,16322.9,15969.3,0.879,6,1,0,3,0
base,steadfast,smarter,294,won,46,46,,0,0,0,archmage:conquered:22 goblin:conquered:30 orc:conquered:38 dwarf:conquered:46,2,15,14,0,2,0,67,1,19400.7,17694.1,15969.3,0.923,6,1,0,4,0
base,steadfast,smarter,295,won,46,46,,0,0,0,goblin:conquered:22 archmage:conquered:30 orc:conquered:38 dwarf:conquered:46,1,18,16,0,2,0,72,3,18422.6,16818,15969.3,0.894,6,1,0,4,0
base,steadfast,smarter,296,won,49,49,,0,0,0,goblin:conquered:25 archmage:conquered:33 orc:conquered:41 dwarf:allied:49,2,20,18,0,2,0,67,1,18975.1,17280.9,16741.3,0.877,6,5,0,4,0
base,steadfast,smarter,297,won,45,45,,0,0,0,goblin:conquered:21 dwarf:allied:29 archmage:conquered:37 orc:conquered:45,3,19,18,0,2,0,70,1,19548.6,17770.1,15583.3,0.941,6,1,0,3,0
base,steadfast,smarter,298,won,48,48,,0,0,0,archmage:conquered:24 dwarf:allied:32 orc:conquered:40 goblin:conquered:48,1,21,19,0,2,0,77,6,20381.5,18671.5,16741.3,0.932,6,1,0,4,0
base,steadfast,smarter,299,won,45,45,,0,0,0,archmage:conquered:21 dwarf:allied:29 orc:allied:37 goblin:conquered:45,2,15,14,0,2,0,67,2,17410.2,15904.7,15583.3,0.889,5,2,0,4,0
base,steadfast,smarter,300,won,58,58,,0,0,0,dwarf:allied:34 orc:conquered:42 goblin:conquered:50 archmage:conquered:58,1,18,15,0,2,0,76,1,18000.5,16714.9,16741.3,0.884,7,1,0,5,0
base,steadfastPlateau,greedy,1,won,61,61,,0,0,0,goblin:conquered:36 archmage:conquered:45 orc:conquered:53 dwarf:conquered:61,2,29,25,0,2,0,89,4,16586,15560.4,16741.3,0.874,4,10,2,7,0
base,steadfastPlateau,greedy,2,active,71,,,0,0,0,,7,19,1,2,2,0,104,5,15108.7,14678.3,16741.3,0.869,4,2,0,34,0
base,steadfastPlateau,greedy,3,won,54,54,,0,0,0,orc:conquered:30 goblin:conquered:38 archmage:conquered:46 dwarf:conquered:54,4,25,23,0,2,0,78,4,20199.6,18395.9,16741.3,0.931,6,1,0,4,0
base,steadfastPlateau,greedy,4,won,61,61,,0,0,0,archmage:conquered:37 goblin:conquered:45 orc:conquered:53 dwarf:conquered:61,3,31,27,0,2,0,83,5,16996.6,15761.8,16741.3,0.84,2,1,0,4,0
base,steadfastPlateau,greedy,5,active,71,,,0,0,0,archmage:conquered:37 goblin:conquered:45 orc:conquered:53,4,28,25,0,2,0,78,2,17779.1,16480.4,16741.3,0.889,4,1,0,5,0
base,steadfastPlateau,greedy,6,won,49,49,,0,0,0,goblin:conquered:24 archmage:conquered:33 orc:conquered:41 dwarf:conquered:49,2,20,19,0,3,1,69,1,18946.5,17251.2,16741.3,0.872,4,2,0,4,0
base,steadfastPlateau,greedy,7,won,46,46,,0,0,0,goblin:conquered:21 archmage:conquered:30 orc:conquered:38 dwarf:conquered:46,2,23,22,0,2,0,72,4,18845.5,17186.2,15969.3,0.913,4,2,0,5,0
base,steadfastPlateau,greedy,8,active,71,,,0,0,0,archmage:conquered:35 orc:conquered:43 goblin:conquered:51,4,28,26,0,2,0,69,0,19003.7,17422.8,16741.3,0.895,4,1,0,4,0
base,steadfastPlateau,greedy,9,active,71,,,0,0,0,archmage:conquered:35 orc:conquered:44 goblin:conquered:52,5,28,26,0,3,1,87,6,17772.4,16371.1,16741.3,0.867,3,2,0,5,0
base,steadfastPlateau,greedy,10,won,50,50,,0,0,0,orc:conquered:26 archmage:conquered:34 goblin:conquered:42 dwarf:conquered:50,3,24,23,0,2,0,71,3,19652.8,17909.5,16741.3,0.9,3,2,0,3,0
base,steadfastPlateau,greedy,11,won,69,69,,0,0,0,archmage:conquered:44 goblin:conquered:53 orc:conquered:61 dwarf:conquered:69,4,32,28,0,2,0,82,3,17568.9,16432.4,16741.3,0.883,4,1,0,4,0
base,steadfastPlateau,greedy,12,won,55,55,,0,0,0,archmage:conquered:30 goblin:conquered:38 orc:conquered:47 dwarf:conquered:55,4,28,27,0,2,0,73,5,19977.6,18195.8,16741.3,0.917,4,2,0,4,0
base,steadfastPlateau,greedy,13,won,51,51,,0,0,0,archmage:conquered:25 orc:conquered:35 goblin:conquered:43 dwarf:conquered:51,3,23,20,0,2,0,81,7,19239,17709.5,16741.3,0.919,5,11,0,5,0
base,steadfastPlateau,greedy,14,active,71,,,0,0,0,goblin:conquered:24 archmage:conquered:32 orc:conquered:40,2,18,16,0,2,0,71,4,18168.8,16584.9,16741.3,0.86,2,1,0,2,0
base,steadfastPlateau,greedy,15,won,51,51,,0,0,0,archmage:conquered:27 goblin:conquered:35 orc:conquered:43 dwarf:conquered:51,3,25,23,0,3,1,73,5,18693.7,17100.1,16741.3,0.879,4,2,0,3,0
base,steadfastPlateau,greedy,16,won,60,60,,0,0,0,archmage:conquered:35 orc:conquered:44 goblin:conquered:52 dwarf:conquered:60,5,26,23,0,2,0,76,2,18481.7,17039.8,16741.3,0.896,5,2,0,5,0
base,steadfastPlateau,greedy,17,won,46,46,,0,0,0,goblin:conquered:21 archmage:conquered:30 orc:conquered:38 dwarf:conquered:46,1,20,19,0,2,0,69,2,17505.4,16000.2,15969.3,0.88,3,1,0,3,0
base,steadfastPlateau,greedy,18,won,49,49,,0,0,0,archmage:conquered:23 orc:conquered:33 goblin:conquered:41 dwarf:conquered:49,2,25,22,0,2,0,79,6,19495.1,17766.3,16741.3,0.899,4,2,0,6,0
base,steadfastPlateau,greedy,19,won,47,47,,0,0,0,archmage:conquered:22 orc:conquered:31 goblin:conquered:39 dwarf:conquered:47,2,23,21,0,2,0,71,2,19311.9,17616.1,16355.3,0.907,3,3,0,4,0
base,steadfastPlateau,greedy,20,active,71,,,0,0,0,goblin:conquered:24 archmage:conquered:32 orc:conquered:40,4,22,20,0,2,0,71,3,19015.1,17337.9,16741.3,0.888,4,1,0,5,0
base,steadfastPlateau,greedy,21,won,50,50,,0,0,0,archmage:conquered:26 goblin:conquered:34 orc:conquered:42 dwarf:conquered:50,3,25,23,0,2,0,72,4,19283.4,17581.9,16741.3,0.898,4,1,0,3,0
base,steadfastPlateau,greedy,22,won,48,48,,0,0,0,goblin:conquered:23 archmage:conquered:32 orc:conquered:40 dwarf:conquered:48,3,24,23,0,2,0,74,6,19176.9,17483.6,16741.3,0.903,4,2,0,4,0
base,steadfastPlateau,greedy,23,won,47,47,,0,0,0,archmage:conquered:22 orc:conquered:31 goblin:conquered:39 dwarf:conquered:47,1,22,20,0,2,0,72,2,18791.7,17179.8,16355.3,0.917,5,2,0,2,0
base,steadfastPlateau,greedy,24,active,71,,,0,0,0,archmage:conquered:24 goblin:conquered:32 orc:conquered:40,2,22,21,0,2,0,66,0,19261,17551,16741.3,0.88,2,2,0,4,0
base,steadfastPlateau,greedy,25,won,55,55,,0,0,0,archmage:conquered:30 goblin:conquered:38 orc:conquered:47 dwarf:conquered:55,3,28,26,0,2,0,75,6,17736.2,16184,16741.3,0.861,2,2,0,4,0
base,steadfastPlateau,greedy,26,active,71,,,0,0,0,,6,28,8,1,2,0,115,3,16072.2,15547.3,16741.3,0.87,5,1,0,39,0
base,steadfastPlateau,greedy,27,won,47,47,,0,0,0,archmage:conquered:22 orc:conquered:31 goblin:conquered:39 dwarf:conquered:47,2,23,21,0,2,0,75,4,18069.8,16491.4,16355.3,0.879,2,1,0,5,0
base,steadfastPlateau,greedy,28,active,71,,,0,0,0,archmage:conquered:35 goblin:conquered:43 orc:conquered:51,3,27,25,0,2,0,72,4,18028.8,16581.1,16741.3,0.885,4,2,0,7,0
base,steadfastPlateau,greedy,29,won,62,62,,0,0,0,archmage:conquered:38 orc:conquered:46 goblin:conquered:54 dwarf:conquered:62,4,29,26,0,2,0,84,6,18366.4,16982.2,16741.3,0.902,5,1,0,5,0
base,steadfastPlateau,greedy,30,won,49,49,,0,0,0,goblin:conquered:24 archmage:conquered:33 orc:conquered:41 dwarf:conquered:49,3,26,24,0,2,0,73,2,20038.6,18246.8,16741.3,0.928,6,2,0,4,0
base,steadfastPlateau,greedy,31,won,48,48,,0,0,0,goblin:conquered:23 archmage:conquered:32 orc:conquered:40 dwarf:conquered:48,3,22,21,0,2,0,72,4,19796,18012.7,16741.3,0.925,6,2,0,3,0
base,steadfastPlateau,greedy,32,won,46,46,,0,0,0,archmage:conquered:22 goblin:conquered:30 orc:conquered:38 dwarf:conquered:46,1,18,17,0,2,0,71,4,18016.8,16465.2,15969.3,0.886,4,1,0,5,0
base,steadfastPlateau,greedy,33,won,54,54,,0,0,0,archmage:conquered:30 orc:conquered:38 goblin:conquered:46 dwarf:conquered:54,4,26,24,0,2,0,73,2,19729.9,17991.5,16741.3,0.909,5,2,0,4,0
base,steadfastPlateau,greedy,34,won,46,46,,0,0,0,goblin:conquered:22 archmage:conquered:30 orc:conquered:38 dwarf:conquered:46,2,20,19,0,2,0,71,3,18924.8,17284.2,15969.3,0.911,4,9,0,2,0
base,steadfastPlateau,greedy,35,won,61,61,,0,0,0,archmage:conquered:35 dwarf:conquered:45 goblin:conquered:53 orc:conquered:61,2,28,24,0,2,0,80,1,17649.1,16572.1,16741.3,0.896,5,1,0,8,0
base,steadfastPlateau,greedy,36,won,49,49,,0,0,0,goblin:conquered:25 archmage:conquered:33 orc:conquered:41 dwarf:conquered:49,2,23,22,0,2,0,72,4,20137.8,18345.4,16741.3,0.922,4,1,0,5,0
base,steadfastPlateau,greedy,37,active,71,,,0,0,0,archmage:conquered:24 goblin:conquered:33 orc:conquered:41,2,24,22,0,2,0,79,6,18250.8,16667.6,16741.3,0.88,5,1,0,5,0
base,steadfastPlateau,greedy,38,won,61,61,,0,0,0,orc:conquered:37 archmage:conquered:45 goblin:conquered:53 dwarf:conquered:61,4,26,23,0,2,0,83,5,16990.6,15759.6,16741.3,0.849,2,2,0,4,0
base,steadfastPlateau,greedy,39,active,71,,,0,0,0,archmage:conquered:34 orc:conquered:42 goblin:conquered:50,4,27,23,0,2,0,86,9,18799.1,17283.9,16741.3,0.889,4,2,0,2,0
base,steadfastPlateau,greedy,40,active,71,,,0,0,0,archmage:conquered:38 goblin:conquered:46 orc:conquered:55,5,31,27,0,2,0,83,3,16834.5,15700.8,16741.3,0.854,2,1,0,5,0
base,steadfastPlateau,greedy,41,won,47,47,,0,0,0,goblin:conquered:22 orc:conquered:31 archmage:conquered:39 dwarf:conquered:47,2,21,20,0,2,0,68,1,18791.4,17111,16355.3,0.893,2,1,0,4,0
base,steadfastPlateau,greedy,42,won,63,63,,0,0,0,archmage:conquered:39 orc:conquered:47 goblin:conquered:55 dwarf:conquered:63,4,31,28,0,2,0,82,4,17638.6,16397.6,16741.3,0.888,4,1,0,4,0
base,steadfastPlateau,greedy,43,won,46,46,,0,0,0,archmage:conquered:21 orc:conquered:30 goblin:conquered:38 dwarf:conquered:46,2,21,19,0,2,0,77,5,18717.3,17066.2,15969.3,0.909,5,3,0,3,0
base,steadfastPlateau,greedy,44,won,53,53,,0,0,0,archmage:conquered:25 orc:conquered:35 goblin:conquered:43 dwarf:conquered:53,3,26,24,0,2,0,76,4,18268.9,16704.9,16741.3,0.878,4,1,0,4,0
base,steadfastPlateau,greedy,45,active,71,,,0,0,0,,7,15,0,1,3,1,30,2,14743,14325.5,16741.3,0.835,3,4,0,34,0
base,steadfastPlateau,greedy,46,won,48,48,,0,0,0,archmage:conquered:23 goblin:conquered:32 orc:conquered:40 dwarf:conquered:48,2,20,18,0,2,0,72,3,19509.1,17809.5,16741.3,0.907,5,3,0,5,0
base,steadfastPlateau,greedy,47,won,49,49,,0,0,0,archmage:conquered:25 goblin:conquered:33 orc:conquered:41 dwarf:conquered:49,1,20,18,0,3,1,72,3,19572.2,17880.3,16741.3,0.904,4,9,0,3,0
base,steadfastPlateau,greedy,48,active,71,,,0,0,0,,8,16,0,1,2,0,38,4,16110.7,15551.4,16741.3,0.835,2,2,0,45,0
base,steadfastPlateau,greedy,49,won,48,48,,0,0,0,archmage:conquered:24 orc:conquered:32 goblin:conquered:40 dwarf:conquered:48,4,25,24,0,2,0,70,2,19465.4,17751.8,16741.3,0.914,5,1,0,6,0
base,steadfastPlateau,greedy,50,won,51,51,,0,0,0,archmage:conquered:27 goblin:conquered:35 orc:conquered:43 dwarf:conquered:51,3,25,24,0,2,0,73,5,19782.1,18018.3,16741.3,0.917,5,2,0,5,0
base,steadfastPlateau,greedy,51,won,65,65,,0,0,0,orc:conquered:41 archmage:conquered:49 goblin:conquered:57 dwarf:conquered:65,3,27,24,0,2,0,81,10,17564.5,16229.3,16741.3,0.881,4,2,0,7,0
base,steadfastPlateau,greedy,52,won,46,46,,0,0,0,goblin:conquered:22 archmage:conquered:30 orc:conquered:38 dwarf:conquered:46,1,20,19,0,2,0,75,7,17161.9,15685.4,15969.3,0.853,3,1,0,5,0
base,steadfastPlateau,greedy,53,active,71,,,0,0,0,archmage:conquered:35 orc:conquered:43 goblin:conquered:51,3,25,23,0,2,0,78,6,17742.1,16335.3,16741.3,0.878,4,10,0,3,0
base,steadfastPlateau,greedy,54,won,51,51,,0,0,0,goblin:conquered:25 archmage:conquered:35 orc:conquered:43 dwarf:conquered:51,1,22,20,0,2,0,82,10,17768.6,16352.2,16741.3,0.865,3,2,0,3,0
base,steadfastPlateau,greedy,55,won,47,47,,0,0,0,archmage:conquered:22 orc:conquered:31 goblin:conquered:39 dwarf:conquered:47,2,24,22,0,2,0,69,1,20187.3,18334.3,16355.3,0.938,6,1,0,5,0
base,steadfastPlateau,greedy,56,won,46,46,,0,0,0,archmage:conquered:21 goblin:conquered:30 orc:conquered:38 dwarf:conquered:46,3,22,21,0,2,0,72,2,19193.4,17487.2,15969.3,0.92,4,1,0,4,0
base,steadfastPlateau,greedy,57,won,46,46,,0,0,0,goblin:conquered:21 archmage:conquered:30 orc:conquered:38 dwarf:conquered:46,2,24,22,0,2,0,75,3,19016.1,17325.2,15969.3,0.925,4,4,0,4,0
base,steadfastPlateau,greedy,58,won,60,60,,0,0,0,archmage:conquered:35 goblin:conquered:44 orc:conquered:52 dwarf:conquered:60,4,28,26,0,2,0,75,4,19170.8,17559.7,16741.3,0.911,7,4,0,4,0
base,steadfastPlateau,greedy,59,won,46,46,,0,0,0,archmage:conquered:21 goblin:conquered:30 orc:conquered:38 dwarf:conquered:46,2,22,20,0,2,0,76,2,19069.4,17399.9,15969.3,0.914,4,2,0,2,0
base,steadfastPlateau,greedy,60,won,64,64,,0,0,0,archmage:conquered:39 goblin:conquered:47 orc:conquered:56 dwarf:conquered:64,4,30,27,0,2,0,79,1,18940.8,17501.3,16741.3,0.911,7,1,0,3,0
base,steadfastPlateau,greedy,61,won,64,64,,0,0,0,orc:conquered:40 goblin:conquered:48 archmage:conquered:56 dwarf:conquered:64,5,30,27,0,2,0,85,4,18846.8,17432.4,16741.3,0.891,4,2,0,5,0
base,steadfastPlateau,greedy,62,won,46,46,,0,0,0,goblin:conquered:21 archmage:conquered:30 orc:conquered:38 dwarf:conquered:46,3,22,20,0,2,0,68,0,19151,17462,15969.3,0.926,5,1,0,5,0
base,steadfastPlateau,greedy,63,active,71,,,0,0,0,archmage:conquered:26 goblin:conquered:35 orc:conquered:43,2,21,19,0,3,1,74,4,19217.7,17625.1,16741.3,0.889,5,1,0,4,0
base,steadfastPlateau,greedy,64,active,71,,,0,0,0,archmage:conquered:30 goblin:conquered:38 orc:conquered:46,3,24,23,0,2,0,73,5,18796.3,17162,16741.3,0.891,5,5,0,5,0
base,steadfastPlateau,greedy,65,won,46,46,,0,0,0,goblin:conquered:21 archmage:conquered:30 orc:conquered:38 dwarf:conquered:46,3,24,23,0,2,0,71,3,18754.1,17110,15969.3,0.913,3,1,0,4,0
base,steadfastPlateau,greedy,66,won,50,50,,0,0,0,orc:conquered:26 archmage:conquered:34 goblin:conquered:42 dwarf:conquered:50,2,21,20,0,3,1,70,2,19322.6,17638,16741.3,0.889,4,3,0,4,0
base,steadfastPlateau,greedy,67,active,71,,,0,0,0,goblin:conquered:31 orc:conquered:39 archmage:conquered:47,4,25,23,0,2,0,83,4,18529.6,17030.2,16741.3,0.888,4,2,0,3,0
base,steadfastPlateau,greedy,68,won,48,48,,0,0,0,goblin:conquered:24 archmage:conquered:32 orc:conquered:40 dwarf:conquered:48,3,24,23,0,2,0,70,2,19651.2,17907.3,16741.3,0.922,6,1,0,4,0
base,steadfastPlateau,greedy,69,won,52,52,,0,0,0,archmage:conquered:27 goblin:conquered:36 orc:conquered:44 dwarf:conquered:52,3,23,22,0,2,0,73,6,18294.2,16710.9,16741.3,0.877,3,1,0,3,0
base,steadfastPlateau,greedy,70,won,54,54,,0,0,0,archmage:conquered:30 goblin:conquered:38 orc:conquered:46 dwarf:conquered:54,3,27,24,0,2,0,78,4,19624,17881,16741.3,0.906,6,3,0,3,0
base,steadfastPlateau,greedy,71,won,49,49,,0,0,0,archmage:conquered:21 goblin:conquered:33 orc:conquered:41 dwarf:conquered:49,2,24,22,0,2,0,79,6,20173.9,18371.8,16741.3,0.928,6,1,0,5,0
base,steadfastPlateau,greedy,72,won,65,65,,0,0,0,archmage:conquered:41 goblin:conquered:49 orc:conquered:57 dwarf:conquered:65,6,33,29,0,3,1,79,2,17677.1,16430.4,16741.3,0.896,4,1,0,4,0
base,steadfastPlateau,greedy,73,won,48,48,,0,0,0,archmage:conquered:23 goblin:conquered:32 orc:conquered:40 dwarf:conquered:48,3,24,23,0,2,0,73,5,19140,17465.3,16741.3,0.905,4,1,0,5,0
base,steadfastPlateau,greedy,74,won,50,50,,0,0,0,archmage:conquered:25 goblin:conquered:34 orc:conquered:42 dwarf:conquered:50,3,22,21,0,2,0,69,1,19374.9,17668.2,16741.3,0.905,4,2,0,4,0
base,steadfastPlateau,greedy,75,won,67,67,,0,0,0,dwarf:conquered:42 goblin:conquered:50 archmage:conquered:58 orc:conquered:67,4,33,29,0,3,1,90,7,17690.9,16498.3,16741.3,0.883,5,2,0,6,0
base,steadfastPlateau,greedy,76,won,46,46,,0,0,0,archmage:conquered:22 goblin:conquered:30 orc:conquered:38 dwarf:conquered:46,2,21,20,0,2,0,68,0,18579.1,16957.4,15969.3,0.919,5,1,0,3,0
base,steadfastPlateau,greedy,77,won,60,60,,0,0,0,orc:conquered:36 archmage:conquered:44 goblin:conquered:52 dwarf:conquered:60,4,27,23,0,3,1,85,5,17788.3,16484.3,16741.3,0.883,4,2,0,3,0
base,steadfastPlateau,greedy,78,won,51,51,,0,0,0,archmage:conquered:27 orc:conquered:35 goblin:conquered:43 dwarf:conquered:51,3,26,24,0,2,0,78,5,19663.4,17927.7,16741.3,0.912,5,4,0,3,0
base,steadfastPlateau,greedy,79,won,46,46,,0,0,0,archmage:conquered:21 goblin:conquered:30 orc:conquered:38 dwarf:conquered:46,2,21,20,0,2,0,71,3,19172.5,17472.7,15969.3,0.919,4,1,0,3,0
base,steadfastPlateau,greedy,80,won,46,46,,0,0,0,archmage:conquered:22 orc:conquered:30 goblin:conquered:38 dwarf:conquered:46,2,17,15,0,2,0,71,2,18784.9,17150.4,15969.3,0.903,4,8,0,5,0
base,steadfastPlateau,greedy,81,won,48,48,,0,0,0,goblin:conquered:23 archmage:conquered:32 orc:conquered:40 dwarf:conquered:48,4,27,25,0,2,0,70,2,19517.6,17792.2,16741.3,0.892,4,2,0,4,0
base,steadfastPlateau,greedy,82,active,71,,,0,0,0,,8,22,6,1,4,2,101,5,15224.7,14853.4,16741.3,0.883,5,2,0,28,0
base,steadfastPlateau,greedy,83,active,71,,,0,0,0,archmage:conquered:23 orc:conquered:33 goblin:conquered:41,2,21,19,0,2,0,80,4,18920.6,17277.2,16741.3,0.886,4,2,0,3,0
base,steadfastPlateau,greedy,84,won,48,48,,0,0,0,archmage:conquered:23 goblin:conquered:32 orc:conquered:40 dwarf:conquered:48,2,22,21,0,2,0,74,6,17384.1,15869.6,16741.3,0.844,2,1,0,5,0
base,steadfastPlateau,greedy,85,won,46,46,,0,0,0,archmage:conquered:21 goblin:conquered:30 orc:conquered:38 dwarf:conquered:46,1,22,20,0,2,0,72,3,18718.4,17060.5,15969.3,0.897,3,2,0,4,0
base,steadfastPlateau,greedy,86,won,50,50,,0,0,0,archmage:conquered:26 goblin:conquered:34 orc:conquered:42 dwarf:conquered:50,3,24,22,0,2,0,70,2,20094.7,18287.5,16741.3,0.921,6,5,0,5,0
base,steadfastPlateau,greedy,87,won,48,48,,0,0,0,archmage:conquered:23 goblin:conquered:32 orc:conquered:40 dwarf:conquered:48,4,25,23,0,2,0,74,6,19418.8,17719.9,16741.3,0.895,2,2,0,3,0
base,steadfastPlateau,greedy,88,won,62,62,,0,0,0,archmage:conquered:38 orc:conquered:46 goblin:conquered:54 dwarf:conquered:62,5,31,27,0,2,0,82,3,17542.9,16267.6,16741.3,0.877,4,1,0,5,0
base,steadfastPlateau,greedy,89,won,50,50,,0,0,0,goblin:conquered:26 archmage:conquered:34 orc:conquered:42 dwarf:conquered:50,2,24,21,0,2,0,73,4,18472,16830,16741.3,0.865,2,1,0,2,0
base,steadfastPlateau,greedy,90,active,71,,,0,0,0,goblin:conquered:33 archmage:conquered:41 orc:conquered:49,3,26,24,0,2,0,77,5,18328.3,16852.2,16741.3,0.88,3,2,0,3,0
base,steadfastPlateau,greedy,91,won,61,61,,0,0,0,archmage:conquered:36 orc:conquered:45 goblin:conquered:53 dwarf:conquered:61,5,28,25,0,2,0,70,1,18684.2,17191,16741.3,0.884,4,1,0,4,0
base,steadfastPlateau,greedy,92,won,50,50,,0,0,0,archmage:conquered:25 orc:conquered:34 dwarf:conquered:42 goblin:conquered:50,1,22,19,0,3,1,74,3,18998.2,17444.3,16741.3,0.901,5,3,0,4,0
base,steadfastPlateau,greedy,93,won,50,50,,0,0,0,orc:conquered:26 archmage:conquered:34 goblin:conquered:42 dwarf:conquered:50,3,21,21,0,2,0,68,0,19972.2,18205.2,16741.3,0.909,4,1,0,4,0
base,steadfastPlateau,greedy,94,won,46,46,,0,0,0,archmage:conquered:21 goblin:conquered:30 orc:conquered:38 dwarf:conquered:46,2,20,19,0,2,0,69,1,19016.5,17335.7,15969.3,0.912,4,4,0,5,0
base,steadfastPlateau,greedy,95,won,54,54,,0,0,0,archmage:conquered:30 goblin:conquered:38 orc:conquered:46 dwarf:conquered:54,3,27,25,0,2,0,72,2,19380.9,17641,16741.3,0.904,5,2,0,3,0
base,steadfastPlateau,greedy,96,active,71,,,0,0,0,,8,24,7,1,2,0,103,5,16666.4,16122,16741.3,0.895,5,1,0,40,0
base,steadfastPlateau,greedy,97,won,54,54,,0,0,0,archmage:conquered:30 orc:conquered:38 goblin:conquered:46 dwarf:conquered:54,4,26,24,0,2,0,76,2,19805.2,18039.5,16741.3,0.913,4,1,0,4,0
base,steadfastPlateau,greedy,98,won,61,61,,0,0,0,archmage:conquered:36 orc:conquered:45 goblin:conquered:53 dwarf:conquered:61,3,30,25,0,3,1,85,5,18019.2,16681.6,16741.3,0.859,5,5,0,3,0
base,steadfastPlateau,greedy,99,won,48,48,,0,0,0,archmage:conquered:24 goblin:conquered:32 orc:conquered:40 dwarf:conquered:48,3,21,19,0,2,0,72,4,19973.6,18186.3,16741.3,0.923,6,3,0,3,0
base,steadfastPlateau,greedy,100,won,52,52,,0,0,0,goblin:conquered:24 archmage:conquered:35 orc:conquered:44 dwarf:conquered:52,1,28,26,0,4,2,78,10,17923.6,16445.5,16741.3,0.847,2,5,0,4,0
base,steadfastPlateau,greedy,101,won,55,55,,0,0,0,archmage:conquered:31 goblin:conquered:39 orc:conquered:47 dwarf:conquered:55,6,28,27,0,2,0,73,5,18595.2,16962.4,16741.3,0.878,4,1,0,4,0
base,steadfastPlateau,greedy,102,active,71,,,0,0,0,goblin:conquered:24 archmage:conquered:32 orc:conquered:40,3,24,23,0,2,0,75,5,18670.7,17015.5,16741.3,0.893,5,1,0,5,0
base,steadfastPlateau,greedy,103,active,71,,,0,0,0,,6,15,0,4,2,0,61,6,14764.5,14395.7,16741.3,0.869,4,2,0,1,0
base,steadfastPlateau,greedy,104,won,64,64,,0,0,0,archmage:conquered:36 goblin:conquered:44 orc:conquered:53 dwarf:conquered:64,5,29,25,0,3,1,83,2,17772.3,16412,16741.3,0.885,4,2,0,5,0
base,steadfastPlateau,greedy,105,active,71,,,0,0,0,,8,30,18,5,2,0,107,3,15902.6,15400.2,16741.3,0.879,6,1,0,38,0
base,steadfastPlateau,greedy,106,won,49,49,,0,0,0,archmage:conquered:25 goblin:conquered:33 orc:conquered:41 dwarf:conquered:49,2,22,21,0,2,0,76,2,18484.4,16946.5,16741.3,0.88,3,3,0,2,0
base,steadfastPlateau,greedy,107,won,46,46,,0,0,0,goblin:conquered:22 archmage:conquered:30 orc:conquered:38 dwarf:conquered:46,2,21,18,0,2,0,71,3,18175.7,16606.6,15969.3,0.898,5,2,0,3,0
base,steadfastPlateau,greedy,108,won,46,46,,0,0,0,archmage:conquered:22 orc:conquered:30 goblin:conquered:38 dwarf:conquered:46,2,20,18,0,2,0,76,5,17411,15906.2,15969.3,0.878,3,2,0,4,0
base,steadfastPlateau,greedy,109,active,71,,,0,0,0,,7,19,4,1,2,0,86,1,15465.4,14981.7,16741.3,0.855,4,10,0,36,0
base,steadfastPlateau,greedy,110,won,59,59,,0,0,0,archmage:conquered:35 goblin:conquered:43 orc:conquered:51 dwarf:conquered:59,4,30,29,0,2,0,70,2,19924.7,18136.2,16741.3,0.905,5,1,0,3,0
base,steadfastPlateau,greedy,111,won,70,70,,0,0,0,archmage:conquered:44 goblin:conquered:53 orc:conquered:62 dwarf:conquered:70,4,35,29,1,2,0,79,1,15231.1,14643.3,16741.3,0.853,3,1,1,13,0
base,steadfastPlateau,greedy,112,won,46,46,,0,0,0,archmage:conquered:21 goblin:conquered:30 orc:conquered:38 dwarf:conquered:46,2,20,19,0,3,1,72,4,19177.6,17480.2,15969.3,0.929,5,2,0,3,0
base,steadfastPlateau,greedy,113,won,48,48,,0,0,0,goblin:conquered:24 archmage:conquered:32 orc:conquered:40 dwarf:conquered:48,3,20,19,0,2,0,71,4,17954.4,16385.5,16741.3,0.843,2,2,0,5,0
base,steadfastPlateau,greedy,114,active,71,,,0,0,0,archmage:conquered:33 goblin:conquered:41 orc:conquered:49,3,26,24,0,2,0,74,4,18572.8,16958.4,16741.3,0.865,4,10,0,5,0
base,steadfastPlateau,greedy,115,won,58,58,,0,0,0,archmage:conquered:34 orc:conquered:42 goblin:conquered:50 dwarf:conquered:58,4,27,25,0,2,0,73,2,20086.1,18328.8,16741.3,0.903,5,1,0,3,0
base,steadfastPlateau,greedy,116,active,71,,,0,0,0,goblin:conquered:24 archmage:conquered:32 orc:conquered:40,2,22,21,0,2,0,75,5,18510.5,16991.8,16741.3,0.883,4,3,0,4,0
base,steadfastPlateau,greedy,117,won,51,51,,0,0,0,orc:conquered:27 archmage:conquered:35 goblin:conquered:43 dwarf:conquered:51,3,25,24,0,2,0,77,7,20428.1,18586.9,16741.3,0.931,6,1,0,6,0
base,steadfastPlateau,greedy,118,won,51,51,,0,0,0,archmage:conquered:27 orc:conquered:35 goblin:conquered:43 dwarf:conquered:51,3,26,24,0,2,0,72,3,19222.4,17514.5,16741.3,0.891,5,1,0,4,0
base,steadfastPlateau,greedy,119,won,59,59,,0,0,0,archmage:conquered:35 goblin:conquered:43 orc:conquered:51 dwarf:conquered:59,4,30,28,0,3,1,77,5,18416.1,16906.4,16741.3,0.864,5,2,0,5,0
base,steadfastPlateau,greedy,120,won,54,54,,0,0,0,archmage:conquered:30 orc:conquered:38 goblin:conquered:46 dwarf:conquered:54,3,26,24,0,2,0,83,6,18246.1,16819.5,16741.3,0.885,4,1,0,4,0
base,steadfastPlateau,greedy,121,won,55,55,,0,0,0,archmage:conquered:30 goblin:conquered:38 orc:conquered:47 dwarf:conquered:55,3,24,23,0,3,1,76,4,19734.3,18078.4,16741.3,0.903,6,2,0,2,0
base,steadfastPlateau,greedy,122,active,71,,,0,0,0,goblin:conquered:24 archmage:conquered:33 orc:conquered:41,2,23,21,0,2,0,72,2,18062,16469.5,16741.3,0.883,4,2,0,3,0
base,steadfastPlateau,greedy,123,won,51,51,,0,0,0,archmage:conquered:25 goblin:conquered:35 orc:conquered:43 dwarf:conquered:51,2,25,23,0,3,1,75,3,18017.1,16546.3,16741.3,0.878,5,5,0,4,0
base,steadfastPlateau,greedy,124,won,55,55,,0,0,0,archmage:conquered:31 goblin:conquered:39 orc:conquered:47 dwarf:conquered:55,3,26,24,0,2,0,88,6,18473.8,16973.5,16741.3,0.882,3,2,0,6,0
base,steadfastPlateau,greedy,125,won,48,48,,0,0,0,goblin:conquered:22 archmage:conquered:32 orc:conquered:40 dwarf:conquered:48,2,28,27,0,2,0,71,2,19508.5,17785.2,16741.3,0.91,3,1,0,5,0
base,steadfastPlateau,greedy,126,won,56,56,,0,0,0,archmage:conquered:32 goblin:conquered:40 orc:conquered:48 dwarf:conquered:56,4,26,24,0,2,0,79,5,18288.1,16721.6,16741.3,0.88,4,1,0,4,0
base,steadfastPlateau,greedy,127,won,55,55,,0,0,0,archmage:conquered:31 goblin:conquered:39 orc:conquered:47 dwarf:conquered:55,3,28,27,0,2,0,72,4,19920.4,18153.5,16741.3,0.903,5,1,0,4,0
base,steadfastPlateau,greedy,128,won,54,54,,0,0,0,archmage:conquered:30 orc:conquered:38 goblin:conquered:46 dwarf:conquered:54,4,25,24,0,2,0,72,4,19552.9,17851.7,16741.3,0.9,5,3,0,3,0
base,steadfastPlateau,greedy,129,won,46,46,,0,0,0,archmage:conquered:22 goblin:conquered:30 orc:conquered:38 dwarf:conquered:46,3,26,24,0,2,0,73,1,18439.3,16829.1,15969.3,0.894,3,2,0,5,0
base,steadfastPlateau,greedy,130,won,54,54,,0,0,0,archmage:conquered:30 goblin:conquered:38 orc:conquered:46 dwarf:conquered:54,4,29,28,0,2,0,69,2,19125.5,17454.9,16741.3,0.892,5,2,0,4,0
base,steadfastPlateau,greedy,131,won,46,46,,0,0,0,goblin:conquered:22 archmage:conquered:30 orc:conquered:38 dwarf:conquered:46,2,22,20,0,2,0,70,1,18082,16508.8,15969.3,0.9,3,2,0,3,0
base,steadfastPlateau,greedy,132,won,46,46,,0,0,0,archmage:conquered:21 orc:conquered:30 goblin:conquered:38 dwarf:conquered:46,1,22,20,0,2,0,77,4,19048.7,17395.3,15969.3,0.93,5,1,0,5,0
base,steadfastPlateau,greedy,133,won,48,48,,0,0,0,archmage:conquered:23 goblin:conquered:32 orc:conquered:40 dwarf:conquered:48,2,23,21,0,2,0,71,2,19367.5,17676.5,16741.3,0.916,5,1,0,3,0
base,steadfastPlateau,greedy,134,won,55,55,,0,0,0,archmage:conquered:31 goblin:conquered:39 orc:conquered:47 dwarf:conquered:55,4,25,22,0,2,0,73,3,18721.5,17220.2,16741.3,0.908,5,2,0,5,0
base,steadfastPlateau,greedy,135,active,71,,,0,0,0,archmage:conquered:22 goblin:conquered:33 orc:conquered:41,2,22,20,0,2,0,79,5,19519.2,17768.6,16741.3,0.89,4,2,0,4,0
base,steadfastPlateau,greedy,136,won,63,63,,0,0,0,archmage:conquered:39 orc:conquered:47 goblin:conquered:55 dwarf:conquered:63,4,33,29,0,2,0,83,3,17698.8,16440.3,16741.3,0.864,4,2,0,4,0
base,steadfastPlateau,greedy,137,won,49,49,,0,0,0,archmage:conquered:25 goblin:conquered:33 orc:conquered:41 dwarf:conquered:49,2,24,23,0,2,0,71,4,19330.6,17620.3,16741.3,0.896,5,1,0,5,0
base,steadfastPlateau,greedy,138,won,54,54,,0,0,0,goblin:conquered:30 archmage:conquered:38 orc:conquered:46 dwarf:conquered:54,4,26,23,0,2,0,77,2,18646.5,17122.9,16741.3,0.895,3,1,0,3,0
base,steadfastPlateau,greedy,139,won,46,46,,0,0,0,archmage:conquered:21 goblin:conquered:30 orc:conquered:38 dwarf:conquered:46,2,19,18,0,2,0,70,2,19307.6,17595.7,15969.3,0.918,5,1,0,5,0
base,steadfastPlateau,greedy,140,won,46,46,,0,0,0,archmage:conquered:21 orc:conquered:30 goblin:conquered:38 dwarf:conquered:46,2,25,23,0,2,0,72,1,18969.4,17245.5,15969.3,0.923,6,1,0,4,0
base,steadfastPlateau,greedy,141,won,54,54,,0,0,0,archmage:conquered:30 goblin:conquered:38 orc:conquered:46 dwarf:conquered:54,3,30,28,0,2,0,77,3,20904.7,19042.7,16741.3,0.938,6,1,0,6,0
base,steadfastPlateau,greedy,142,won,59,59,,0,0,0,archmage:conquered:35 goblin:conquered:43 orc:conquered:51 dwarf:conquered:59,4,28,25,0,2,0,84,5,16995.7,15838.9,16741.3,0.875,5,2,0,4,0
base,steadfastPlateau,greedy,143,won,46,46,,0,0,0,archmage:conquered:22 goblin:conquered:30 orc:conquered:38 dwarf:conquered:46,2,22,21,0,2,0,68,1,18524.8,16917.3,15969.3,0.902,4,1,0,5,0
base,steadfastPlateau,greedy,144,active,71,,,0,0,0,,7,26,10,0,2,0,132,7,16421.8,15631,16741.3,0.89,6,2,0,43,0
base,steadfastPlateau,greedy,145,won,50,50,,0,0,0,goblin:conquered:26 orc:conquered:34 archmage:conquered:42 dwarf:conquered:50,3,23,22,0,2,0,76,8,19835.6,18101.2,16741.3,0.915,5,1,0,4,0
base,steadfastPlateau,greedy,146,active,71,,,0,0,0,,8,21,0,5,2,0,65,2,15247.3,14822.1,16741.3,0.868,4,2,0,9,0
base,steadfastPlateau,greedy,147,won,49,49,,0,0,0,archmage:conquered:24 goblin:conquered:33 orc:conquered:41 dwarf:conquered:49,3,26,25,0,2,0,71,3,19443.6,17721.5,16741.3,0.907,5,2,0,3,0
base,steadfastPlateau,greedy,148,won,52,52,,0,0,0,goblin:conquered:27 archmage:conquered:35 orc:conquered:44 dwarf:conquered:52,4,27,25,0,2,0,74,3,19499,17755.7,16741.3,0.902,5,4,0,4,0
base,steadfastPlateau,greedy,149,won,56,56,,0,0,0,goblin:conquered:31 archmage:conquered:40 orc:conquered:48 dwarf:conquered:56,3,31,26,0,2,0,88,8,16213.4,15122.8,16741.3,0.849,3,1,0,6,0
base,steadfastPlateau,greedy,150,won,52,52,,0,0,0,archmage:conquered:25 orc:conquered:36 goblin:conquered:44 dwarf:conquered:52,2,26,24,0,2,0,73,0,19881,18230.6,16741.3,0.911,6,1,0,3,0
base,steadfastPlateau,greedy,151,won,48,48,,0,0,0,archmage:conquered:24 goblin:conquered:32 orc:conquered:40 dwarf:conquered:48,3,22,20,0,2,0,73,4,19288.8,17585.5,16741.3,0.905,5,2,0,3,0
base,steadfastPlateau,greedy,152,won,46,46,,0,0,0,archmage:conquered:22 goblin:conquered:30 orc:conquered:38 dwarf:conquered:46,3,25,22,0,2,0,76,3,17933.8,16391.4,15969.3,0.895,3,2,0,3,0
base,steadfastPlateau,greedy,153,won,48,48,,0,0,0,goblin:conquered:24 archmage:conquered:32 orc:conquered:40 dwarf:conquered:48,2,19,18,0,2,0,70,1,18976.4,17332.6,16741.3,0.898,5,1,0,4,0
base,steadfastPlateau,greedy,154,won,61,61,,0,0,0,goblin:conquered:36 archmage:conquered:45 orc:conquered:53 dwarf:conquered:61,3,30,26,0,3,1,85,4,16670.2,15667.7,16741.3,0.875,3,2,1,7,0
base,steadfastPlateau,greedy,155,won,55,55,,0,0,0,orc:conquered:31 archmage:conquered:39 goblin:conquered:47 dwarf:conquered:55,4,22,20,0,3,1,72,1,19287.5,17697.5,16741.3,0.896,5,4,0,3,0
base,steadfastPlateau,greedy,156,won,46,46,,0,0,0,goblin:conquered:21 archmage:conquered:30 orc:conquered:38 dwarf:conquered:46,3,24,22,0,2,0,71,4,18503,16878.9,15969.3,0.899,5,2,0,4,0
base,steadfastPlateau,greedy,157,active,71,,,0,0,0,goblin:conquered:23 archmage:conquered:32 orc:conquered:40,1,20,17,0,2,0,69,0,19694.8,17986.2,16741.3,0.896,4,7,0,3,0
base,steadfastPlateau,greedy,158,won,60,60,,0,0,0,goblin:conquered:35 orc:conquered:44 archmage:conquered:52 dwarf:conquered:60,1,24,20,0,2,0,80,4,15680.8,14768.9,16741.3,0.842,3,1,0,7,0
base,steadfastPlateau,greedy,159,won,46,46,,0,0,0,archmage:conquered:21 goblin:conquered:30 orc:conquered:38 dwarf:conquered:46,2,24,23,0,2,0,72,3,19001.7,17319.4,15969.3,0.908,5,1,0,4,0
base,steadfastPlateau,greedy,160,won,69,69,,0,0,0,archmage:conquered:44 orc:conquered:53 goblin:conquered:61 dwarf:conquered:69,5,34,30,0,2,0,79,3,17487.1,16406.3,16741.3,0.905,5,5,0,7,0
base,steadfastPlateau,greedy,161,won,62,62,,0,0,0,archmage:conquered:36 goblin:conquered:45 orc:conquered:54 dwarf:conquered:62,3,33,29,0,2,0,83,4,15647.6,14686,16741.3,0.849,3,6,0,5,0
base,steadfastPlateau,greedy,162,won,55,55,,0,0,0,archmage:conquered:31 goblin:conquered:39 orc:conquered:47 dwarf:conquered:55,3,29,27,0,2,0,74,5,19762.2,18018.1,16741.3,0.889,5,1,0,5,0
base,steadfastPlateau,greedy,163,won,61,61,,0,0,0,archmage:conquered:37 goblin:conquered:45 orc:conquered:53 dwarf:conquered:61,4,30,26,0,3,1,84,4,17656.6,16402.2,16741.3,0.865,4,2,0,4,0
base,steadfastPlateau,greedy,164,won,46,46,,0,0,0,goblin:conquered:21 archmage:conquered:30 orc:conquered:38 dwarf:conquered:46,3,24,23,0,2,0,69,1,18667.9,17039.5,15969.3,0.908,5,2,0,3,0
base,steadfastPlateau,greedy,165,won,51,51,,0,0,0,archmage:conquered:26 orc:conquered:35 goblin:conquered:43 dwarf:conquered:51,3,20,17,0,2,0,75,2,17782.6,16372.7,16741.3,0.875,3,1,0,3,0
base,steadfastPlateau,greedy,166,active,71,,,0,0,0,orc:conquered:31,5,21,18,0,2,0,70,1,19852.4,18123,16741.3,0.908,5,2,0,4,0
base,steadfastPlateau,greedy,167,won,47,47,,0,0,0,archmage:conquered:22 goblin:conquered:31 orc:conquered:39 dwarf:conquered:47,2,26,23,0,2,0,79,4,16629.4,15217.8,16355.3,0.834,3,1,0,3,0
base,steadfastPlateau,greedy,168,won,54,54,,0,0,0,archmage:conquered:30 orc:conquered:38 goblin:conquered:46 dwarf:conquered:54,3,28,26,0,2,0,78,5,20137.7,18325.7,16741.3,0.915,7,3,0,3,0
base,steadfastPlateau,greedy,169,won,56,56,,0,0,0,archmage:conquered:30 goblin:conquered:40 orc:conquered:48 dwarf:conquered:56,1,24,21,0,2,0,84,6,17018.6,15755.8,16741.3,0.862,2,2,0,4,0
base,steadfastPlateau,greedy,170,won,62,62,,0,0,0,archmage:conquered:37 orc:conquered:46 goblin:conquered:54 dwarf:conquered:62,4,31,28,0,2,0,78,2,18154.8,16811.8,16741.3,0.905,5,6,0,3,0
base,steadfastPlateau,greedy,171,won,46,46,,0,0,0,archmage:conquered:21 orc:conquered:30 goblin:conquered:38 dwarf:conquered:46,2,22,21,0,2,0,71,3,18041.6,16472.7,15969.3,0.906,4,4,0,4,0
base,steadfastPlateau,greedy,172,won,60,60,,0,0,0,archmage:conquered:34 goblin:conquered:43 orc:conquered:52 dwarf:conquered:60,4,31,26,0,2,0,83,7,17655.1,16631.9,16741.3,0.9,4,2,0,9,0
base,steadfastPlateau,greedy,173,won,59,59,,0,0,0,archmage:conquered:35 orc:conquered:43 goblin:conquered:51 dwarf:conquered:59,3,24,22,0,2,0,76,5,17786.7,16328.7,16741.3,0.872,4,4,0,4,0
base,steadfastPlateau,greedy,174,won,59,59,,0,0,0,archmage:conquered:34 goblin:conquered:43 orc:conquered:51 dwarf:conquered:59,3,28,23,0,2,0,82,5,16253.5,15259.6,16741.3,0.845,3,3,0,8,0
base,steadfastPlateau,greedy,175,active,71,,,0,0,0,goblin:conquered:35 archmage:conquered:43 orc:conquered:52,3,27,24,0,2,0,81,2,18735.3,17280.7,16741.3,0.882,3,1,0,5,0
base,steadfastPlateau,greedy,176,active,71,,,0,0,0,archmage:conquered:26 goblin:conquered:35 orc:conquered:43,2,22,20,0,3,1,75,6,18462.5,16855.4,16741.3,0.868,2,1,0,6,0
base,steadfastPlateau,greedy,177,won,62,62,,0,0,0,archmage:conquered:38 orc:conquered:46 dwarf:conquered:54 goblin:conquered:62,4,30,26,0,2,0,84,4,17737,16497.9,16741.3,0.893,6,2,0,7,0
base,steadfastPlateau,greedy,178,won,60,60,,0,0,0,archmage:conquered:35 orc:conquered:44 goblin:conquered:52 dwarf:conquered:60,4,30,28,0,2,0,68,0,16923.7,15565.1,16741.3,0.849,4,1,0,4,0
base,steadfastPlateau,greedy,179,won,57,57,,0,0,0,archmage:conquered:33 orc:conquered:41 goblin:conquered:49 dwarf:conquered:57,3,27,25,0,3,1,74,5,19573,17848.5,16741.3,0.897,4,2,0,2,0
base,steadfastPlateau,greedy,180,won,68,68,,0,0,0,goblin:conquered:42 orc:conquered:52 archmage:conquered:60 dwarf:conquered:68,5,33,25,1,2,0,82,2,16301.8,15554.6,16741.3,0.895,5,1,0,8,0
base,steadfastPlateau,greedy,181,won,48,48,,0,0,0,archmage:conquered:23 orc:conquered:32 goblin:conquered:40 dwarf:conquered:48,2,22,20,0,2,0,79,4,18557.2,16938.8,16741.3,0.879,2,2,0,4,0
base,steadfastPlateau,greedy,182,won,46,46,,0,0,0,goblin:conquered:22 archmage:conquered:30 orc:conquered:38 dwarf:conquered:46,3,26,25,0,2,0,75,7,18687.5,17025.3,15969.3,0.916,6,2,0,3,0
base,steadfastPlateau,greedy,183,active,71,,,0,0,0,,8,14,0,4,2,0,22,1,14225.3,13888.8,16741.3,0.87,3,2,0,0,0
base,steadfastPlateau,greedy,184,active,71,,,0,0,0,,9,18,1,1,2,0,28,4,14942.2,14572.8,16741.3,0.867,3,5,0,0,0
base,steadfastPlateau,greedy,185,won,50,50,,0,0,0,archmage:conquered:26 orc:conquered:34 goblin:conquered:42 dwarf:conquered:50,2,25,22,0,2,0,72,3,20277.5,18462.6,16741.3,0.926,5,1,0,3,0
base,steadfastPlateau,greedy,186,won,51,51,,0,0,0,archmage:conquered:27 goblin:conquered:35 orc:conquered:43 dwarf:conquered:51,3,24,23,0,2,0,73,5,19278.7,17589.1,16741.3,0.902,5,5,0,5,0
base,steadfastPlateau,greedy,187,won,51,51,,0,0,0,archmage:conquered:26 orc:conquered:35 goblin:conquered:43 dwarf:conquered:51,2,24,22,0,2,0,80,5,20220.1,18427,16741.3,0.924,4,1,0,3,0
base,steadfastPlateau,greedy,188,active,71,,,0,0,0,archmage:conquered:24 goblin:conquered:32 orc:conquered:40,2,19,17,0,2,0,71,5,18506.9,16900.8,16741.3,0.861,2,1,0,4,0
base,steadfastPlateau,greedy,189,won,51,51,,0,0,0,orc:conquered:27 archmage:conquered:35 goblin:conquered:43 dwarf:conquered:51,3,24,23,0,2,0,74,6,19335.5,17644.1,16741.3,0.901,4,2,0,3,0
base,steadfastPlateau,greedy,190,won,62,62,,0,0,0,orc:conquered:38 goblin:conquered:46 archmage:conquered:54 dwarf:conquered:62,5,30,25,0,2,0,84,4,18423.5,17098.8,16741.3,0.898,4,2,0,5,0
base,steadfastPlateau,greedy,191,active,71,,,0,0,0,goblin:conquered:25 archmage:conquered:33 orc:conquered:41,1,18,16,0,2,0,81,3,17931.1,16541,16741.3,0.897,5,2,0,5,0
base,steadfastPlateau,greedy,192,won,55,55,,0,0,0,archmage:conquered:31 goblin:conquered:39 orc:conquered:47 dwarf:conquered:55,4,30,28,0,2,0,70,2,20117,18335.2,16741.3,0.922,6,6,0,4,0
base,steadfastPlateau,greedy,193,won,50,50,,0,0,0,archmage:conquered:24 orc:conquered:34 goblin:conquered:42 dwarf:conquered:50,2,22,20,0,2,0,70,1,19237.8,17619.8,16741.3,0.902,5,3,0,3,0
base,steadfastPlateau,greedy,194,won,55,55,,0,0,0,archmage:conquered:31 goblin:conquered:39 orc:conquered:47 dwarf:conquered:55,3,29,26,0,2,0,70,1,20077.3,18301.9,16741.3,0.924,6,1,0,5,0
base,steadfastPlateau,greedy,195,won,48,48,,0,0,0,goblin:conquered:23 archmage:conquered:32 orc:conquered:40 dwarf:conquered:48,2,19,18,0,3,1,73,3,19566.1,17841.6,16741.3,0.92,5,2,0,5,0
base,steadfastPlateau,greedy,196,won,46,46,,0,0,0,archmage:conquered:22 goblin:conquered:30 orc:conquered:38 dwarf:conquered:46,3,21,19,0,2,0,71,3,18154.2,16577.5,15969.3,0.883,4,1,0,4,0
base,steadfastPlateau,greedy,197,won,46,46,,0,0,0,archmage:conquered:22 orc:conquered:30 goblin:conquered:38 dwarf:conquered:46,2,19,17,0,2,0,81,5,17919.3,16353.5,15969.3,0.887,4,1,0,3,0
base,steadfastPlateau,greedy,198,active,71,,,0,0,0,,8,19,0,3,2,0,93,4,16146.2,15652.6,16741.3,0.888,4,1,0,37,0
base,steadfastPlateau,greedy,199,won,46,46,,0,0,0,archmage:conquered:22 goblin:conquered:30 orc:conquered:38 dwarf:conquered:46,2,20,18,0,2,0,76,4,18302,16741,15969.3,0.897,4,2,0,5,0
base,steadfastPlateau,greedy,200,active,71,,,0,0,0,archmage:conquered:24 goblin:conquered:32 orc:conquered:40,2,19,18,0,3,1,71,3,19630.4,17921.1,16741.3,0.892,4,2,0,3,0
base,steadfastPlateau,greedy,201,won,60,60,,0,0,0,goblin:conquered:36 orc:conquered:44 archmage:conquered:52 dwarf:conquered:60,3,25,20,0,3,1,79,1,16370,15437.4,16741.3,0.857,3,2,0,8,0
base,steadfastPlateau,greedy,202,active,71,,,0,0,0,archmage:conquered:31 goblin:conquered:39 orc:conquered:47,3,28,26,0,2,0,70,1,18397.7,16794.3,16741.3,0.885,4,2,0,4,0
base,steadfastPlateau,greedy,203,won,49,49,,0,0,0,archmage:conquered:24 orc:conquered:33 goblin:conquered:41 dwarf:conquered:49,2,21,19,0,2,0,78,8,18807.4,17142.4,16741.3,0.878,4,2,0,3,0
base,steadfastPlateau,greedy,204,won,57,57,,0,0,0,archmage:conquered:33 orc:conquered:41 goblin:conquered:49 dwarf:conquered:57,3,25,23,0,2,0,73,3,18663,17035,16741.3,0.867,4,1,0,2,0
base,steadfastPlateau,greedy,205,won,49,49,,0,0,0,archmage:conquered:23 goblin:conquered:33 orc:conquered:41 dwarf:conquered:49,2,24,22,0,2,0,76,3,20120.6,18425.1,16741.3,0.922,4,1,0,5,0
base,steadfastPlateau,greedy,206,won,48,48,,0,0,0,goblin:conquered:24 archmage:conquered:32 orc:conquered:40 dwarf:conquered:48,2,22,21,0,2,0,71,3,19778.7,18036.6,16741.3,0.929,5,1,0,5,0
base,steadfastPlateau,greedy,207,won,67,67,,0,0,0,archmage:conquered:43 goblin:conquered:51 orc:conquered:59 dwarf:conquered:67,3,33,29,0,2,0,84,5,17320.8,16168.5,16741.3,0.881,6,2,0,6,0
base,steadfastPlateau,greedy,208,won,70,70,,0,0,0,archmage:conquered:45 goblin:conquered:54 orc:conquered:62 dwarf:conquered:70,5,35,30,0,2,0,88,6,17118.5,16024.5,16741.3,0.886,5,2,0,5,0
base,steadfastPlateau,greedy,209,won,48,48,,0,0,0,goblin:conquered:22 archmage:conquered:32 orc:conquered:40 dwarf:conquered:48,1,20,18,0,2,0,75,6,19074.5,17410.9,16741.3,0.88,3,1,0,6,0
base,steadfastPlateau,greedy,210,won,60,60,,0,0,0,archmage:conquered:35 orc:conquered:43 dwarf:conquered:52 goblin:conquered:60,3,23,17,0,2,0,80,2,15976.1,15182.3,16741.3,0.876,5,2,0,13,0
base,steadfastPlateau,greedy,211,won,61,61,,0,0,0,archmage:conquered:37 goblin:conquered:45 orc:conquered:53 dwarf:conquered:61,3,29,26,0,2,0,78,3,18490.2,17040.2,16741.3,0.866,4,4,0,5,0
base,steadfastPlateau,greedy,212,active,71,,,0,0,0,,9,19,3,1,2,0,57,2,15435.3,15030.9,16741.3,0.889,4,2,0,0,0
base,steadfastPlateau,greedy,213,active,71,,,0,0,0,archmage:conquered:42 goblin:conquered:50 orc:conquered:58,4,29,25,1,3,1,90,7,15883.8,14790.1,16741.3,0.836,3,2,0,7,0
base,steadfastPlateau,greedy,214,won,52,52,,0,0,0,goblin:conquered:25 archmage:conquered:35 orc:conquered:44 dwarf:conquered:52,2,27,25,0,2,0,71,2,19204.2,17599,16741.3,0.899,4,1,0,3,0
base,steadfastPlateau,greedy,215,won,50,50,,0,0,0,archmage:conquered:25 orc:conquered:34 goblin:conquered:42 dwarf:conquered:50,2,23,21,0,2,0,82,3,18004.8,16437.6,16741.3,0.864,3,8,0,6,0
base,steadfastPlateau,greedy,216,won,50,50,,0,0,0,archmage:conquered:25 goblin:conquered:34 orc:conquered:42 dwarf:conquered:50,2,24,23,0,3,1,78,4,18176.1,16690.7,16741.3,0.888,4,4,0,5,0
base,steadfastPlateau,greedy,217,won,55,55,,0,0,0,archmage:conquered:31 goblin:conquered:39 orc:conquered:47 dwarf:conquered:55,3,27,26,0,2,0,70,2,18851,17209.7,16741.3,0.866,4,1,0,4,0
base,steadfastPlateau,greedy,218,active,71,,,0,0,0,,8,23,6,1,2,0,95,2,15362.4,14917.5,16741.3,0.885,5,1,0,33,0
base,steadfastPlateau,greedy,219,won,49,49,,0,0,0,goblin:conquered:25 archmage:conquered:33 orc:conquered:41 dwarf:conquered:49,2,21,19,0,2,0,75,6,18630.8,17023.6,16741.3,0.873,4,1,0,4,0
base,steadfastPlateau,greedy,220,won,54,54,,0,0,0,goblin:conquered:30 archmage:conquered:38 orc:conquered:46 dwarf:conquered:54,3,24,22,0,2,0,71,2,18968.4,17298.5,16741.3,0.882,3,1,0,3,0
base,steadfastPlateau,greedy,221,won,59,59,,0,0,0,archmage:conquered:35 orc:conquered:43 goblin:conquered:51 dwarf:conquered:59,5,28,26,0,2,0,74,0,19308.6,17687.1,16741.3,0.899,5,1,0,4,0
base,steadfastPlateau,greedy,222,won,59,59,,0,0,0,orc:conquered:35 archmage:conquered:43 goblin:conquered:51 dwarf:conquered:59,3,24,22,0,2,0,75,5,19255.2,17655.3,16741.3,0.887,5,2,0,4,0
base,steadfastPlateau,greedy,223,won,46,46,,0,0,0,goblin:conquered:21 archmage:conquered:30 orc:conquered:38 dwarf:conquered:46,2,22,20,0,2,0,76,5,18165.5,16587.7,15969.3,0.895,3,1,0,4,0
base,steadfastPlateau,greedy,224,active,71,,,0,0,0,goblin:conquered:23 archmage:conquered:32 orc:conquered:40,1,19,18,0,2,0,72,4,19314.1,17612.5,16741.3,0.888,4,2,0,6,0
base,steadfastPlateau,greedy,225,won,50,50,,0,0,0,archmage:conquered:25 orc:conquered:34 goblin:conquered:42 dwarf:conquered:50,2,23,20,0,5,3,78,6,19062.3,17510.1,16741.3,0.883,5,2,0,4,0
base,steadfastPlateau,greedy,226,won,47,47,,0,0,0,archmage:conquered:21 orc:conquered:31 goblin:conquered:39 dwarf:conquered:47,2,24,23,0,2,0,71,2,19073.6,17399,16355.3,0.906,5,3,0,4,0
base,steadfastPlateau,greedy,227,won,48,48,,0,0,0,goblin:conquered:24 archmage:conquered:32 orc:conquered:40 dwarf:conquered:48,2,19,18,0,2,0,73,5,19297.4,17621.1,16741.3,0.911,5,1,0,4,0
base,steadfastPlateau,greedy,228,won,59,59,,0,0,0,archmage:conquered:33 goblin:conquered:42 orc:conquered:50 dwarf:conquered:59,2,27,22,0,2,0,90,11,17254.3,16184.8,16741.3,0.888,4,1,0,7,0
base,steadfastPlateau,greedy,229,active,71,,,0,0,0,archmage:conquered:32 goblin:conquered:40 orc:conquered:48,3,26,23,0,2,0,82,3,17583.8,16286.3,16741.3,0.886,5,4,0,3,0
base,steadfastPlateau,greedy,230,won,46,46,,0,0,0,archmage:conquered:21 goblin:conquered:30 orc:conquered:38 dwarf:conquered:46,2,22,20,0,2,0,74,1,19214.2,17536.3,15969.3,0.925,5,2,0,5,0
base,steadfastPlateau,greedy,231,active,71,,,0,0,0,goblin:conquered:31 archmage:conquered:39 orc:conquered:47,3,25,23,0,2,0,74,3,18778.1,17244.4,16741.3,0.878,4,2,0,4,0
base,steadfastPlateau,greedy,232,won,55,55,,0,0,0,archmage:conquered:31 goblin:conquered:39 orc:conquered:47 dwarf:conquered:55,5,29,27,0,2,0,73,4,19560.6,17826,16741.3,0.904,5,1,0,7,0
base,steadfastPlateau,greedy,233,won,55,55,,0,0,0,goblin:conquered:30 orc:conquered:39 archmage:conquered:47 dwarf:conquered:55,2,25,21,0,2,0,83,3,18164.3,16823.8,16741.3,0.897,4,2,0,7,0
base,steadfastPlateau,greedy,234,active,71,,,0,0,0,goblin:conquered:38 archmage:conquered:70,4,35,29,0,2,0,106,6,17792.3,16797,16741.3,0.913,6,1,0,36,0
base,steadfastPlateau,greedy,235,won,49,49,,0,0,0,goblin:conquered:25 archmage:conquered:33 orc:conquered:41 dwarf:conquered:49,4,25,22,0,2,0,71,2,19423.8,17714.7,16741.3,0.9,4,3,0,3,0
base,steadfastPlateau,greedy,236,active,71,,,0,0,0,,6,20,2,2,2,0,102,6,14868.1,14466.9,16741.3,0.867,4,2,0,30,0
base,steadfastPlateau,greedy,237,active,71,,,0,0,0,,8,29,13,1,2,0,135,3,16813.8,16189.4,16741.3,0.899,6,2,0,43,0
base,steadfastPlateau,greedy,238,won,51,51,,0,0,0,archmage:conquered:27 orc:conquered:35 goblin:conquered:43 dwarf:conquered:51,2,23,21,0,2,0,80,6,18843,17255.1,16741.3,0.885,5,1,0,6,0
base,steadfastPlateau,greedy,239,won,47,47,,0,0,0,goblin:conquered:21 archmage:conquered:31 orc:conquered:39 dwarf:conquered:47,1,21,19,0,2,0,75,1,17821.8,16292.5,16355.3,0.892,5,1,0,3,0
base,steadfastPlateau,greedy,240,won,58,58,,0,0,0,goblin:conquered:33 archmage:conquered:42 orc:conquered:50 dwarf:conquered:58,4,29,26,1,4,2,85,6,17918.3,16579.4,16741.3,0.862,3,2,0,3,0
base,steadfastPlateau,greedy,241,won,64,64,,0,0,0,archmage:conquered:40 goblin:conquered:48 orc:conquered:56 dwarf:conquered:64,4,29,25,0,2,0,81,4,18438.3,17127.4,16741.3,0.898,6,1,0,6,0
base,steadfastPlateau,greedy,242,active,71,,,0,0,0,goblin:conquered:27 archmage:conquered:35 orc:conquered:44,2,23,21,0,3,1,75,5,18338.2,16818.1,16741.3,0.89,5,2,0,3,0
base,steadfastPlateau,greedy,243,won,46,46,,0,0,0,goblin:conquered:22 archmage:conquered:30 orc:conquered:38 dwarf:conquered:46,2,20,19,0,3,1,72,4,17832.6,16307,15969.3,0.888,3,2,0,5,0
base,steadfastPlateau,greedy,244,active,71,,,0,0,0,,8,16,0,3,4,2,4,2,12994.6,12739.9,16741.3,0.796,1,3,0,0,0
base,steadfastPlateau,greedy,245,won,47,47,,0,0,0,dwarf:conquered:21 archmage:conquered:30 goblin:conquered:38 orc:conquered:47,3,23,22,0,2,0,70,2,19082.9,17425.3,16355.3,0.912,5,1,0,6,0
base,steadfastPlateau,greedy,246,won,47,47,,0,0,0,goblin:conquered:22 archmage:conquered:31 orc:conquered:39 dwarf:conquered:47,2,27,26,0,2,0,70,3,17604.3,16082.7,16355.3,0.876,3,1,0,3,0
base,steadfastPlateau,greedy,247,won,49,49,,0,0,0,archmage:conquered:25 orc:conquered:33 goblin:conquered:41 dwarf:conquered:49,1,21,18,0,2,0,76,7,18699.4,17115.5,16741.3,0.894,3,2,0,4,0
base,steadfastPlateau,greedy,248,won,48,48,,0,0,0,goblin:conquered:23 archmage:conquered:32 orc:conquered:40 dwarf:conquered:48,1,21,19,0,2,0,75,6,18970.9,17301,16741.3,0.889,2,1,0,3,0
base,steadfastPlateau,greedy,249,won,46,46,,0,0,0,goblin:conquered:22 archmage:conquered:30 orc:conquered:38 dwarf:conquered:46,2,25,23,0,2,0,78,6,17548.9,16034.8,15969.3,0.879,3,3,0,4,0
base,steadfastPlateau,greedy,250,won,48,48,,0,0,0,archmage:conquered:22 orc:conquered:32 goblin:conquered:40 dwarf:conquered:48,2,20,18,0,2,0,77,3,19161.1,17483.2,16741.3,0.901,3,1,0,4,0
base,steadfastPlateau,greedy,251,won,62,62,,0,0,0,dwarf:conquered:38 archmage:conquered:46 orc:conquered:54 goblin:conquered:62,4,26,21,0,3,1,82,2,17785.1,16499.6,16741.3,0.883,6,3,0,6,0
base,steadfastPlateau,greedy,252,won,46,46,,0,0,0,archmage:conquered:21 orc:conquered:30 goblin:conquered:38 dwarf:conquered:46,3,24,22,0,2,0,78,4,17315.5,15811.9,15969.3,0.874,3,1,0,5,0
base,steadfastPlateau,greedy,253,won,52,52,,0,0,0,archmage:conquered:27 goblin:conquered:36 orc:conquered:44 dwarf:conquered:52,3,25,24,0,2,0,71,3,19511.1,17795.1,16741.3,0.907,5,2,0,3,0
base,steadfastPlateau,greedy,254,won,49,49,,0,0,0,archmage:conquered:23 orc:conquered:33 goblin:conquered:41 dwarf:conquered:49,2,22,20,0,2,0,79,5,18667.2,17031.6,16741.3,0.881,3,8,0,4,0
base,steadfastPlateau,greedy,255,won,62,62,,0,0,0,archmage:conquered:37 orc:conquered:46 goblin:conquered:54 dwarf:conquered:62,4,32,29,0,2,0,77,1,18260.1,16853.5,16741.3,0.907,6,1,0,6,0
base,steadfastPlateau,greedy,256,won,52,52,,0,0,0,archmage:conquered:26 orc:conquered:36 goblin:conquered:44 dwarf:conquered:52,3,24,21,0,3,1,79,3,18499.7,17039.9,16741.3,0.884,4,2,0,4,0
base,steadfastPlateau,greedy,257,active,71,,,0,0,0,,9,19,0,2,2,0,25,1,14724.2,14377.6,16741.3,0.864,3,1,0,0,0
base,steadfastPlateau,greedy,258,won,48,48,,0,0,0,archmage:conquered:23 goblin:conquered:32 orc:conquered:40 dwarf:conquered:48,3,23,22,0,2,0,73,6,18877.3,17222.4,16741.3,0.884,3,2,0,5,0
base,steadfastPlateau,greedy,259,active,71,,,0,0,0,archmage:conquered:35 orc:conquered:44 goblin:conquered:52,3,25,24,0,4,2,78,9,17714.7,16281,16741.3,0.861,5,2,0,5,0
base,steadfastPlateau,greedy,260,won,50,50,,0,0,0,archmage:conquered:26 orc:conquered:34 goblin:conquered:42 dwarf:conquered:50,2,22,20,0,3,1,73,4,20438.4,18626.3,16741.3,0.928,5,2,0,4,0
base,steadfastPlateau,greedy,261,won,54,54,,0,0,0,archmage:conquered:30 orc:conquered:38 goblin:conquered:46 dwarf:conquered:54,3,24,22,0,3,1,73,5,19734.8,18075.1,16741.3,0.917,6,2,0,5,0
base,steadfastPlateau,greedy,262,won,66,66,,0,0,0,orc:conquered:42 dwarf:conquered:50 goblin:conquered:58 archmage:conquered:66,5,30,25,0,2,0,84,3,16674.4,15634.1,16741.3,0.882,2,1,0,6,0
base,steadfastPlateau,greedy,263,won,48,48,,0,0,0,archmage:conquered:24 goblin:conquered:32 orc:conquered:40 dwarf:conquered:48,2,23,22,0,2,0,72,4,19209.7,17521.2,16741.3,0.889,3,1,0,5,0
base,steadfastPlateau,greedy,264,active,71,,,0,0,0,,6,15,1,2,3,1,41,4,16271.4,15723,16741.3,0.861,2,4,0,41,0
base,steadfastPlateau,greedy,265,active,71,,,0,0,0,archmage:conquered:26 goblin:conquered:34 orc:conquered:42,2,22,20,0,3,1,73,3,19383.2,17779.4,16741.3,0.905,7,2,0,3,0
base,steadfastPlateau,greedy,266,active,71,,,0,0,0,archmage:conquered:38 goblin:conquered:46 orc:conquered:54,2,25,21,0,2,0,81,0,17077.8,15849.6,16741.3,0.89,3,6,0,7,0
base,steadfastPlateau,greedy,267,won,46,46,,0,0,0,archmage:conquered:22 goblin:conquered:30 orc:conquered:38 dwarf:conquered:46,2,19,17,0,2,0,73,1,16957.7,15492.6,15969.3,0.843,2,1,0,5,0
base,steadfastPlateau,greedy,268,active,71,,,0,0,0,goblin:conquered:38 archmage:conquered:46 orc:conquered:55,4,28,25,0,3,1,80,3,17608.1,16309.3,16741.3,0.858,5,2,0,5,0
base,steadfastPlateau,greedy,269,won,47,47,,0,0,0,archmage:conquered:22 goblin:conquered:31 orc:conquered:39 dwarf:conquered:47,2,19,18,0,2,0,73,5,17339.4,15866,16355.3,0.85,2,2,0,2,0
base,steadfastPlateau,greedy,270,won,50,50,,0,0,0,orc:conquered:26 archmage:conquered:34 goblin:conquered:42 dwarf:conquered:50,2,22,21,0,2,0,71,3,20339.8,18546.9,16741.3,0.93,5,2,0,3,0
base,steadfastPlateau,greedy,271,active,71,,,0,0,0,archmage:conquered:31 orc:conquered:39 goblin:conquered:47,3,22,20,0,2,0,74,4,18117.6,16543.2,16741.3,0.872,4,1,0,5,0
base,steadfastPlateau,greedy,272,won,47,47,,0,0,0,archmage:conquered:22 goblin:conquered:31 orc:conquered:39 dwarf:conquered:47,2,24,22,0,2,0,73,2,18025.4,16460.9,16355.3,0.888,2,2,0,5,0
base,steadfastPlateau,greedy,273,active,71,,,0,0,0,archmage:conquered:22,3,18,17,0,2,0,74,6,18246.5,16657.7,16741.3,0.865,3,1,0,5,0
base,steadfastPlateau,greedy,274,active,71,,,0,0,0,archmage:conquered:65,10,39,33,1,2,0,137,1,16955.9,16326.9,16741.3,0.893,5,2,0,35,0
base,steadfastPlateau,greedy,275,won,49,49,,0,0,0,goblin:conquered:24 archmage:conquered:33 orc:conquered:41 dwarf:conquered:49,2,24,23,0,2,0,70,2,19478.9,17761.8,16741.3,0.906,5,2,0,5,0
base,steadfastPlateau,greedy,276,active,71,,,0,0,0,archmage:conquered:31 goblin:conquered:39 orc:conquered:47,4,27,25,0,2,0,72,4,18311.4,16710.9,16741.3,0.878,4,1,0,4,0
base,steadfastPlateau,greedy,277,active,71,,,0,0,0,orc:conquered:31 archmage:conquered:39 goblin:conquered:47,4,21,18,0,2,0,82,4,18932.8,17452.6,16741.3,0.892,3,1,0,3,0
base,steadfastPlateau,greedy,278,won,54,54,,0,0,0,archmage:conquered:30 goblin:conquered:38 orc:conquered:46 dwarf:conquered:54,4,29,27,0,3,1,75,6,19734.7,17985,16741.3,0.923,6,2,0,6,0
base,steadfastPlateau,greedy,279,won,50,50,,0,0,0,archmage:conquered:25 orc:conquered:34 goblin:conquered:42 dwarf:conquered:50,3,25,22,0,2,0,70,0,19865.4,18087,16741.3,0.906,5,1,0,4,0
base,steadfastPlateau,greedy,280,won,58,58,,0,0,0,orc:conquered:34 archmage:conquered:42 goblin:conquered:50 dwarf:conquered:58,4,25,23,0,3,1,74,4,18353.7,16829,16741.3,0.876,5,2,0,4,0
base,steadfastPlateau,greedy,281,active,71,,,0,0,0,goblin:conquered:25 archmage:conquered:34 orc:conquered:42,2,18,16,0,2,0,72,4,18345.2,16845.6,16741.3,0.891,5,1,0,3,0
base,steadfastPlateau,greedy,282,won,54,54,,0,0,0,archmage:conquered:30 goblin:conquered:38 orc:conquered:46 dwarf:conquered:54,4,30,28,0,2,0,82,8,19533,17781.4,16741.3,0.891,4,1,0,4,0
base,steadfastPlateau,greedy,283,active,71,,,0,0,0,archmage:conquered:31 orc:conquered:39 goblin:conquered:47,4,25,22,0,2,0,87,6,17759.8,16382.1,16741.3,0.87,2,2,0,6,0
base,steadfastPlateau,greedy,284,active,71,,,0,0,0,goblin:conquered:25 archmage:conquered:35 orc:conquered:43,3,23,20,0,2,0,76,3,18121.2,16720.4,16741.3,0.879,3,1,0,4,0
base,steadfastPlateau,greedy,285,active,71,,,0,0,0,archmage:conquered:38 goblin:conquered:46 orc:conquered:54,4,32,29,0,4,2,93,14,17799.8,16457.1,16741.3,0.855,3,2,0,6,0
base,steadfastPlateau,greedy,286,won,47,47,,0,0,0,archmage:conquered:22 orc:conquered:31 goblin:conquered:39 dwarf:conquered:47,2,23,21,0,2,0,73,3,18969.5,17310.9,16355.3,0.897,4,2,0,5,0
base,steadfastPlateau,greedy,287,won,59,59,,0,0,0,archmage:conquered:35 orc:conquered:43 goblin:conquered:51 dwarf:conquered:59,5,31,28,0,2,0,77,4,18041.9,16626.4,16741.3,0.884,4,2,0,5,0
base,steadfastPlateau,greedy,288,active,71,,,0,0,0,goblin:conquered:25 archmage:conquered:34 orc:conquered:42,2,19,17,0,3,1,74,6,18429.6,16898.8,16741.3,0.846,2,2,0,3,0
base,steadfastPlateau,greedy,289,won,60,60,,0,0,0,archmage:conquered:36 goblin:conquered:44 orc:conquered:52 dwarf:conquered:60,6,32,29,0,4,2,77,7,18574.5,17031.7,16741.3,0.882,4,2,0,4,0
base,steadfastPlateau,greedy,290,active,71,,,0,0,0,archmage:conquered:26 goblin:conquered:34 orc:conquered:42,2,21,20,0,2,0,73,5,18556.8,16943.9,16741.3,0.864,4,2,0,3,0
base,steadfastPlateau,greedy,291,active,71,,,0,0,0,goblin:conquered:23 archmage:conquered:32 orc:conquered:40,1,19,18,0,3,1,74,6,18940.1,17299,16741.3,0.89,4,1,0,5,0
base,steadfastPlateau,greedy,292,won,46,46,,0,0,0,archmage:conquered:22 orc:conquered:30 goblin:conquered:38 dwarf:conquered:46,2,19,18,0,2,0,70,3,17559.3,16069,15969.3,0.89,4,1,0,3,0
base,steadfastPlateau,greedy,293,won,46,46,,0,0,0,goblin:conquered:22 archmage:conquered:30 orc:conquered:38 dwarf:conquered:46,2,22,20,0,2,0,76,7,18086.1,16522,15969.3,0.879,4,1,0,5,0
base,steadfastPlateau,greedy,294,won,46,46,,0,0,0,archmage:conquered:22 goblin:conquered:30 orc:conquered:38 dwarf:conquered:46,3,22,19,0,2,0,71,3,19097.6,17409.9,15969.3,0.923,6,1,0,5,0
base,steadfastPlateau,greedy,295,active,71,,,0,0,0,orc:conquered:34 archmage:conquered:42 goblin:conquered:50,4,25,23,0,2,0,74,1,18860.7,17208.1,16741.3,0.897,4,1,0,4,0
base,steadfastPlateau,greedy,296,won,46,46,,0,0,0,orc:conquered:20 archmage:conquered:30 goblin:conquered:38 dwarf:conquered:46,1,16,14,0,2,0,71,2,17825.2,16288.9,15969.3,0.871,4,5,0,4,0
base,steadfastPlateau,greedy,297,won,46,46,,0,0,0,goblin:conquered:21 archmage:conquered:30 orc:conquered:38 dwarf:conquered:46,3,23,22,0,2,0,71,2,19521.4,17737.8,15969.3,0.941,6,1,0,4,0
base,steadfastPlateau,greedy,298,won,54,54,,0,0,0,archmage:conquered:30 goblin:conquered:38 orc:conquered:46 dwarf:conquered:54,3,26,23,0,2,0,70,2,20285.9,18582.2,16741.3,0.934,6,1,0,2,0
base,steadfastPlateau,greedy,299,won,46,46,,0,0,0,archmage:conquered:21 goblin:conquered:30 orc:conquered:38 dwarf:conquered:46,2,19,18,0,2,0,72,4,18108,16527.3,15969.3,0.891,4,2,0,5,0
base,steadfastPlateau,greedy,300,won,57,57,,0,0,0,archmage:conquered:31 dwarf:conquered:41 orc:conquered:49 goblin:conquered:57,3,32,30,0,2,0,84,4,17816.6,16520.6,16741.3,0.883,5,1,0,6,0
base,steadfastPlateau,push,1,won,43,43,,0,0,0,goblin:conquered:18 archmage:conquered:27 orc:conquered:35 dwarf:conquered:43,2,27,25,0,17,12,154,80,16380.8,14945.2,14811.3,0.861,3,6,0,3,0
base,steadfastPlateau,push,2,won,46,46,,0,0,0,goblin:conquered:21 archmage:conquered:30 orc:conquered:38 dwarf:conquered:46,2,29,27,0,23,9,149,76,18168.3,16519.3,15969.3,0.864,3,2,0,4,0
base,steadfastPlateau,push,3,won,46,46,,0,0,0,archmage:conquered:21 orc:conquered:30 goblin:conquered:38 dwarf:conquered:46,3,23,21,0,23,10,146,70,19575.3,17794.2,15969.3,0.928,5,1,0,2,0
base,steadfastPlateau,push,4,won,46,46,,0,0,0,archmage:conquered:22 goblin:conquered:30 orc:conquered:38 dwarf:conquered:46,2,22,20,0,22,12,153,80,17047.8,15547.6,15969.3,0.846,2,1,0,3,0
base,steadfastPlateau,push,5,active,71,,,0,0,0,archmage:conquered:24 goblin:conquered:32 orc:conquered:40,3,28,26,0,20,8,142,66,19543,17762.8,16741.3,0.889,4,1,0,2,0
base,steadfastPlateau,push,6,won,40,40,,0,0,0,orc:conquered:13 archmage:conquered:23 dwarf:conquered:32 goblin:conquered:40,1,15,14,0,20,8,142,68,14974,13676.4,13653.3,0.856,3,5,0,3,0
base,steadfastPlateau,push,7,won,42,42,,0,0,0,goblin:conquered:18 archmage:conquered:26 orc:conquered:34 dwarf:conquered:42,2,20,19,0,19,12,134,61,17147.5,15631,14425.3,0.91,4,2,0,0,0
base,steadfastPlateau,push,8,won,50,50,,0,0,0,goblin:conquered:26 archmage:conquered:34 orc:conquered:42 dwarf:conquered:50,4,29,26,0,22,9,147,73,19835.5,18037.1,16741.3,0.902,4,1,0,1,0
base,steadfastPlateau,push,9,active,71,,,0,0,0,archmage:conquered:21 goblin:conquered:30 orc:conquered:38,3,21,20,0,19,12,153,80,18759.1,17076.6,16741.3,0.867,3,2,0,3,0
base,steadfastPlateau,push,10,won,46,46,,0,0,0,archmage:conquered:20 goblin:conquered:30 orc:conquered:38 dwarf:conquered:46,3,26,23,0,20,8,142,63,18889.6,17191.4,15969.3,0.896,3,2,0,3,0
base,steadfastPlateau,push,11,active,71,,,0,0,0,archmage:conquered:20 goblin:conquered:30 orc:conquered:38,2,19,18,0,21,9,150,79,19537.1,17761.7,16741.3,0.885,5,1,0,0,0
base,steadfastPlateau,push,12,won,51,51,,0,0,0,archmage:conquered:26 goblin:conquered:34 orc:conquered:42 dwarf:conquered:51,4,31,29,0,23,10,142,67,20029.9,18191.9,16741.3,0.916,4,2,0,1,0
base,steadfastPlateau,push,13,won,40,40,,0,0,0,orc:conquered:13 archmage:conquered:23 goblin:conquered:32 dwarf:conquered:40,2,22,20,0,24,10,135,65,16710.2,15236,13653.3,0.912,4,4,0,2,0
base,steadfastPlateau,push,14,active,71,,,0,0,0,archmage:conquered:22 goblin:conquered:30 orc:conquered:38,3,23,21,0,22,9,150,76,18794.4,17075.8,16741.3,0.86,2,1,0,2,0
base,steadfastPlateau,push,15,won,46,46,,0,0,0,archmage:conquered:20 goblin:conquered:30 orc:conquered:38 dwarf:conquered:46,3,25,22,0,20,9,143,67,18499.8,16833,15969.3,0.902,4,2,0,2,0
base,steadfastPlateau,push,16,won,46,46,,0,0,0,archmage:conquered:20 goblin:conquered:30 orc:conquered:38 dwarf:conquered:46,3,27,26,0,19,12,149,75,18370,16717,15969.3,0.883,3,2,0,3,0
base,steadfastPlateau,push,17,won,43,43,,0,0,0,goblin:conquered:18 archmage:conquered:27 orc:conquered:35 dwarf:conquered:43,2,22,21,0,19,12,144,70,16675,15206.4,14811.3,0.878,3,1,0,1,0
base,steadfastPlateau,push,18,won,46,46,,0,0,0,archmage:conquered:19 orc:conquered:30 goblin:conquered:38 dwarf:conquered:46,2,22,20,0,20,9,147,72,18772.8,17089.3,15969.3,0.896,4,2,0,2,0
base,steadfastPlateau,push,19,active,71,,,0,0,0,archmage:conquered:20 goblin:conquered:30 orc:conquered:38,3,26,24,0,23,9,140,70,20174.6,18333.9,16741.3,0.895,4,3,0,1,0
base,steadfastPlateau,push,20,won,41,41,,0,0,0,orc:conquered:13 goblin:conquered:25 archmage:conquered:33 dwarf:conquered:41,2,19,18,0,19,12,140,68,15803.5,14429.9,14039.3,0.886,2,1,0,1,0
base,steadfastPlateau,push,21,won,40,40,,0,0,0,goblin:conquered:13 archmage:conquered:23 orc:conquered:32 dwarf:conquered:40,2,18,17,0,23,10,144,72,16852.2,15355.5,13653.3,0.916,3,1,0,1,0
base,steadfastPlateau,push,22,won,41,41,,0,0,0,goblin:conquered:13 archmage:conquered:25 orc:conquered:33 dwarf:conquered:41,2,22,21,0,23,10,150,75,16468.3,15013,14039.3,0.896,3,2,0,2,0
base,steadfastPlateau,push,23,won,46,46,,0,0,0,archmage:conquered:19 goblin:conquered:30 orc:conquered:38 dwarf:conquered:46,3,24,23,0,20,14,136,65,19210.4,17465.1,15969.3,0.916,5,2,0,2,0
base,steadfastPlateau,push,24,won,42,42,,0,0,0,orc:conquered:14 archmage:conquered:26 dwarf:conquered:34 goblin:conquered:42,1,25,23,0,23,9,131,58,16585.8,15106,14425.3,0.884,2,7,0,0,0
base,steadfastPlateau,push,25,won,46,46,,0,0,0,archmage:conquered:20 goblin:conquered:30 orc:conquered:38 dwarf:conquered:46,2,26,24,0,23,11,152,79,17226.6,15708.6,15969.3,0.864,2,2,0,2,0
base,steadfastPlateau,push,26,won,48,48,,0,0,0,goblin:conquered:23 archmage:conquered:32 orc:conquered:40 dwarf:conquered:48,2,24,20,0,18,12,156,81,19303.8,17559.5,16741.3,0.859,4,1,0,0,0
base,steadfastPlateau,push,27,won,40,40,,0,0,0,orc:conquered:13 goblin:conquered:24 archmage:conquered:32 dwarf:conquered:40,1,21,20,0,20,9,143,72,15036.6,13736.9,13653.3,0.866,2,1,0,2,0
base,steadfastPlateau,push,28,active,71,,,0,0,0,archmage:conquered:21 orc:conquered:30 goblin:conquered:38,2,18,17,0,20,14,151,78,19150.6,17431.9,16741.3,0.885,4,2,0,0,0
base,steadfastPlateau,push,29,won,51,51,,0,0,0,archmage:conquered:27 goblin:conquered:35 orc:conquered:43 dwarf:conquered:51,4,30,27,0,22,9,151,73,19569,17784.4,16741.3,0.905,4,1,0,4,0
base,steadfastPlateau,push,30,won,38,38,,0,0,0,orc:conquered:13 archmage:conquered:22 dwarf:conquered:30 goblin:conquered:38,2,17,16,0,22,11,140,67,15524.1,14179,12881.3,0.935,5,3,0,2,0
base,steadfastPlateau,push,31,won,40,40,,0,0,0,goblin:conquered:13 archmage:conquered:24 orc:conquered:32 dwarf:conquered:40,2,20,19,0,24,10,140,68,16666.2,15188.9,13653.3,0.924,5,2,0,3,0
base,steadfastPlateau,push,32,won,48,48,,0,0,0,archmage:conquered:23 goblin:conquered:32 orc:conquered:40 dwarf:conquered:48,3,28,25,0,21,8,148,75,19225.5,17486.2,16741.3,0.89,5,1,0,2,0
base,steadfastPlateau,push,33,won,46,46,,0,0,0,archmage:conquered:19 goblin:conquered:30 orc:conquered:38 dwarf:conquered:46,2,24,22,0,23,9,144,68,18845.8,17120.9,15969.3,0.902,4,3,0,2,0
base,steadfastPlateau,push,34,won,46,46,,0,0,0,archmage:conquered:22 orc:conquered:30 goblin:conquered:38 dwarf:conquered:46,3,28,26,0,23,9,144,68,19196.7,17458.8,15969.3,0.911,4,4,0,3,0
base,steadfastPlateau,push,35,won,38,38,,0,0,0,orc:conquered:12 archmage:conquered:21 goblin:conquered:30 dwarf:conquered:38,1,20,19,0,22,9,139,70,15268.1,13928.3,12881.3,0.892,3,1,0,2,0
base,steadfastPlateau,push,36,won,40,40,,0,0,0,goblin:conquered:13 archmage:conquered:24 orc:conquered:32 dwarf:conquered:40,2,22,21,0,24,10,143,72,16919.3,15411.9,13653.3,0.916,3,1,0,2,0
base,steadfastPlateau,push,37,won,46,46,,0,0,0,goblin:conquered:22 archmage:conquered:30 orc:conquered:38 dwarf:conquered:46,3,28,26,0,25,11,151,77,17734.4,16153.5,15969.3,0.88,3,1,0,3,0
base,steadfastPlateau,push,38,won,46,46,,0,0,0,archmage:conquered:20 goblin:conquered:30 orc:conquered:38 dwarf:conquered:46,2,20,18,0,24,10,157,84,17692.7,16127,15969.3,0.867,1,5,0,2,0
base,steadfastPlateau,push,39,won,46,46,,0,0,0,archmage:conquered:21 orc:conquered:30 goblin:conquered:38 dwarf:conquered:46,3,27,23,0,24,10,153,76,18957.6,17246.9,15969.3,0.895,2,2,0,2,0
base,steadfastPlateau,push,40,active,71,,,0,0,0,archmage:conquered:20 goblin:conquered:30 orc:conquered:38,2,20,19,0,19,12,146,72,18812.3,17125.7,16741.3,0.854,2,1,0,3,0
base,steadfastPlateau,push,41,won,46,46,,0,0,0,goblin:conquered:16 archmage:conquered:30 orc:conquered:38 dwarf:conquered:46,1,26,24,0,19,12,154,75,18601.9,16936,15969.3,0.892,2,1,0,3,0
base,steadfastPlateau,push,42,won,54,54,,0,0,0,archmage:conquered:30 orc:conquered:38 goblin:conquered:46 dwarf:conquered:54,4,29,26,0,22,10,157,87,19642.8,17871.7,16741.3,0.888,4,1,0,1,0
base,steadfastPlateau,push,43,won,43,43,,0,0,0,archmage:conquered:18 orc:conquered:27 goblin:conquered:35 dwarf:conquered:43,2,22,21,0,24,11,148,74,17476.5,15920.5,14811.3,0.909,4,4,0,2,0
base,steadfastPlateau,push,44,won,55,55,,0,0,0,archmage:conquered:30 goblin:conquered:39 orc:conquered:47 dwarf:conquered:55,4,31,29,0,21,9,144,68,19105,17392.9,16741.3,0.88,4,1,0,3,0
base,steadfastPlateau,push,45,won,43,43,,0,0,0,orc:conquered:14 archmage:conquered:27 dwarf:conquered:35 goblin:conquered:43,1,22,20,0,17,11,142,73,16026.7,14620.1,14811.3,0.836,2,4,0,1,0
base,steadfastPlateau,push,46,won,46,46,,0,0,0,archmage:conquered:20 orc:conquered:30 goblin:conquered:38 dwarf:conquered:46,3,23,22,0,22,9,145,73,18882.1,17184,15969.3,0.908,5,3,0,3,0
base,steadfastPlateau,push,47,won,54,54,,0,0,0,archmage:conquered:30 orc:conquered:38 goblin:conquered:46 dwarf:conquered:54,5,33,31,0,21,9,146,70,19743.7,17956.3,16741.3,0.904,5,5,0,3,0
base,steadfastPlateau,push,48,won,49,49,,0,0,0,archmage:conquered:24 orc:conquered:33 goblin:conquered:41 dwarf:conquered:49,2,27,23,0,22,15,154,77,18863.8,17155.7,16741.3,0.866,2,2,0,1,0
base,steadfastPlateau,push,49,won,38,38,,0,0,0,orc:conquered:13 archmage:conquered:22 dwarf:conquered:30 goblin:conquered:38,2,16,15,0,24,8,132,58,15522.5,14160.6,12881.3,0.923,5,1,0,2,0
base,steadfastPlateau,push,50,won,40,40,,0,0,0,goblin:conquered:13 archmage:conquered:24 orc:conquered:32 dwarf:conquered:40,2,17,16,0,23,9,139,65,16385.7,14937.9,13653.3,0.909,3,2,0,4,0
base,steadfastPlateau,smarter,1,won,59,59,,0,0,0,goblin:conquered:35 dwarf:allied:43 archmage:conquered:51 orc:conquered:59,1,20,16,0,2,0,74,5,16472.1,15444.7,16741.3,0.872,4,10,0,4,0
base,steadfastPlateau,smarter,2,won,66,66,,0,0,0,archmage:conquered:42 dwarf:allied:50 goblin:conquered:58 orc:conquered:66,2,28,22,0,2,0,79,7,15118.1,14586,16741.3,0.872,4,2,2,10,0
base,steadfastPlateau,smarter,3,won,46,46,,0,0,0,goblin:conquered:22 archmage:conquered:30 orc:conquered:38 dwarf:conquered:46,3,20,18,0,2,0,77,6,18922.6,17273.9,15969.3,0.928,5,1,0,5,0
base,steadfastPlateau,smarter,4,won,58,58,,0,0,0,dwarf:allied:34 goblin:conquered:42 orc:allied:50 archmage:conquered:58,1,18,15,0,2,0,77,4,16605.4,15440.1,16741.3,0.847,2,1,0,4,0
base,steadfastPlateau,smarter,5,won,56,56,,0,0,0,archmage:conquered:32 goblin:conquered:40 orc:conquered:48 dwarf:allied:56,4,23,20,0,2,0,76,3,18030.3,16704.7,16741.3,0.885,3,1,0,4,0
base,steadfastPlateau,smarter,6,won,47,47,,0,0,0,goblin:conquered:23 dwarf:allied:31 orc:conquered:39 archmage:conquered:47,1,18,16,0,3,1,69,2,17972.8,16393.2,16355.3,0.869,3,2,0,4,0
base,steadfastPlateau,smarter,7,won,45,45,,0,0,0,goblin:conquered:21 orc:allied:29 archmage:conquered:37 dwarf:conquered:45,2,19,18,0,2,0,73,5,17951.3,16387.7,15583.3,0.913,4,2,0,5,0
base,steadfastPlateau,smarter,8,won,51,51,,0,0,0,dwarf:allied:27 archmage:conquered:35 orc:conquered:43 goblin:conquered:51,1,21,19,0,2,0,69,2,19002.4,17421.8,16741.3,0.903,4,1,0,3,0
base,steadfastPlateau,smarter,9,won,55,55,,0,0,0,dwarf:allied:31 orc:conquered:39 archmage:conquered:47 goblin:allied:55,1,16,13,0,3,1,75,4,17398.4,16037.2,16741.3,0.855,2,2,0,2,0
base,steadfastPlateau,smarter,10,won,46,46,,0,0,0,goblin:conquered:22 archmage:conquered:30 orc:allied:38 dwarf:conquered:46,2,19,18,0,2,0,77,8,18082.6,16507.6,15969.3,0.896,3,2,0,2,0
base,steadfastPlateau,smarter,11,won,58,58,,0,0,0,archmage:conquered:34 dwarf:allied:42 orc:conquered:50 goblin:conquered:58,1,21,17,0,2,0,75,3,17153.4,16091,16741.3,0.872,3,1,0,5,0
base,steadfastPlateau,smarter,12,won,48,48,,0,0,0,dwarf:allied:24 archmage:conquered:32 orc:conquered:40 goblin:conquered:48,3,21,20,0,2,0,73,6,19702.4,17974,16741.3,0.915,3,2,0,5,0
base,steadfastPlateau,smarter,13,won,53,53,,0,0,0,dwarf:allied:29 goblin:conquered:37 archmage:conquered:45 orc:conquered:53,1,19,16,0,2,0,74,6,19216.6,17726.4,16741.3,0.919,5,11,0,4,0
base,steadfastPlateau,smarter,14,won,51,51,,0,0,0,dwarf:allied:27 goblin:conquered:35 archmage:conquered:43 orc:conquered:51,1,21,19,0,2,0,70,5,18253.2,16669.3,16741.3,0.868,2,1,0,3,0
base,steadfastPlateau,smarter,15,won,48,48,,0,0,0,archmage:conquered:24 dwarf:allied:32 goblin:conquered:40 orc:conquered:48,2,22,20,0,3,1,73,5,18187,16660.5,16741.3,0.889,4,2,0,3,0
base,steadfastPlateau,smarter,16,won,52,52,,0,0,0,orc:abdicated:28 goblin:conquered:36 dwarf:allied:44 archmage:conquered:52,1,15,13,0,2,0,70,1,18449.6,17028.5,16741.3,0.89,4,2,0,3,0
base,steadfastPlateau,smarter,17,won,46,46,,0,0,0,archmage:conquered:22 orc:allied:30 goblin:conquered:38 dwarf:conquered:46,1,17,16,0,2,0,68,3,17732.2,16212.7,15969.3,0.88,3,1,0,5,0
base,steadfastPlateau,smarter,18,won,47,47,,0,0,0,archmage:abdicated:23 orc:allied:31 goblin:conquered:39 dwarf:conquered:47,1,20,18,0,2,0,72,6,18551.7,16943,16355.3,0.898,4,2,0,5,0
base,steadfastPlateau,smarter,19,won,47,47,,0,0,0,archmage:abdicated:23 dwarf:allied:31 orc:allied:39 goblin:conquered:47,2,21,19,0,2,0,69,1,18931.2,17299.9,16355.3,0.907,3,3,0,5,0
base,steadfastPlateau,smarter,20,won,46,46,,0,0,0,archmage:conquered:22 goblin:conquered:30 orc:conquered:38 dwarf:allied:46,3,16,15,0,2,0,68,2,17785.6,16257.6,15969.3,0.879,2,1,0,3,0
base,steadfastPlateau,smarter,21,won,49,49,,0,0,0,orc:allied:25 archmage:conquered:33 goblin:conquered:41 dwarf:conquered:49,3,19,18,0,2,0,73,5,19374.2,17687.1,16741.3,0.9,4,1,0,5,0
base,steadfastPlateau,smarter,22,won,46,46,,0,0,0,goblin:conquered:22 archmage:conquered:30 orc:conquered:38 dwarf:conquered:46,2,17,16,0,2,0,68,1,18150.1,16583.6,15969.3,0.9,4,2,0,4,0
base,steadfastPlateau,smarter,23,won,47,47,,0,0,0,archmage:conquered:23 dwarf:allied:31 goblin:conquered:39 orc:conquered:47,2,18,16,0,2,0,69,0,18792.4,17193.7,16355.3,0.917,5,2,0,2,0
base,steadfastPlateau,smarter,24,won,47,47,,0,0,0,dwarf:allied:23 archmage:conquered:31 goblin:conquered:39 orc:conquered:47,2,18,17,0,2,0,65,0,18105,16528.9,16355.3,0.884,2,2,0,5,0
base,steadfastPlateau,smarter,25,won,48,48,,0,0,0,dwarf:allied:24 archmage:conquered:32 orc:allied:40 goblin:conquered:48,3,17,15,0,2,0,73,6,17481.4,15969.8,16741.3,0.861,2,2,0,5,0
base,steadfastPlateau,smarter,26,active,71,,,0,0,0,,7,20,2,0,2,0,91,1,16072.2,15547.3,16741.3,0.87,5,1,0,39,0
base,steadfastPlateau,smarter,27,won,46,46,,0,0,0,archmage:conquered:22 goblin:conquered:30 orc:conquered:38 dwarf:conquered:46,2,17,15,0,2,0,77,7,17572.3,16047.1,15969.3,0.877,2,1,0,4,0
base,steadfastPlateau,smarter,28,won,52,52,,0,0,0,archmage:abdicated:28 dwarf:allied:36 orc:conquered:44 goblin:conquered:52,1,22,20,0,2,0,69,5,17650.6,16268.2,16741.3,0.878,3,2,0,5,0
base,steadfastPlateau,smarter,29,won,55,55,,0,0,0,archmage:abdicated:31 goblin:conquered:39 orc:conquered:47 dwarf:conquered:55,1,19,16,0,2,0,74,5,17992.5,16656.4,16741.3,0.907,5,1,0,5,0
base,steadfastPlateau,smarter,30,won,48,48,,0,0,0,dwarf:allied:24 archmage:conquered:32 goblin:conquered:40 orc:conquered:48,4,19,17,0,2,0,71,2,19816.1,18053.4,16741.3,0.928,6,2,0,3,0
base,steadfastPlateau,smarter,31,won,47,47,,0,0,0,orc:allied:23 goblin:conquered:31 archmage:conquered:39 dwarf:conquered:47,4,17,16,0,2,0,71,6,19396.2,17665.2,16355.3,0.924,6,2,0,3,0
base,steadfastPlateau,smarter,32,won,47,47,,0,0,0,archmage:conquered:23 orc:allied:31 goblin:conquered:39 dwarf:conquered:47,1,15,13,0,2,0,74,7,18332.1,16746.7,16355.3,0.888,4,1,0,3,0
base,steadfastPlateau,smarter,33,won,46,46,,0,0,0,archmage:conquered:22 goblin:conquered:30 orc:conquered:38 dwarf:conquered:46,1,18,16,0,2,0,71,4,18092.8,16552.1,15969.3,0.902,4,2,0,3,0
base,steadfastPlateau,smarter,34,won,46,46,,0,0,0,goblin:conquered:22 dwarf:allied:30 archmage:conquered:38 orc:allied:46,2,16,15,0,2,0,67,1,18830.2,17199.9,15969.3,0.911,4,9,0,2,0
base,steadfastPlateau,smarter,35,won,60,60,,0,0,0,dwarf:allied:35 archmage:conquered:44 orc:conquered:52 goblin:conquered:60,1,19,16,0,2,0,79,5,17323,16237.6,16741.3,0.895,5,1,0,6,0
base,steadfastPlateau,smarter,36,won,47,47,,0,0,0,dwarf:allied:23 orc:allied:31 archmage:conquered:39 goblin:conquered:47,2,17,16,0,2,0,70,4,19507.1,17782.3,16355.3,0.921,4,1,0,5,0
base,steadfastPlateau,smarter,37,won,47,47,,0,0,0,archmage:conquered:23 dwarf:allied:31 orc:conquered:39 goblin:conquered:47,2,17,16,0,2,0,68,3,17754.5,16234.2,16355.3,0.876,3,1,0,4,0
base,steadfastPlateau,smarter,38,won,55,55,,0,0,0,archmage:conquered:31 dwarf:allied:39 orc:allied:47 goblin:conquered:55,1,21,17,0,2,0,72,4,17232.9,15976,16741.3,0.859,2,2,0,2,0
base,steadfastPlateau,smarter,39,won,53,53,,0,0,0,dwarf:allied:29 orc:conquered:37 archmage:conquered:45 goblin:conquered:53,1,19,17,0,2,0,67,1,19012.2,17514.7,16741.3,0.892,3,2,0,6,0
base,steadfastPlateau,smarter,40,won,56,56,,0,0,0,dwarf:allied:32 goblin:conquered:40 archmage:abdicated:48 orc:conquered:56,1,17,14,0,2,0,75,2,17058.5,15851.5,16741.3,0.861,2,1,0,4,0
base,steadfastPlateau,smarter,41,won,47,47,,0,0,0,goblin:conquered:23 orc:allied:31 archmage:conquered:39 dwarf:conquered:47,1,18,16,0,2,0,70,2,18469.9,16864.8,16355.3,0.893,2,1,0,6,0
base,steadfastPlateau,smarter,42,won,55,55,,0,0,0,archmage:conquered:31 goblin:conquered:39 orc:conquered:47 dwarf:conquered:55,1,21,19,0,2,0,76,3,17868.2,16605,16741.3,0.889,4,1,0,4,0
base,steadfastPlateau,smarter,43,won,44,44,,0,0,0,orc:abdicated:20 dwarf:allied:28 archmage:conquered:36 goblin:conquered:44,1,15,14,0,2,0,68,5,17538.6,16048,15197.3,0.909,4,3,0,5,0
base,steadfastPlateau,smarter,44,won,47,47,,0,0,0,archmage:conquered:23 dwarf:allied:31 goblin:conquered:39 orc:conquered:47,2,20,18,0,2,0,72,6,17747.7,16239.5,16355.3,0.869,3,1,0,2,0
base,steadfastPlateau,smarter,45,fallen,45,,46,1,0,1,,0,7,0,0,3,1,19,1,13540.5,13180.3,15583.3,0.837,2,4,4,9,0
base,steadfastPlateau,smarter,46,won,47,47,,0,0,0,archmage:conquered:23 dwarf:allied:31 goblin:conquered:39 orc:conquered:47,1,22,20,0,2,0,72,5,18682.5,17081.4,16355.3,0.906,5,3,0,5,0
base,steadfastPlateau,smarter,47,won,47,47,,0,0,0,goblin:conquered:23 orc:allied:31 archmage:conquered:39 dwarf:conquered:47,1,17,15,0,3,1,74,4,18632,17057.5,16355.3,0.902,4,9,0,4,0
base,steadfastPlateau,smarter,48,active,71,,,0,0,0,,10,11,3,0,2,0,81,8,15868.1,15332.2,16741.3,0.835,2,2,0,44,0
base,steadfastPlateau,smarter,49,won,47,47,,0,0,0,archmage:conquered:23 orc:allied:31 goblin:conquered:39 dwarf:conquered:47,2,18,16,0,2,0,71,4,19193.5,17519.2,16355.3,0.915,5,1,0,6,0
base,steadfastPlateau,smarter,50,won,46,46,,0,0,0,archmage:conquered:22 goblin:conquered:30 orc:conquered:38 dwarf:conquered:46,3,18,16,0,2,0,68,2,18709.3,17092.5,15969.3,0.914,4,2,0,3,0
base,steadfastPlateau,smarter,51,won,55,55,,0,0,0,goblin:conquered:31 dwarf:allied:39 archmage:conquered:47 orc:allied:55,1,20,17,0,2,0,72,4,17234.7,15945,16741.3,0.868,2,2,0,3,0
base,steadfastPlateau,smarter,52,won,49,49,,0,0,0,dwarf:allied:25 goblin:conquered:33 archmage:conquered:41 orc:conquered:49,2,17,15,0,2,0,73,5,18620.3,16997.6,16741.3,0.858,3,1,0,7,0
base,steadfastPlateau,smarter,53,won,56,56,,0,0,0,dwarf:allied:32 archmage:conquered:40 orc:conquered:48 goblin:conquered:56,1,18,16,0,2,0,73,7,17584.2,16228.7,16741.3,0.868,3,10,0,5,0
base,steadfastPlateau,smarter,54,won,53,53,,0,0,0,dwarf:allied:29 goblin:conquered:37 archmage:conquered:45 orc:allied:53,1,19,17,0,2,0,69,3,17749.4,16375.8,16741.3,0.87,3,2,0,5,0
base,steadfastPlateau,smarter,55,won,46,46,,0,0,0,archmage:conquered:22 orc:allied:30 goblin:conquered:38 dwarf:conquered:46,2,23,21,0,2,0,67,0,19860.8,18050.1,15969.3,0.938,6,1,0,3,0
base,steadfastPlateau,smarter,56,won,46,46,,0,0,0,archmage:conquered:22 goblin:conquered:30 orc:allied:38 dwarf:conquered:46,1,16,15,0,2,0,73,5,18671.4,17035.7,15969.3,0.92,4,1,0,4,0
base,steadfastPlateau,smarter,57,won,45,45,,0,0,0,goblin:conquered:21 dwarf:allied:29 archmage:conquered:37 orc:allied:45,2,17,15,0,2,0,73,3,18658.6,17006.1,15583.3,0.925,4,4,0,4,0
base,steadfastPlateau,smarter,58,won,49,49,,0,0,0,archmage:conquered:25 dwarf:allied:33 goblin:conquered:41 orc:conquered:49,2,21,19,0,2,0,73,2,19203.4,17570.6,16741.3,0.913,6,4,0,3,0
base,steadfastPlateau,smarter,59,won,47,47,,0,0,0,archmage:abdicated:23 goblin:allied:31 orc:conquered:39 dwarf:allied:47,2,17,15,0,2,0,72,2,19423.6,17734.3,16355.3,0.915,4,2,0,3,0
base,steadfastPlateau,smarter,60,won,59,59,,0,0,0,dwarf:allied:35 goblin:conquered:43 archmage:conquered:51 orc:conquered:59,1,18,14,0,2,0,71,6,18751.3,17389.1,16741.3,0.908,6,1,0,5,0
base,steadfastPlateau,smarter,61,won,57,57,,0,0,0,dwarf:allied:33 archmage:allied:41 goblin:conquered:49 orc:conquered:57,2,22,19,1,2,0,79,3,18404.4,17099.4,16741.3,0.894,4,2,0,12,0
base,steadfastPlateau,smarter,62,won,46,46,,0,0,0,goblin:conquered:22 archmage:conquered:30 orc:conquered:38 dwarf:conquered:46,3,18,15,0,2,0,64,0,18768.4,17144.8,15969.3,0.926,5,1,0,4,0
base,steadfastPlateau,smarter,63,won,49,49,,0,0,0,goblin:conquered:25 dwarf:allied:33 archmage:conquered:41 orc:conquered:49,1,23,20,0,3,1,72,6,18829.4,17297.4,16741.3,0.895,4,1,0,4,0
base,steadfastPlateau,smarter,64,won,47,47,,0,0,0,archmage:conquered:23 dwarf:allied:31 orc:allied:39 goblin:conquered:47,1,21,20,0,2,0,73,5,17692.7,16189,16355.3,0.873,2,5,0,4,0
base,steadfastPlateau,smarter,65,won,45,45,,0,0,0,goblin:conquered:21 orc:allied:29 archmage:conquered:37 dwarf:conquered:45,3,18,17,0,2,0,70,5,17828.4,16283.5,15583.3,0.912,3,1,0,4,0
base,steadfastPlateau,smarter,66,won,50,50,,0,0,0,dwarf:allied:26 archmage:conquered:34 goblin:conquered:42 orc:conquered:50,2,19,17,0,3,1,67,1,18937.9,17326.2,16741.3,0.889,4,3,0,3,0
base,steadfastPlateau,smarter,67,won,53,53,,0,0,0,dwarf:allied:29 goblin:conquered:37 archmage:conquered:45 orc:allied:53,1,19,17,0,2,0,70,3,18725.7,17263.3,16741.3,0.899,3,2,0,5,0
base,steadfastPlateau,smarter,68,won,46,46,,0,0,0,goblin:conquered:22 archmage:conquered:30 orc:conquered:38 dwarf:conquered:46,1,17,16,0,2,0,67,1,18641,17025.2,15969.3,0.922,5,1,0,4,0
base,steadfastPlateau,smarter,69,won,48,48,,0,0,0,dwarf:allied:24 archmage:conquered:32 orc:allied:40 goblin:conquered:48,2,20,19,0,2,0,72,5,18152.5,16601.1,16741.3,0.882,3,1,0,5,0
base,steadfastPlateau,smarter,70,won,47,47,,0,0,0,archmage:conquered:23 dwarf:allied:31 orc:allied:39 goblin:conquered:47,2,19,17,0,2,0,72,3,18557,16928.7,16355.3,0.904,5,3,0,3,0
base,steadfastPlateau,smarter,71,won,49,49,,0,0,0,orc:allied:25 dwarf:allied:33 archmage:conquered:41 goblin:conquered:49,3,18,16,0,2,0,72,3,20395,18600.7,16741.3,0.928,6,1,0,4,0
base,steadfastPlateau,smarter,72,won,55,55,,0,0,0,archmage:conquered:31 dwarf:allied:39 goblin:conquered:47 orc:conquered:55,1,22,17,0,3,1,78,2,17906.2,16652.1,16741.3,0.897,3,1,0,3,0
base,steadfastPlateau,smarter,73,won,46,46,,0,0,0,archmage:conquered:22 goblin:conquered:30 orc:conquered:38 dwarf:conquered:46,1,18,17,0,2,0,65,0,18112,16570.2,15969.3,0.902,4,1,0,4,0
base,steadfastPlateau,smarter,74,won,46,46,,0,0,0,goblin:conquered:22 orc:allied:30 archmage:conquered:38 dwarf:conquered:46,2,17,16,0,2,0,66,0,18131.7,16582.2,15969.3,0.903,4,2,0,4,0
base,steadfastPlateau,smarter,75,won,59,59,,0,0,0,goblin:conquered:35 orc:conquered:43 archmage:conquered:51 dwarf:conquered:59,1,24,21,0,3,1,85,6,17295.3,16173.3,16741.3,0.887,5,2,0,4,0
base,steadfastPlateau,smarter,76,won,46,46,,0,0,0,archmage:conquered:22 orc:conquered:30 goblin:conquered:38 dwarf:conquered:46,2,19,18,0,2,0,66,0,18564.7,16957,15969.3,0.919,5,1,0,5,0
base,steadfastPlateau,smarter,77,won,60,60,,0,0,0,dwarf:allied:35 orc:conquered:44 archmage:conquered:52 goblin:conquered:60,2,20,17,0,3,1,79,2,17366.9,16167.7,16741.3,0.883,4,2,0,4,0
base,steadfastPlateau,smarter,78,won,45,45,,0,0,0,archmage:conquered:21 orc:allied:29 goblin:conquered:37 dwarf:conquered:45,1,17,15,0,2,0,73,4,18175.8,16599.4,15583.3,0.925,5,4,0,4,0
base,steadfastPlateau,smarter,79,won,47,47,,0,0,0,orc:allied:23 dwarf:allied:31 archmage:conquered:39 goblin:conquered:47,2,17,16,0,2,0,70,2,19450.8,17733.6,16355.3,0.92,4,1,0,5,0
base,steadfastPlateau,smarter,80,won,46,46,,0,0,0,archmage:conquered:22 goblin:conquered:30 orc:conquered:38 dwarf:conquered:46,2,15,13,0,2,0,73,2,18165.8,16597.7,15969.3,0.903,4,8,0,2,0
base,steadfastPlateau,smarter,81,won,45,45,,0,0,0,archmage:conquered:21 orc:allied:29 goblin:conquered:37 dwarf:conquered:45,2,20,19,0,2,0,68,1,17900.8,16367.2,15583.3,0.897,4,2,0,3,0
base,steadfastPlateau,smarter,82,active,71,,,0,0,0,,7,25,7,1,4,2,101,9,15224.7,14853.4,16741.3,0.883,5,2,0,28,0
base,steadfastPlateau,smarter,83,won,47,47,,0,0,0,archmage:conquered:23 dwarf:allied:31 goblin:conquered:39 orc:allied:47,1,18,16,0,2,0,72,1,18632.1,17031.6,16355.3,0.887,3,2,0,5,0
base,steadfastPlateau,smarter,84,won,48,48,,0,0,0,archmage:conquered:24 dwarf:allied:32 orc:allied:40 goblin:allied:48,3,14,12,0,2,0,77,6,17589.9,16062.2,16741.3,0.846,2,1,0,5,0
base,steadfastPlateau,smarter,85,won,47,47,,0,0,0,dwarf:allied:23 orc:allied:31 archmage:conquered:39 goblin:conquered:47,2,18,17,0,2,0,67,2,19015.6,17341.7,16355.3,0.898,4,2,0,3,0
base,steadfastPlateau,smarter,86,won,46,46,,0,0,0,dwarf:allied:22 archmage:conquered:30 goblin:conquered:38 orc:conquered:46,2,17,15,0,2,0,69,2,19176,17475.1,15969.3,0.918,5,5,0,4,0
base,steadfastPlateau,smarter,87,won,48,48,,0,0,0,goblin:conquered:24 archmage:conquered:32 orc:conquered:40 dwarf:allied:48,1,17,16,0,2,0,68,3,19362.7,17679.6,16741.3,0.895,2,2,0,3,0
base,steadfastPlateau,smarter,88,won,58,58,,0,0,0,dwarf:allied:34 orc:conquered:42 archmage:conquered:50 goblin:conquered:58,2,21,16,0,2,0,76,2,17734.6,16472.5,16741.3,0.879,4,1,0,3,0
base,steadfastPlateau,smarter,89,won,46,46,,0,0,0,goblin:conquered:22 archmage:conquered:30 orc:conquered:38 dwarf:conquered:46,2,20,18,0,2,0,72,4,16923.1,15479.5,15969.3,0.862,2,1,0,4,0
base,steadfastPlateau,smarter,90,won,51,51,,0,0,0,orc:abdicated:27 goblin:conquered:35 dwarf:allied:43 archmage:conquered:51,1,18,16,0,2,0,70,5,18285.6,16855,16741.3,0.882,2,2,0,5,0
base,steadfastPlateau,smarter,91,won,52,52,,0,0,0,dwarf:allied:28 goblin:conquered:36 archmage:conquered:44 orc:conquered:52,1,19,17,0,2,0,68,2,18670.8,17179.1,16741.3,0.897,4,1,0,5,0
base,steadfastPlateau,smarter,92,won,53,53,,0,0,0,orc:allied:29 goblin:conquered:37 archmage:conquered:45 dwarf:allied:53,1,17,15,0,3,1,70,3,19183.5,17654.8,16741.3,0.896,5,3,0,4,0
base,steadfastPlateau,smarter,93,won,48,48,,0,0,0,dwarf:allied:24 archmage:conquered:32 goblin:conquered:40 orc:conquered:48,2,20,19,0,2,0,71,5,19371.4,17679.5,16741.3,0.911,4,1,0,3,0
base,steadfastPlateau,smarter,94,won,45,45,,0,0,0,archmage:conquered:21 dwarf:allied:29 goblin:conquered:37 orc:conquered:45,2,17,16,0,2,0,65,0,17971.1,16415.6,15583.3,0.911,4,4,0,3,0
base,steadfastPlateau,smarter,95,won,46,46,,0,0,0,goblin:conquered:22 archmage:conquered:30 orc:allied:38 dwarf:conquered:46,2,22,21,0,2,0,70,2,17890.1,16327.5,15969.3,0.899,4,2,0,4,0
base,steadfastPlateau,smarter,96,active,71,,,0,0,0,,16,16,3,1,2,0,80,5,16666.4,16122,16741.3,0.895,5,1,0,39,0
base,steadfastPlateau,smarter,97,won,46,46,,0,0,0,archmage:conquered:22 dwarf:allied:30 orc:allied:38 goblin:conquered:46,2,19,18,0,2,0,73,3,18331.7,16723.9,15969.3,0.905,3,1,0,3,0
base,steadfastPlateau,smarter,98,won,55,55,,0,0,0,archmage:conquered:31 goblin:conquered:39 orc:conquered:47 dwarf:conquered:55,1,21,19,0,3,1,80,4,17604.2,16343.1,16741.3,0.851,4,5,0,4,0
base,steadfastPlateau,smarter,99,won,47,47,,0,0,0,archmage:conquered:23 dwarf:allied:31 goblin:conquered:39 orc:conquered:47,3,17,16,0,2,0,68,3,19616.1,17879,16355.3,0.926,6,3,0,4,0
base,steadfastPlateau,smarter,100,won,54,54,,0,0,0,dwarf:allied:30 archmage:conquered:38 goblin:conquered:46 orc:conquered:54,1,18,16,0,4,2,73,6,18149.1,16675.3,16741.3,0.85,3,5,0,5,0
base,steadfastPlateau,smarter,101,won,45,45,,0,0,0,goblin:conquered:21 orc:allied:29 archmage:conquered:37 dwarf:conquered:45,1,16,15,0,2,0,72,5,16356.3,14980.4,15583.3,0.862,3,1,0,5,0
base,steadfastPlateau,smarter,102,won,48,48,,0,0,0,goblin:conquered:24 archmage:conquered:32 orc:allied:40 dwarf:allied:48,2,19,17,0,2,0,70,1,18154.8,16579.4,16741.3,0.87,2,1,0,2,0
base,steadfastPlateau,smarter,103,active,71,,,0,0,0,,6,10,0,5,2,0,40,0,14764.5,14395.7,16741.3,0.869,4,2,0,0,0
base,steadfastPlateau,smarter,104,won,54,54,,0,0,0,dwarf:allied:30 orc:allied:38 goblin:conquered:46 archmage:conquered:54,1,19,16,0,3,1,72,3,17434.7,16116.8,16741.3,0.88,3,2,0,2,0
base,steadfastPlateau,smarter,105,active,71,,,1,0,0,dwarf:allied:44 archmage:conquered:56 goblin:conquered:64,1,25,19,3,2,0,93,6,15713.7,15061.8,16741.3,0.879,6,1,4,9,0
base,steadfastPlateau,smarter,106,won,53,53,,0,0,0,dwarf:allied:29 goblin:conquered:37 archmage:conquered:45 orc:conquered:53,2,20,19,0,2,0,70,4,18686.8,17154.1,16741.3,0.878,3,3,0,5,0
base,steadfastPlateau,smarter,107,won,47,47,,0,0,0,archmage:abdicated:23 dwarf:allied:31 orc:allied:39 goblin:conquered:47,1,17,16,0,2,0,66,5,18195.8,16624.4,16355.3,0.899,5,2,0,5,0
base,steadfastPlateau,smarter,108,won,46,46,,0,0,0,archmage:conquered:22 goblin:conquered:30 orc:conquered:38 dwarf:conquered:46,2,19,17,0,2,0,76,5,17436.4,15928.9,15969.3,0.878,3,2,0,3,0
base,steadfastPlateau,smarter,109,won,68,68,,1,1,0,goblin:conquered:44 orc:conquered:52 archmage:conquered:60 dwarf:conquered:68,1,26,21,0,2,0,75,1,15578.1,14870.6,16741.3,0.852,4,10,6,18,0
base,steadfastPlateau,smarter,110,won,50,50,,0,0,0,dwarf:allied:26 archmage:conquered:34 goblin:conquered:42 orc:allied:50,1,18,16,0,2,0,76,6,19364,17669.4,16741.3,0.901,4,1,0,3,0
base,steadfastPlateau,smarter,111,active,71,,,1,1,0,dwarf:allied:45 orc:allied:55 goblin:conquered:63,1,18,13,1,2,0,77,2,14883.4,14321.4,16741.3,0.852,3,1,5,13,0
base,steadfastPlateau,smarter,112,won,46,46,,0,0,0,archmage:conquered:22 goblin:conquered:30 orc:conquered:38 dwarf:conquered:46,2,19,18,0,3,1,69,2,18774.7,17144.8,15969.3,0.929,5,2,0,4,0
base,steadfastPlateau,smarter,113,won,48,48,,0,0,0,goblin:conquered:24 archmage:conquered:32 orc:allied:40 dwarf:conquered:48,2,16,14,0,2,0,70,4,17439.1,15949.9,16741.3,0.843,2,2,0,3,0
base,steadfastPlateau,smarter,114,won,53,53,,0,0,0,dwarf:allied:29 archmage:conquered:37 goblin:conquered:45 orc:allied:53,1,19,17,0,2,0,76,6,18719.6,17166.1,16741.3,0.872,3,11,0,5,0
base,steadfastPlateau,smarter,115,won,47,47,,0,0,0,goblin:conquered:23 orc:allied:31 archmage:conquered:39 dwarf:conquered:47,1,17,15,0,2,0,71,2,18891.9,17285.3,16355.3,0.921,5,1,0,4,0
base,steadfastPlateau,smarter,116,won,52,52,,0,0,0,orc:allied:28 goblin:conquered:36 archmage:conquered:44 dwarf:allied:52,2,19,18,0,2,0,72,5,18757.4,17212.5,16741.3,0.877,3,3,0,5,0
base,steadfastPlateau,smarter,117,won,47,47,,0,0,0,dwarf:allied:23 orc:allied:31 archmage:conquered:39 goblin:conquered:47,2,17,16,0,2,0,72,6,19886.7,18128.8,16355.3,0.93,6,1,0,6,0
base,steadfastPlateau,smarter,118,won,49,49,,0,0,0,dwarf:allied:25 archmage:conquered:33 goblin:conquered:41 orc:conquered:49,2,18,18,0,2,0,69,3,19225.3,17517,16741.3,0.896,5,1,0,5,0
base,steadfastPlateau,smarter,119,won,49,49,,0,0,0,dwarf:allied:25 archmage:conquered:33 goblin:conquered:41 orc:conquered:49,2,21,19,0,3,1,76,3,18415.2,16905.5,16741.3,0.877,5,2,0,4,0
base,steadfastPlateau,smarter,120,won,54,54,,0,0,0,dwarf:allied:30 archmage:conquered:38 goblin:conquered:46 orc:allied:54,2,22,20,0,2,0,71,0,17826.2,16489.5,16741.3,0.885,4,1,0,6,0
base,steadfastPlateau,smarter,121,won,50,50,,0,0,0,dwarf:allied:26 archmage:conquered:34 orc:conquered:42 goblin:conquered:50,2,15,14,0,3,1,68,2,19725.2,18087.4,16741.3,0.9,5,2,0,4,0
base,steadfastPlateau,smarter,122,won,46,46,,0,0,0,orc:abdicated:22 dwarf:allied:30 archmage:conquered:38 goblin:conquered:46,1,15,14,0,2,0,66,2,17153,15675.5,15969.3,0.873,3,2,0,4,0
base,steadfastPlateau,smarter,123,won,50,50,,0,0,0,dwarf:allied:26 archmage:allied:34 goblin:conquered:42 orc:allied:50,2,21,19,0,3,1,78,6,18011.3,16541.1,16741.3,0.877,5,5,0,4,0
base,steadfastPlateau,smarter,124,won,48,48,,0,0,0,goblin:conquered:24 archmage:conquered:32 orc:conquered:40 dwarf:allied:48,1,18,16,0,2,0,77,6,18190.3,16720.2,16741.3,0.88,2,2,0,4,0
base,steadfastPlateau,smarter,125,won,46,46,,0,0,0,goblin:conquered:22 orc:allied:30 archmage:conquered:38 dwarf:conquered:46,2,24,23,0,2,0,69,2,18329.3,16746.8,15969.3,0.91,3,1,0,3,0
base,steadfastPlateau,smarter,126,won,48,48,,0,0,0,archmage:conquered:24 goblin:conquered:32 orc:conquered:40 dwarf:conquered:48,2,22,20,0,2,0,74,5,18079.7,16535.2,16741.3,0.87,3,1,0,4,0
base,steadfastPlateau,smarter,127,won,48,48,,0,0,0,dwarf:allied:24 archmage:conquered:32 goblin:conquered:40 orc:conquered:48,2,21,20,0,2,0,71,4,19665.7,17937.4,16741.3,0.897,4,1,0,4,0
base,steadfastPlateau,smarter,128,won,48,48,,0,0,0,orc:allied:24 archmage:conquered:32 goblin:conquered:40 dwarf:allied:48,2,14,12,0,2,0,70,4,19225.3,17566,16741.3,0.894,4,3,0,4,0
base,steadfastPlateau,smarter,129,won,47,47,,0,0,0,archmage:conquered:23 orc:allied:31 goblin:conquered:39 dwarf:allied:47,1,17,14,0,2,0,69,1,18758.2,17113.7,16355.3,0.895,4,2,0,5,0
base,steadfastPlateau,smarter,130,won,47,47,,0,0,0,dwarf:allied:23 archmage:conquered:31 goblin:conquered:39 orc:conquered:47,2,20,17,0,2,0,68,2,18132.7,16560.8,16355.3,0.905,5,2,0,4,0
base,steadfastPlateau,smarter,131,won,49,49,,0,0,0,dwarf:allied:25 goblin:conquered:33 archmage:conquered:41 orc:conquered:49,2,18,17,0,2,0,69,2,19569.9,17859.7,16741.3,0.901,4,2,0,5,0
base,steadfastPlateau,smarter,132,won,45,45,,0,0,0,archmage:conquered:21 dwarf:allied:29 goblin:conquered:37 orc:conquered:45,1,18,16,0,2,0,71,3,18207.6,16644.2,15583.3,0.931,5,1,0,4,0
base,steadfastPlateau,smarter,133,won,48,48,,0,0,0,archmage:conquered:24 goblin:conquered:32 orc:conquered:40 dwarf:conquered:48,2,21,19,0,2,0,69,0,19602.8,17897,16741.3,0.916,5,1,0,2,0
base,steadfastPlateau,smarter,134,won,53,53,,0,0,0,dwarf:allied:29 archmage:conquered:37 goblin:conquered:45 orc:conquered:53,2,17,15,0,2,0,69,3,18978.9,17450.1,16741.3,0.907,4,2,0,4,0
base,steadfastPlateau,smarter,135,won,46,46,,0,0,0,archmage:conquered:22 dwarf:allied:30 orc:allied:38 goblin:conquered:46,1,20,18,0,2,0,74,6,18041.1,16471.1,15969.3,0.899,3,2,0,2,0
base,steadfastPlateau,smarter,136,won,55,55,,0,0,0,dwarf:allied:31 archmage:conquered:39 goblin:conquered:47 orc:conquered:55,1,19,16,0,2,0,75,1,17622.4,16354.7,16741.3,0.865,4,2,0,3,0
base,steadfastPlateau,smarter,137,won,46,46,,0,0,0,archmage:conquered:22 goblin:conquered:30 orc:conquered:38 dwarf:conquered:46,2,18,17,0,2,0,72,6,17887.5,16344.1,15969.3,0.892,4,1,0,3,0
base,steadfastPlateau,smarter,138,won,52,52,,0,0,0,dwarf:allied:28 orc:conquered:36 archmage:conquered:44 goblin:conquered:52,1,19,17,0,2,0,71,2,18572.4,17115.3,16741.3,0.894,3,1,0,6,0
base,steadfastPlateau,smarter,139,won,47,47,,0,0,0,dwarf:allied:23 archmage:allied:31 goblin:conquered:39 orc:conquered:47,2,18,17,0,2,0,68,3,19586.5,17858.4,16355.3,0.919,5,1,0,4,0
base,steadfastPlateau,smarter,140,won,48,48,,0,0,0,orc:allied:24 goblin:conquered:32 archmage:conquered:40 dwarf:conquered:48,4,20,18,0,2,0,69,2,19707.8,17909.6,16741.3,0.917,6,1,0,5,0
base,steadfastPlateau,smarter,141,won,48,48,,0,0,0,dwarf:allied:24 orc:conquered:32 archmage:conquered:40 goblin:conquered:48,2,18,16,0,2,0,74,4,20646.7,18836.4,16741.3,0.938,5,1,0,4,0
base,steadfastPlateau,smarter,142,won,56,56,,0,0,0,dwarf:allied:32 orc:conquered:40 goblin:conquered:48 archmage:conquered:56,1,22,20,0,2,0,77,5,17128.1,15928.9,16741.3,0.87,4,2,0,4,0
base,steadfastPlateau,smarter,143,won,46,46,,0,0,0,archmage:abdicated:22 goblin:conquered:30 orc:allied:38 dwarf:conquered:46,3,17,16,0,2,0,68,3,17971.8,16423.6,15969.3,0.902,4,1,0,5,0
base,steadfastPlateau,smarter,144,won,63,63,,0,0,0,goblin:conquered:39 archmage:conquered:47 orc:conquered:55 dwarf:allied:63,1,23,18,0,2,0,76,2,16370.5,15408.9,16741.3,0.886,5,2,3,8,0
base,steadfastPlateau,smarter,145,won,46,46,,0,0,0,goblin:conquered:22 dwarf:allied:30 orc:allied:38 archmage:conquered:46,2,19,17,0,2,0,77,6,18393.4,16813.6,15969.3,0.914,4,1,0,4,0
base,steadfastPlateau,smarter,146,active,71,,,0,0,0,,10,13,0,5,2,0,50,2,15247.3,14822.1,16741.3,0.868,4,2,0,9,0
base,steadfastPlateau,smarter,147,won,47,47,,0,0,0,goblin:conquered:23 orc:allied:31 archmage:conquered:39 dwarf:conquered:47,2,17,16,0,2,0,69,3,18756.1,17125.1,16355.3,0.91,5,2,0,5,0
base,steadfastPlateau,smarter,148,won,45,45,,0,0,0,orc:abdicated:21 dwarf:allied:29 goblin:allied:37 archmage:conquered:45,3,16,14,0,2,0,69,3,17654.4,16108.4,15583.3,0.897,5,4,0,4,0
base,steadfastPlateau,smarter,149,won,58,58,,0,0,0,goblin:conquered:34 archmage:conquered:42 orc:conquered:50 dwarf:allied:58,1,23,19,0,2,0,90,10,15853.5,14833,16741.3,0.852,3,1,0,7,0
base,steadfastPlateau,smarter,150,won,52,52,,0,0,0,archmage:abdicated:28 dwarf:allied:36 goblin:conquered:44 orc:conquered:52,1,20,18,0,2,0,73,4,19436.2,17901,16741.3,0.911,6,1,0,6,0
base,steadfastPlateau,smarter,151,won,47,47,,0,0,0,archmage:conquered:23 dwarf:allied:31 goblin:conquered:39 orc:conquered:47,1,21,18,0,2,0,74,5,18610.6,17005.2,16355.3,0.905,4,2,0,3,0
base,steadfastPlateau,smarter,152,won,47,47,,0,0,0,archmage:abdicated:23 orc:allied:31 goblin:conquered:39 dwarf:conquered:47,1,20,18,0,2,0,69,3,18355.8,16759.9,16355.3,0.897,3,2,0,4,0
base,steadfastPlateau,smarter,153,won,47,47,,0,0,0,archmage:conquered:23 orc:allied:31 goblin:conquered:39 dwarf:conquered:47,1,18,16,0,2,0,68,0,18323.7,16759.7,16355.3,0.901,5,1,0,4,0
base,steadfastPlateau,smarter,154,won,60,60,,0,0,0,goblin:conquered:36 archmage:conquered:44 orc:conquered:52 dwarf:conquered:60,1,23,18,0,3,1,80,5,16553.4,15559.4,16741.3,0.874,3,2,0,7,0
base,steadfastPlateau,smarter,155,won,49,49,,0,0,0,archmage:conquered:25 dwarf:allied:33 goblin:conquered:41 orc:conquered:49,2,20,18,0,3,1,76,3,18923.6,17382.4,16741.3,0.891,4,4,0,3,0
base,steadfastPlateau,smarter,156,won,46,46,,0,0,0,archmage:conquered:22 orc:allied:30 goblin:conquered:38 dwarf:conquered:46,2,17,16,0,2,0,69,3,18158.5,16597.3,15969.3,0.899,5,2,0,4,0
base,steadfastPlateau,smarter,157,won,50,50,,0,0,0,archmage:abdicated:26 orc:conquered:34 goblin:conquered:42 dwarf:conquered:50,2,18,15,0,2,0,70,2,19352.6,17693.9,16741.3,0.91,4,7,0,3,0
base,steadfastPlateau,smarter,158,won,59,59,,0,0,0,archmage:conquered:35 dwarf:allied:43 goblin:conquered:51 orc:conquered:59,1,23,19,0,2,0,78,6,15503.9,14658.6,16741.3,0.841,3,1,3,10,0
base,steadfastPlateau,smarter,159,won,46,46,,0,0,0,archmage:conquered:22 goblin:conquered:30 orc:conquered:38 dwarf:conquered:46,2,18,17,0,2,0,67,1,18576,16979.9,15969.3,0.908,5,1,0,4,0
base,steadfastPlateau,smarter,160,won,60,60,,0,0,0,dwarf:allied:36 goblin:conquered:44 archmage:conquered:52 orc:conquered:60,1,16,12,0,2,0,78,5,17225.9,16095.3,16741.3,0.902,4,5,0,7,0
base,steadfastPlateau,smarter,161,won,57,57,,0,0,0,archmage:conquered:33 dwarf:allied:41 orc:conquered:49 goblin:allied:57,1,21,18,0,2,0,81,8,15803.6,14819.8,16741.3,0.839,2,6,0,4,0
base,steadfastPlateau,smarter,162,won,48,48,,0,0,0,dwarf:allied:24 archmage:conquered:32 goblin:conquered:40 orc:conquered:48,2,20,19,0,2,0,68,3,19528.1,17809.5,16741.3,0.905,5,1,0,3,0
base,steadfastPlateau,smarter,163,won,57,57,,0,0,0,archmage:conquered:33 dwarf:allied:41 goblin:conquered:49 orc:conquered:57,1,20,17,0,3,1,79,6,17242,16073,16741.3,0.872,4,2,0,4,0
base,steadfastPlateau,smarter,164,won,48,48,,0,0,0,goblin:conquered:24 orc:allied:32 dwarf:allied:40 archmage:conquered:48,1,23,22,0,2,0,71,3,18993.8,17351,16741.3,0.91,5,2,0,5,0
base,steadfastPlateau,smarter,165,won,52,52,,0,0,0,orc:allied:28 goblin:conquered:36 archmage:conquered:44 dwarf:conquered:52,1,18,16,0,2,0,67,3,17846.5,16468.8,16741.3,0.876,3,1,0,7,0
base,steadfastPlateau,smarter,166,won,46,46,,0,0,0,archmage:conquered:22 dwarf:allied:30 goblin:conquered:38 orc:conquered:46,3,20,18,0,2,0,71,2,18568.9,16976.9,15969.3,0.901,3,2,0,3,0
base,steadfastPlateau,smarter,167,won,46,46,,0,0,0,archmage:conquered:22 dwarf:allied:30 orc:allied:38 goblin:conquered:46,2,23,20,0,2,0,79,5,16214.7,14860.5,15969.3,0.838,3,1,0,3,0
base,steadfastPlateau,smarter,168,won,49,49,,0,0,0,archmage:conquered:25 orc:allied:33 goblin:conquered:41 dwarf:conquered:49,1,20,18,0,2,0,78,9,20137,18339.5,16741.3,0.915,6,3,0,4,0
base,steadfastPlateau,smarter,169,won,59,59,,0,0,0,archmage:conquered:35 goblin:conquered:43 dwarf:allied:51 orc:conquered:59,1,23,20,0,2,0,80,4,16846.5,15660.7,16741.3,0.866,3,2,0,4,0
base,steadfastPlateau,smarter,170,won,55,55,,0,0,0,archmage:conquered:31 goblin:conquered:39 orc:conquered:47 dwarf:conquered:55,1,20,17,0,2,0,78,2,17985,16697.7,16741.3,0.898,4,6,0,4,0
base,steadfastPlateau,smarter,171,won,45,45,,0,0,0,archmage:conquered:21 orc:allied:29 dwarf:allied:37 goblin:conquered:45,3,20,19,0,2,0,72,4,17807.7,16246.2,15583.3,0.909,4,4,0,5,0
base,steadfastPlateau,smarter,172,won,59,59,,0,0,0,goblin:conquered:35 dwarf:allied:43 archmage:conquered:51 orc:conquered:59,2,23,19,0,2,0,77,5,17341.5,16320.9,16741.3,0.902,4,2,0,6,0
base,steadfastPlateau,smarter,173,won,53,53,,0,0,0,dwarf:allied:29 orc:conquered:37 archmage:conquered:45 goblin:allied:53,1,15,14,0,2,0,68,2,18025.2,16581.2,16741.3,0.863,3,4,0,5,0
base,steadfastPlateau,smarter,174,won,60,60,,0,0,0,archmage:conquered:36 dwarf:allied:44 goblin:conquered:52 orc:conquered:60,1,22,17,0,2,0,76,0,16167.9,15160.6,16741.3,0.844,3,3,2,6,0
base,steadfastPlateau,smarter,175,won,53,53,,0,0,0,orc:abdicated:29 goblin:conquered:37 archmage:conquered:45 dwarf:conquered:53,1,21,19,0,2,0,68,3,18583.5,17167.6,16741.3,0.908,3,1,0,5,0
base,steadfastPlateau,smarter,176,won,47,47,,0,0,0,dwarf:abdicated:23 archmage:abdicated:31 goblin:conquered:39 orc:allied:47,1,19,16,0,3,1,70,5,17782.7,16248.6,16355.3,0.858,1,1,0,5,0
base,steadfastPlateau,smarter,177,won,57,57,,0,0,0,dwarf:allied:33 archmage:conquered:41 goblin:conquered:49 orc:conquered:57,1,19,15,0,2,0,77,2,17732,16493.3,16741.3,0.896,5,2,0,6,0
base,steadfastPlateau,smarter,178,won,50,50,,0,0,0,archmage:conquered:26 orc:allied:34 goblin:conquered:42 dwarf:conquered:50,1,20,18,0,2,0,74,6,16903.1,15556.4,16741.3,0.84,4,1,0,4,0
base,steadfastPlateau,smarter,179,won,50,50,,0,0,0,dwarf:allied:26 archmage:conquered:34 orc:conquered:42 goblin:conquered:50,1,16,14,0,3,1,72,6,19139.5,17525.2,16741.3,0.901,3,2,0,4,0
base,steadfastPlateau,smarter,180,won,66,66,,0,0,0,archmage:abdicated:42 goblin:conquered:50 dwarf:allied:58 orc:conquered:66,4,24,19,2,2,0,73,0,15792,15217.9,16741.3,0.895,5,1,3,13,0
base,steadfastPlateau,smarter,181,won,49,49,,0,0,0,archmage:conquered:25 orc:allied:33 goblin:conquered:41 dwarf:conquered:49,2,23,20,0,2,0,76,3,18418.9,16824.9,16741.3,0.879,3,2,0,4,0
base,steadfastPlateau,smarter,182,won,46,46,,0,0,0,archmage:conquered:22 goblin:conquered:30 orc:conquered:38 dwarf:conquered:46,1,19,17,0,2,0,69,1,18465.4,16837.2,15969.3,0.916,6,2,0,5,0
base,steadfastPlateau,smarter,183,active,71,,,0,0,0,,6,10,0,4,2,0,19,0,14225.3,13888.8,16741.3,0.87,3,2,0,0,0
base,steadfastPlateau,smarter,184,active,71,,,1,0,0,,6,12,0,1,2,0,49,2,14942.2,14572.8,16741.3,0.867,3,5,4,27,0
base,steadfastPlateau,smarter,185,won,46,46,,0,0,0,archmage:conquered:22 goblin:conquered:30 orc:conquered:38 dwarf:conquered:46,2,21,18,0,2,0,73,3,19405,17696.7,15969.3,0.927,5,1,0,2,0
base,steadfastPlateau,smarter,186,won,48,48,,0,0,0,goblin:conquered:24 archmage:conquered:32 orc:conquered:40 dwarf:allied:48,3,19,17,0,2,0,71,5,19245.8,17570,16741.3,0.9,5,5,0,3,0
base,steadfastPlateau,smarter,187,won,47,47,,0,0,0,archmage:conquered:23 dwarf:allied:31 goblin:conquered:39 orc:conquered:47,2,20,18,0,2,0,75,4,19712.4,17973.9,16355.3,0.923,4,1,0,3,0
base,steadfastPlateau,smarter,188,won,48,48,,0,0,0,archmage:conquered:24 goblin:conquered:32 orc:conquered:40 dwarf:allied:48,1,17,15,0,2,0,68,2,18022.4,16468.3,16741.3,0.873,2,1,0,5,0
base,steadfastPlateau,smarter,189,won,48,48,,0,0,0,archmage:conquered:24 goblin:conquered:32 orc:conquered:40 dwarf:conquered:48,3,18,15,0,2,0,68,1,18783.7,17161.1,16741.3,0.908,4,2,0,2,0
base,steadfastPlateau,smarter,190,won,57,57,,0,0,0,dwarf:allied:33 goblin:conquered:41 archmage:conquered:49 orc:conquered:57,1,20,17,0,2,0,74,2,18054.1,16786.2,16741.3,0.895,3,2,0,3,0
base,steadfastPlateau,smarter,191,won,55,55,,0,0,0,dwarf:allied:31 archmage:conquered:39 goblin:conquered:47 orc:allied:55,1,19,17,0,2,0,74,4,17587.9,16263.6,16741.3,0.884,3,2,0,4,0
base,steadfastPlateau,smarter,192,won,48,48,,0,0,0,dwarf:allied:24 archmage:conquered:32 goblin:conquered:40 orc:conquered:48,3,19,17,0,2,0,70,2,20120.6,18349.2,16741.3,0.932,5,6,0,4,0
base,steadfastPlateau,smarter,193,won,49,49,,0,0,0,archmage:abdicated:25 dwarf:allied:33 goblin:conquered:41 orc:conquered:49,1,21,19,0,2,0,70,4,18872.9,17304.8,16741.3,0.904,5,3,0,6,0
base,steadfastPlateau,smarter,194,won,46,46,,0,0,0,archmage:conquered:22 goblin:conquered:30 orc:conquered:38 dwarf:conquered:46,2,18,16,0,2,0,70,1,18843.1,17219.1,15969.3,0.921,5,1,0,5,0
base,steadfastPlateau,smarter,195,won,46,46,,0,0,0,dwarf:allied:22 goblin:conquered:30 archmage:conquered:38 orc:allied:46,2,15,15,0,3,1,72,3,18910.8,17256.5,15969.3,0.926,5,2,0,4,0
base,steadfastPlateau,smarter,196,won,45,45,,0,0,0,archmage:conquered:21 dwarf:allied:29 orc:allied:37 goblin:conquered:45,2,19,18,0,2,0,68,3,17207.3,15745.6,15583.3,0.882,4,1,0,4,0
base,steadfastPlateau,smarter,197,won,47,47,,0,0,0,archmage:conquered:23 dwarf:allied:31 goblin:conquered:39 orc:conquered:47,2,19,16,0,2,0,76,4,18874.1,17224.7,16355.3,0.888,4,1,0,4,0
base,steadfastPlateau,smarter,198,active,71,,,0,0,0,,11,11,1,2,2,0,76,4,16146.2,15652.6,16741.3,0.888,4,1,0,37,0
base,steadfastPlateau,smarter,199,won,50,50,,0,0,0,dwarf:allied:26 archmage:conquered:34 goblin:conquered:42 orc:conquered:50,2,19,17,0,2,0,74,6,19411.2,17741.6,16741.3,0.897,4,2,0,5,0
base,steadfastPlateau,smarter,200,won,46,46,,0,0,0,archmage:conquered:22 goblin:conquered:30 orc:conquered:38 dwarf:allied:46,2,16,15,0,3,1,71,5,18344.4,16772.7,15969.3,0.881,2,2,0,2,0
base,steadfastPlateau,smarter,201,won,62,62,,0,0,0,goblin:conquered:38 archmage:conquered:46 orc:conquered:54 dwarf:conquered:62,1,24,20,0,3,1,79,7,16346.4,15455.3,16741.3,0.857,3,2,1,6,0
base,steadfastPlateau,smarter,202,won,48,48,,0,0,0,dwarf:allied:24 archmage:conquered:32 orc:allied:40 goblin:conquered:48,2,20,18,0,2,0,71,4,18010.9,16448.8,16741.3,0.864,2,2,0,4,0
base,steadfastPlateau,smarter,203,won,50,50,,0,0,0,dwarf:allied:26 goblin:conquered:34 archmage:conquered:42 orc:allied:50,3,17,15,0,2,0,73,6,18427.7,16814.6,16741.3,0.88,4,2,0,5,0
base,steadfastPlateau,smarter,204,won,47,47,,0,0,0,archmage:conquered:23 dwarf:allied:31 goblin:conquered:39 orc:conquered:47,1,15,13,0,2,0,71,3,17789.3,16255,16355.3,0.869,3,1,0,5,0
base,steadfastPlateau,smarter,205,won,48,48,,0,0,0,archmage:conquered:24 dwarf:allied:32 goblin:conquered:40 orc:conquered:48,1,20,18,0,2,0,75,2,19499.5,17888.4,16741.3,0.922,4,1,0,3,0
base,steadfastPlateau,smarter,206,won,47,47,,0,0,0,archmage:conquered:23 dwarf:allied:31 goblin:conquered:39 orc:conquered:47,2,17,16,0,2,0,71,6,19593.8,17870.8,16355.3,0.929,5,1,0,3,0
base,steadfastPlateau,smarter,207,won,59,59,,0,0,0,archmage:conquered:35 dwarf:allied:43 goblin:conquered:51 orc:conquered:59,2,24,20,0,2,0,80,3,17094.7,16055.9,16741.3,0.887,5,2,2,7,0
base,steadfastPlateau,smarter,208,won,60,60,,0,0,0,dwarf:allied:36 archmage:conquered:44 orc:conquered:52 goblin:conquered:60,1,17,13,0,2,0,74,3,16769.8,15663.3,16741.3,0.879,4,2,0,2,0
base,steadfastPlateau,smarter,209,won,46,46,,0,0,0,goblin:conquered:22 archmage:conquered:30 orc:conquered:38 dwarf:conquered:46,1,19,17,0,2,0,74,5,17792.9,16266.7,15969.3,0.877,3,1,0,2,0
base,steadfastPlateau,smarter,210,won,65,65,,1,1,0,dwarf:allied:41 goblin:conquered:49 archmage:conquered:57 orc:conquered:65,1,25,21,0,2,0,77,2,15719.4,14852.9,16741.3,0.88,5,2,5,8,0
base,steadfastPlateau,smarter,211,won,52,52,,0,0,0,archmage:conquered:28 dwarf:allied:36 goblin:conquered:44 orc:conquered:52,1,23,20,0,2,0,72,3,17878.7,16494.3,16741.3,0.871,4,4,0,4,0
base,steadfastPlateau,smarter,212,active,71,,,0,0,0,,12,16,1,1,2,0,61,2,15435.3,15030.9,16741.3,0.889,4,2,0,21,0
base,steadfastPlateau,smarter,213,won,59,59,,0,0,0,dwarf:allied:35 goblin:conquered:43 archmage:conquered:51 orc:conquered:59,1,23,20,0,3,1,88,10,15507.9,14498.5,16741.3,0.815,1,2,0,6,0
base,steadfastPlateau,smarter,214,won,48,48,,0,0,0,dwarf:abdicated:24 orc:conquered:32 archmage:conquered:40 goblin:conquered:48,1,15,13,0,2,0,66,1,19231.8,17643.5,16741.3,0.898,4,1,0,3,0
base,steadfastPlateau,smarter,215,won,53,53,,0,0,0,dwarf:allied:29 archmage:conquered:37 goblin:conquered:45 orc:allied:53,2,18,16,0,2,0,79,5,18164.7,16614.2,16741.3,0.865,3,9,0,4,0
base,steadfastPlateau,smarter,216,won,51,51,,0,0,0,dwarf:allied:27 orc:conquered:35 goblin:allied:43 archmage:conquered:51,2,18,17,0,3,1,70,3,18393.3,16895.1,16741.3,0.888,4,4,0,5,0
base,steadfastPlateau,smarter,217,won,49,49,,0,0,0,goblin:conquered:23 archmage:conquered:33 orc:conquered:41 dwarf:allied:49,2,22,21,0,2,0,72,2,18269.8,16702.6,16741.3,0.865,3,1,0,4,0
base,steadfastPlateau,smarter,218,active,71,,,0,0,0,,3,16,0,0,2,0,69,2,15362.4,14917.5,16741.3,0.885,5,1,3,34,0
base,steadfastPlateau,smarter,219,won,50,50,,0,0,0,dwarf:allied:26 archmage:conquered:34 orc:conquered:42 goblin:conquered:50,1,19,16,0,2,0,70,5,18108,16582.2,16741.3,0.874,4,1,0,3,0
base,steadfastPlateau,smarter,220,won,49,49,,0,0,0,orc:allied:25 goblin:conquered:33 archmage:conquered:41 dwarf:conquered:49,1,15,13,0,2,0,71,4,18593.6,16986.9,16741.3,0.887,3,1,0,4,0
base,steadfastPlateau,smarter,221,won,48,48,,0,0,0,archmage:conquered:24 goblin:conquered:32 orc:conquered:40 dwarf:conquered:48,1,19,17,0,2,0,69,1,18483,16950,16741.3,0.899,4,1,0,3,0
base,steadfastPlateau,smarter,222,won,52,52,,0,0,0,dwarf:allied:28 archmage:conquered:36 goblin:conquered:44 orc:conquered:52,1,16,14,0,2,0,68,1,19213,17656.5,16741.3,0.904,5,2,0,5,0
base,steadfastPlateau,smarter,223,won,46,46,,0,0,0,archmage:conquered:22 goblin:conquered:30 orc:conquered:38 dwarf:conquered:46,2,19,18,0,2,0,72,5,17571.8,16067.6,15969.3,0.895,3,1,0,3,0
base,steadfastPlateau,smarter,224,won,47,47,,0,0,0,archmage:abdicated:23 dwarf:allied:31 orc:allied:39 goblin:conquered:47,1,18,16,0,2,0,67,3,18598,16988.4,16355.3,0.902,3,2,0,4,0
base,steadfastPlateau,smarter,225,won,53,53,,0,0,0,archmage:abdicated:27 goblin:conquered:35 orc:conquered:43 dwarf:allied:53,1,18,15,0,5,3,74,8,19313.7,17734.6,16741.3,0.881,5,2,0,6,0
base,steadfastPlateau,smarter,226,won,45,45,,0,0,0,archmage:conquered:21 dwarf:allied:29 goblin:conquered:37 orc:conquered:45,2,20,19,0,2,0,72,4,17791.5,16268.3,15583.3,0.905,5,3,0,3,0
base,steadfastPlateau,smarter,227,won,48,48,,0,0,0,dwarf:allied:23 archmage:conquered:32 orc:conquered:40 goblin:conquered:48,2,16,15,0,2,0,69,3,19296.7,17620.4,16741.3,0.911,5,1,0,3,0
base,steadfastPlateau,smarter,228,won,59,59,,0,0,0,goblin:conquered:35 dwarf:allied:43 archmage:conquered:51 orc:conquered:59,1,25,20,0,2,0,77,6,17161.1,16067.7,16741.3,0.888,4,1,0,7,0
base,steadfastPlateau,smarter,229,won,57,57,,0,0,0,dwarf:allied:33 orc:conquered:41 goblin:conquered:49 archmage:allied:57,1,16,14,0,2,0,71,3,17492.9,16170.9,16741.3,0.876,3,4,0,3,0
base,steadfastPlateau,smarter,230,won,46,46,,0,0,0,archmage:conquered:22 orc:allied:30 goblin:conquered:38 dwarf:conquered:46,1,15,13,0,2,0,70,1,18815.9,17211.6,15969.3,0.925,5,2,0,5,0
base,steadfastPlateau,smarter,231,won,51,51,,0,0,0,archmage:abdicated:27 goblin:conquered:35 orc:conquered:43 dwarf:allied:51,1,18,17,0,2,0,69,2,18414.9,16920,16741.3,0.891,3,2,0,4,0
base,steadfastPlateau,smarter,232,won,44,44,,0,0,0,orc:abdicated:20 dwarf:allied:28 archmage:conquered:36 goblin:conquered:44,1,18,17,0,2,0,64,1,17426,15935.2,15197.3,0.899,4,1,0,5,0
base,steadfastPlateau,smarter,233,won,57,57,,0,0,0,dwarf:allied:33 archmage:conquered:41 goblin:conquered:49 orc:allied:57,1,20,18,0,2,0,74,1,17921.5,16716.3,16741.3,0.899,4,2,0,6,0
base,steadfastPlateau,smarter,234,won,57,57,,0,0,0,dwarf:allied:33 goblin:conquered:41 archmage:conquered:49 orc:conquered:57,1,23,19,0,2,0,80,2,18088.9,16842.8,16741.3,0.907,4,1,0,8,0
base,steadfastPlateau,smarter,235,won,48,48,,0,0,0,goblin:conquered:24 archmage:conquered:32 orc:conquered:40 dwarf:allied:48,2,20,19,0,2,0,72,4,19367.6,17679.5,16741.3,0.899,4,3,0,4,0
base,steadfastPlateau,smarter,236,active,71,,,1,0,0,,2,14,1,2,2,0,65,2,14868.1,14466.9,16741.3,0.867,4,2,4,30,0
base,steadfastPlateau,smarter,237,won,59,59,,0,0,0,goblin:conquered:35 dwarf:allied:43 archmage:conquered:51 orc:conquered:59,1,23,19,0,2,0,82,2,17370.9,16313.4,16741.3,0.89,5,2,0,16,0
base,steadfastPlateau,smarter,238,won,49,49,,0,0,0,goblin:conquered:25 orc:allied:33 archmage:conquered:41 dwarf:conquered:49,1,19,16,0,2,0,72,5,18444.6,16927.9,16741.3,0.883,5,1,0,3,0
base,steadfastPlateau,smarter,239,won,48,48,,0,0,0,goblin:conquered:23 dwarf:allied:32 archmage:conquered:40 orc:conquered:48,1,18,15,0,2,0,73,2,18243.9,16698.8,16741.3,0.887,5,1,0,4,0
base,steadfastPlateau,smarter,240,won,55,55,,0,0,0,dwarf:allied:31 orc:conquered:39 goblin:conquered:47 archmage:conquered:55,1,21,19,0,4,2,73,5,17552.4,16271.7,16741.3,0.857,3,2,0,5,0
base,steadfastPlateau,smarter,241,won,55,55,,0,0,0,archmage:conquered:31 dwarf:allied:39 goblin:conquered:47 orc:conquered:55,1,22,20,0,2,0,77,1,18103.7,16828.5,16741.3,0.891,5,1,0,6,0
base,steadfastPlateau,smarter,242,won,51,51,,0,0,0,goblin:conquered:27 orc:conquered:35 archmage:conquered:43 dwarf:allied:51,2,18,16,0,3,1,75,8,18320.5,16821,16741.3,0.885,3,2,0,7,0
base,steadfastPlateau,smarter,243,won,47,47,,0,0,0,goblin:conquered:23 archmage:abdicated:31 dwarf:allied:39 orc:conquered:47,2,17,16,0,3,1,64,2,18125.7,16568.7,16355.3,0.888,3,2,0,5,0
base,steadfastPlateau,smarter,244,active,71,,,0,0,0,,1,12,0,3,4,2,4,2,12994.6,12739.9,16741.3,0.796,1,3,3,0,0
base,steadfastPlateau,smarter,245,won,44,44,,0,0,0,orc:abdicated:20 dwarf:conquered:28 archmage:conquered:36 goblin:conquered:44,1,15,14,0,2,0,64,1,17538.8,16046.6,15197.3,0.92,5,1,0,4,0
base,steadfastPlateau,smarter,246,won,46,46,,0,0,0,archmage:conquered:22 orc:conquered:30 goblin:conquered:38 dwarf:abdicated:46,4,15,14,0,2,0,68,3,17839.6,16316.2,15969.3,0.876,3,1,0,4,0
base,steadfastPlateau,smarter,247,won,50,50,,0,0,0,archmage:conquered:26 goblin:conquered:34 orc:conquered:42 dwarf:allied:50,1,21,18,0,2,0,76,7,18705.7,17121.3,16741.3,0.894,4,2,0,2,0
base,steadfastPlateau,smarter,248,won,49,49,,0,0,0,dwarf:allied:25 archmage:conquered:33 orc:conquered:41 goblin:conquered:49,2,18,16,0,2,0,74,5,19281.5,17599.4,16741.3,0.889,2,1,0,4,0
base,steadfastPlateau,smarter,249,won,46,46,,0,0,0,goblin:conquered:22 archmage:conquered:30 orc:conquered:38 dwarf:conquered:46,2,19,17,0,2,0,74,5,17739,16215.6,15969.3,0.879,3,3,0,3,0
base,steadfastPlateau,smarter,250,won,46,46,,0,0,0,archmage:conquered:22 dwarf:allied:30 goblin:conquered:38 orc:conquered:46,1,19,17,0,2,0,74,3,17986,16443.3,15969.3,0.899,3,1,0,2,0
base,steadfastPlateau,smarter,251,won,59,59,,0,0,0,dwarf:allied:35 goblin:conquered:43 archmage:conquered:51 orc:conquered:59,1,19,16,0,3,1,75,4,18002.4,16747.1,16741.3,0.879,5,3,0,3,0
base,steadfastPlateau,smarter,252,won,48,48,,0,0,0,dwarf:allied:24 archmage:conquered:32 goblin:conquered:40 orc:allied:48,2,19,18,0,2,0,70,2,18446.1,16852.1,16741.3,0.877,3,1,0,4,0
base,steadfastPlateau,smarter,253,won,47,47,,0,0,0,dwarf:allied:23 orc:allied:31 archmage:conquered:39 goblin:conquered:47,2,17,16,0,2,0,69,2,18885,17236,16355.3,0.904,4,2,0,5,0
base,steadfastPlateau,smarter,254,won,47,47,,0,0,0,archmage:conquered:23 dwarf:allied:31 orc:conquered:39 goblin:conquered:47,2,20,18,0,2,0,77,6,18083.4,16510.3,16355.3,0.879,3,8,0,4,0
base,steadfastPlateau,smarter,255,won,54,54,,0,0,0,dwarf:allied:30 orc:conquered:38 archmage:conquered:46 goblin:conquered:54,1,19,16,0,2,0,68,3,17919.4,16557.4,16741.3,0.901,5,1,0,3,0
base,steadfastPlateau,smarter,256,won,54,54,,0,0,0,dwarf:allied:30 archmage:conquered:38 orc:conquered:46 goblin:conquered:54,3,21,19,0,3,1,74,2,18073.7,16708.8,16741.3,0.886,4,2,0,5,0
base,steadfastPlateau,smarter,257,active,71,,,0,0,0,,8,10,0,1,2,0,27,3,14724.2,14377.6,16741.3,0.864,3,1,0,0,0
base,steadfastPlateau,smarter,258,won,47,47,,0,0,0,archmage:conquered:23 orc:allied:31 goblin:conquered:39 dwarf:conquered:47,2,18,17,0,2,0,67,1,18308.8,16724.3,16355.3,0.883,3,2,0,3,0
base,steadfastPlateau,smarter,259,won,50,50,,0,0,0,goblin:conquered:26 orc:allied:34 archmage:conquered:42 dwarf:conquered:50,1,21,20,0,4,2,72,6,17226.6,15857.3,16741.3,0.843,3,2,0,5,0
base,steadfastPlateau,smarter,260,won,45,45,,0,0,0,archmage:conquered:21 dwarf:allied:29 goblin:conquered:37 orc:conquered:45,2,18,16,0,3,1,73,4,18744.2,17124,15583.3,0.941,5,2,0,4,0
base,steadfastPlateau,smarter,261,won,49,49,,0,0,0,archmage:conquered:25 dwarf:allied:33 orc:conquered:41 goblin:conquered:49,2,22,20,0,3,1,73,5,19740.1,18079.7,16741.3,0.914,6,2,0,4,0
base,steadfastPlateau,smarter,262,won,58,58,,0,0,0,archmage:conquered:34 dwarf:allied:42 orc:conquered:50 goblin:conquered:58,1,21,18,0,2,0,78,5,16955.5,15862,16741.3,0.874,2,1,0,5,0
base,steadfastPlateau,smarter,263,won,49,49,,0,0,0,dwarf:allied:25 archmage:conquered:33 orc:conquered:41 goblin:conquered:49,2,19,18,0,2,0,68,2,19066.6,17417.8,16741.3,0.889,3,1,0,3,0
base,steadfastPlateau,smarter,264,active,71,,,0,0,0,,9,9,1,3,3,1,39,3,16271.4,15723,16741.3,0.861,2,4,3,41,0
base,steadfastPlateau,smarter,265,won,49,49,,0,0,0,archmage:conquered:25 dwarf:allied:33 goblin:conquered:41 orc:conquered:49,2,19,17,0,3,1,70,5,19011.2,17456.3,16741.3,0.885,4,2,0,4,0
base,steadfastPlateau,smarter,266,won,59,59,,0,0,0,goblin:conquered:35 dwarf:allied:43 archmage:conquered:51 orc:conquered:59,1,21,17,0,2,0,82,3,17041.6,15917.7,16741.3,0.878,2,6,0,7,0
base,steadfastPlateau,smarter,267,won,49,49,,0,0,0,dwarf:allied:25 goblin:allied:33 archmage:conquered:41 orc:conquered:49,2,22,20,0,2,0,77,5,18117.1,16562,16741.3,0.846,2,1,0,6,0
base,steadfastPlateau,smarter,268,won,57,57,,0,0,0,dwarf:allied:33 archmage:conquered:41 goblin:conquered:49 orc:conquered:57,1,23,20,0,3,1,86,10,17829.2,16547.9,16741.3,0.842,4,2,0,6,0
base,steadfastPlateau,smarter,269,won,48,48,,0,0,0,archmage:conquered:24 dwarf:allied:32 goblin:conquered:40 orc:conquered:48,2,21,18,0,2,0,76,7,17781.5,16260.6,16741.3,0.852,2,2,0,4,0
base,steadfastPlateau,smarter,270,won,46,46,,0,0,0,archmage:conquered:22 dwarf:allied:30 goblin:conquered:38 orc:conquered:46,2,22,21,0,2,0,70,2,18909.4,17269.7,15969.3,0.93,5,2,0,4,0
base,steadfastPlateau,smarter,271,won,48,48,,0,0,0,goblin:conquered:24 archmage:conquered:32 orc:conquered:40 dwarf:allied:48,1,15,13,0,2,0,71,3,18122.6,16558.6,16741.3,0.851,2,1,0,5,0
base,steadfastPlateau,smarter,272,won,47,47,,0,0,0,archmage:conquered:23 dwarf:allied:31 orc:conquered:39 goblin:conquered:47,2,17,15,0,2,0,72,3,17996.4,16452.6,16355.3,0.888,2,2,0,3,0
base,steadfastPlateau,smarter,273,won,48,48,,0,0,0,archmage:conquered:24 goblin:conquered:32 orc:conquered:40 dwarf:allied:48,2,19,18,0,2,0,74,9,18166.5,16581.4,16741.3,0.848,2,1,0,6,0
base,steadfastPlateau,smarter,274,won,59,59,,0,0,0,dwarf:allied:35 goblin:allied:43 archmage:conquered:51 orc:conquered:59,1,24,20,0,2,0,78,3,17951.1,16737.2,16741.3,0.902,5,2,0,8,0
base,steadfastPlateau,smarter,275,won,48,48,,0,0,0,dwarf:allied:24 archmage:conquered:32 goblin:conquered:40 orc:conquered:48,2,16,15,0,2,0,65,1,19339.3,17636.1,16741.3,0.905,5,2,0,4,0
base,steadfastPlateau,smarter,276,won,47,47,,0,0,0,archmage:conquered:23 orc:allied:31 goblin:conquered:39 dwarf:conquered:47,2,20,18,0,2,0,72,3,17310.7,15831.1,16355.3,0.862,2,1,0,3,0
base,steadfastPlateau,smarter,277,won,53,53,,0,0,0,orc:allied:29 archmage:conquered:37 goblin:conquered:45 dwarf:conquered:53,2,15,13,0,2,0,72,1,18526.9,17108.5,16741.3,0.904,3,1,0,5,0
base,steadfastPlateau,smarter,278,won,47,47,,0,0,0,orc:allied:23 dwarf:allied:31 archmage:conquered:39 goblin:conquered:47,2,14,12,0,3,1,73,5,19096.3,17423.3,16355.3,0.922,5,2,0,3,0
base,steadfastPlateau,smarter,279,won,46,46,,0,0,0,archmage:conquered:22 orc:conquered:30 goblin:conquered:38 dwarf:conquered:46,2,21,19,0,2,0,68,1,18448.9,16848.3,15969.3,0.903,4,1,0,4,0
base,steadfastPlateau,smarter,280,won,48,48,,0,0,0,orc:conquered:24 goblin:conquered:32 archmage:conquered:40 dwarf:conquered:48,1,18,16,0,3,1,72,7,18357.4,16854.6,16741.3,0.873,5,2,0,5,0
base,steadfastPlateau,smarter,281,won,52,52,,0,0,0,dwarf:allied:28 goblin:conquered:36 archmage:conquered:44 orc:allied:52,2,17,15,0,2,0,65,1,18588.9,17066.4,16741.3,0.878,3,1,0,6,0
base,steadfastPlateau,smarter,282,won,47,47,,0,0,0,archmage:conquered:23 orc:allied:31 goblin:conquered:39 dwarf:conquered:47,2,16,14,0,2,0,76,6,19124.4,17445.9,16355.3,0.904,4,1,0,2,0
base,steadfastPlateau,smarter,283,won,53,53,,0,0,0,dwarf:allied:29 archmage:conquered:37 orc:conquered:45 goblin:allied:53,3,16,13,0,2,0,84,9,17885.4,16496.2,16741.3,0.872,2,2,0,4,0
base,steadfastPlateau,smarter,284,won,53,53,,0,0,0,dwarf:allied:29 archmage:conquered:37 goblin:conquered:45 orc:allied:53,3,19,17,0,2,0,80,5,18057.2,16697.3,16741.3,0.887,3,1,0,4,0
base,steadfastPlateau,smarter,285,won,55,55,,0,0,0,archmage:conquered:31 dwarf:allied:39 orc:allied:47 goblin:conquered:55,1,23,21,0,4,2,78,9,17424,16141.2,16741.3,0.853,2,2,0,7,0
base,steadfastPlateau,smarter,286,won,46,46,,0,0,0,archmage:conquered:22 orc:allied:30 dwarf:allied:38 goblin:conquered:46,2,18,16,0,2,0,72,2,18070.7,16508.4,15969.3,0.899,4,2,0,4,0
base,steadfastPlateau,smarter,287,won,52,52,,0,0,0,dwarf:allied:28 goblin:conquered:36 orc:allied:44 archmage:conquered:52,2,19,17,0,2,0,72,5,18035.9,16621,16741.3,0.877,3,2,0,4,0
base,steadfastPlateau,smarter,288,won,50,50,,0,0,0,archmage:conquered:26 dwarf:allied:34 goblin:conquered:42 orc:conquered:50,1,19,17,0,3,1,69,3,18411.4,16912.5,16741.3,0.864,2,2,0,4,0
base,steadfastPlateau,smarter,289,won,49,49,,0,0,0,archmage:conquered:25 dwarf:allied:33 orc:allied:41 goblin:conquered:49,1,18,16,0,4,2,74,8,18556.4,17033.9,16741.3,0.88,3,2,0,4,0
base,steadfastPlateau,smarter,290,won,47,47,,0,0,0,dwarf:allied:23 archmage:abdicated:31 goblin:conquered:39 orc:conquered:47,2,17,16,0,2,0,70,5,17340,15870.6,16355.3,0.859,3,2,0,6,0
base,steadfastPlateau,smarter,291,won,48,48,,0,0,0,goblin:conquered:24 orc:allied:32 archmage:conquered:40 dwarf:conquered:48,2,21,19,0,3,1,72,5,18689.9,17088,16741.3,0.889,3,1,0,5,0
base,steadfastPlateau,smarter,292,won,47,47,,0,0,0,archmage:conquered:23 orc:allied:31 goblin:conquered:39 dwarf:conquered:47,2,21,19,0,2,0,71,4,18150.5,16596.9,16355.3,0.891,4,1,0,4,0
base,steadfastPlateau,smarter,293,won,46,46,,0,0,0,goblin:conquered:22 archmage:conquered:30 orc:allied:38 dwarf:conquered:46,2,17,15,0,2,0,80,9,17521.7,16018.3,15969.3,0.879,4,1,0,3,0
base,steadfastPlateau,smarter,294,won,46,46,,0,0,0,archmage:conquered:22 goblin:conquered:30 orc:conquered:38 dwarf:conquered:46,2,15,14,0,2,0,67,1,19103,17424.2,15969.3,0.923,6,1,0,3,0
base,steadfastPlateau,smarter,295,won,47,47,,0,0,0,goblin:conquered:23 dwarf:allied:31 orc:allied:39 archmage:conquered:47,2,20,18,0,2,0,69,3,18272.8,16683.2,16355.3,0.893,3,1,0,2,0
base,steadfastPlateau,smarter,296,won,48,48,,0,0,0,archmage:conquered:24 orc:allied:32 dwarf:allied:40 goblin:conquered:48,1,20,18,0,2,0,70,1,18205,16646.1,16741.3,0.875,4,5,0,3,0
base,steadfastPlateau,smarter,297,won,45,45,,0,0,0,goblin:conquered:21 dwarf:allied:29 archmage:conquered:37 orc:conquered:45,3,18,18,0,2,0,70,1,19238.9,17493,15583.3,0.941,6,1,0,3,0
base,steadfastPlateau,smarter,298,won,48,48,,0,0,0,archmage:conquered:24 dwarf:allied:32 goblin:conquered:40 orc:conquered:48,1,20,18,0,2,0,78,5,20045.3,18367.4,16741.3,0.932,5,1,0,3,0
base,steadfastPlateau,smarter,299,won,45,45,,0,0,0,archmage:conquered:21 dwarf:allied:29 orc:allied:37 goblin:conquered:45,2,16,15,0,2,0,69,4,17195.8,15712.9,15583.3,0.889,4,2,0,4,0
base,steadfastPlateau,smarter,300,won,56,56,,0,0,0,dwarf:allied:32 goblin:conquered:40 archmage:conquered:48 orc:conquered:56,1,19,16,0,2,0,75,1,17464.5,16201.9,16741.3,0.882,5,1,0,8,0
base,wavering,greedy,1,fallen,41,,42,1,0,1,,0,7,0,1,2,0,2,0,8125.4,7965.9,14039.3,0.646,2,12,4,0,0
base,wavering,greedy,2,fallen,41,,42,1,0,1,,0,7,0,0,2,0,2,0,7780.2,7627.5,14039.3,0.605,2,15,4,0,0
base,wavering,greedy,3,active,71,,,0,0,0,,2,13,0,5,3,1,48,5,10636.2,10416.6,16741.3,0.718,4,1,1,3,0
base,wavering,greedy,4,fallen,41,,42,1,0,1,,0,7,0,1,2,0,2,0,8062.8,7904.7,14039.3,0.646,2,1,4,0,0
base,wavering,greedy,5,fallen,41,,42,1,0,1,,0,7,0,1,2,0,2,0,8229.3,8068,14039.3,0.66,2,1,4,0,0
base,wavering,greedy,6,fallen,41,,42,1,0,1,,0,7,0,0,3,1,3,1,8097.7,7939,14039.3,0.641,2,2,4,0,0
base,wavering,greedy,7,active,71,,,1,1,0,,3,13,1,3,4,2,52,13,11220.7,10895.6,16741.3,0.688,4,2,4,35,0
base,wavering,greedy,8,fallen,43,,44,1,0,1,,0,7,0,1,6,4,6,4,8865.8,8691.8,14811.3,0.663,2,1,4,0,0
base,wavering,greedy,9,fallen,41,,42,1,0,1,,0,7,0,0,3,1,3,1,7827.8,7674.1,14039.3,0.61,2,2,4,0,0
base,wavering,greedy,10,fallen,44,,45,1,0,1,,0,7,0,0,5,3,5,3,9412.2,9227.8,15197.3,0.689,3,2,4,0,0
base,wavering,greedy,11,fallen,41,,42,1,0,1,,0,7,0,0,3,1,26,9,8238.2,8049,14039.3,0.654,2,3,4,3,0
base,wavering,greedy,12,fallen,41,,42,1,0,1,,0,7,0,1,3,1,12,2,8996.4,8773.9,14039.3,0.702,2,2,4,0,0
base,wavering,greedy,13,fallen,55,,56,1,0,1,,0,9,0,1,3,1,11,1,10552.7,10345.9,16741.3,0.705,3,11,4,0,0
base,wavering,greedy,14,active,71,,,1,1,0,goblin:conquered:43,1,14,9,0,2,0,91,3,10406.8,9927.3,16741.3,0.637,4,1,6,33,0
base,wavering,greedy,15,active,71,,,1,1,0,,1,13,2,5,3,1,31,5,9783.1,9591.1,16741.3,0.666,4,2,4,0,0
base,wavering,greedy,16,fallen,41,,42,1,0,1,,0,7,0,2,2,0,2,0,8436.9,8271.6,14039.3,0.671,2,2,4,0,0
base,wavering,greedy,17,fallen,41,,42,1,0,1,,0,7,0,0,6,4,6,4,8079.7,7921.2,14039.3,0.654,2,2,4,0,0
base,wavering,greedy,18,active,71,,,1,1,0,,1,12,1,1,2,0,19,3,10155.2,9949.9,16741.3,0.67,4,2,4,0,0
base,wavering,greedy,19,fallen,41,,42,1,0,1,,0,7,0,0,3,1,3,1,8315.5,8152.5,14039.3,0.647,2,3,4,0,0
base,wavering,greedy,20,fallen,41,,42,1,0,1,,0,7,0,0,5,3,5,3,8041.3,7883.7,14039.3,0.634,2,2,4,0,0
base,wavering,greedy,21,active,71,,,1,1,0,,0,11,1,2,2,0,26,5,9583.2,9395.5,16741.3,0.659,4,1,4,0,0
base,wavering,greedy,22,active,71,,,1,1,0,,1,12,1,3,3,1,36,6,9936,9729.8,16741.3,0.666,4,2,4,0,0
base,wavering,greedy,23,active,71,,,1,1,0,,2,12,1,1,2,0,36,5,10367.4,10151.9,16741.3,0.678,4,2,4,0,0
base,wavering,greedy,24,fallen,41,,42,1,0,1,,0,7,0,0,3,1,3,1,8258.8,8097.3,14039.3,0.654,2,2,4,0,0
base,wavering,greedy,25,fallen,41,,42,1,0,1,,0,7,0,0,2,0,2,0,8361.9,8198,14039.3,0.652,2,3,4,0,0
base,wavering,greedy,26,fallen,41,,42,1,0,1,,0,7,0,0,3,1,3,1,8085.4,7926.9,14039.3,0.618,2,6,4,0,0
base,wavering,greedy,27,fallen,57,,58,1,0,1,,0,9,0,1,4,2,12,2,9915.8,9721.6,16741.3,0.675,3,1,4,0,0
base,wavering,greedy,28,fallen,41,,42,1,0,1,,0,7,0,2,4,2,17,7,8066.5,7890.5,14039.3,0.651,2,2,4,0,0
base,wavering,greedy,29,fallen,41,,42,1,0,1,,0,7,0,1,3,1,20,5,8935.4,8703.7,14039.3,0.668,2,1,4,0,0
base,wavering,greedy,30,active,71,,,1,1,0,,1,12,1,2,3,1,31,4,10037.1,9840.2,16741.3,0.69,4,2,4,1,0
base,wavering,greedy,31,fallen,41,,42,1,0,1,,0,7,0,0,2,0,27,9,8598.5,8386.8,14039.3,0.671,2,2,4,2,0
base,wavering,greedy,32,fallen,41,,42,1,0,1,,0,7,1,1,2,0,35,8,8022.3,7815.5,14039.3,0.64,2,1,5,6,0
base,wavering,greedy,33,fallen,41,,42,1,0,1,,0,7,0,1,2,0,2,0,8359.7,8196,14039.3,0.672,2,2,4,0,0
base,wavering,greedy,34,fallen,57,,58,1,0,1,,0,9,0,1,3,1,15,3,10554.2,10347.1,16741.3,0.674,3,10,4,0,0
base,wavering,greedy,35,fallen,41,,42,1,0,1,,0,7,0,2,5,3,5,3,8554.5,8386.6,14039.3,0.682,2,21,4,0,0
base,wavering,greedy,36,active,71,,,1,1,0,,2,13,1,2,3,1,60,10,11316.9,10960.6,16741.3,0.708,4,1,4,38,0
base,wavering,greedy,37,fallen,41,,42,1,0,1,,0,7,0,0,4,2,4,2,8056.3,7898.2,14039.3,0.646,2,2,4,0,0
base,wavering,greedy,38,fallen,41,,42,1,0,1,,0,7,0,0,4,2,4,2,7517.2,7370,14039.3,0.598,2,7,4,0,0
base,wavering,greedy,39,fallen,41,,42,1,0,1,,0,7,0,0,2,0,30,9,8724.4,8486.8,14039.3,0.659,2,2,4,7,0
base,wavering,greedy,40,active,71,,,1,1,0,,1,11,1,1,3,1,26,2,9626.6,9432.7,16741.3,0.648,4,5,4,0,0
base,wavering,greedy,41,active,71,,,1,1,0,,1,13,2,1,2,0,24,2,9855.9,9662.5,16741.3,0.669,4,1,4,0,0
base,wavering,greedy,42,fallen,41,,42,1,0,1,,0,7,0,0,5,3,24,8,8710.8,8466.1,14039.3,0.653,2,1,4,8,0
base,wavering,greedy,43,active,71,,,0,0,0,,2,11,0,2,6,4,22,5,10308.7,10106.5,16741.3,0.675,4,4,0,0,0
base,wavering,greedy,44,fallen,51,,52,1,0,1,,0,8,0,1,5,3,17,3,9595.4,9395.8,16741.3,0.65,3,2,4,0,0
base,wavering,greedy,45,fallen,41,,42,1,0,1,,0,7,0,0,5,3,5,3,7949.9,7794.3,14039.3,0.633,2,4,4,0,0
base,wavering,greedy,46,fallen,45,,46,1,0,1,,0,8,0,1,2,0,2,0,9092.2,8914.1,15583.3,0.66,2,3,4,0,0
base,wavering,greedy,47,fallen,47,,48,1,0,1,,0,8,0,0,4,2,12,2,9663.6,9461.9,16355.3,0.659,3,9,4,0,0
base,wavering,greedy,48,fallen,53,,54,1,0,1,,0,9,0,1,4,2,14,3,9587.6,9399.6,16741.3,0.632,3,2,4,0,0
base,wavering,greedy,49,active,71,,,1,0,0,,3,13,0,1,4,2,30,7,10333.3,10124.3,16741.3,0.681,4,2,4,0,0
base,wavering,greedy,50,active,71,,,0,0,0,,4,13,1,0,3,1,30,5,10411.5,10207.3,16741.3,0.688,4,2,0,0,0
base,wavering,greedy,51,fallen,41,,42,1,0,1,,0,7,0,2,3,1,3,1,7994.7,7837.8,14039.3,0.642,2,2,4,0,0
base,wavering,greedy,52,fallen,41,,42,1,0,1,,0,7,0,2,2,0,15,3,8145.7,7934.8,14039.3,0.641,2,2,4,0,0
base,wavering,greedy,53,fallen,41,,42,1,0,1,,0,7,0,1,3,1,3,1,7817.5,7664.4,14039.3,0.628,2,10,4,0,0
base,wavering,greedy,54,fallen,41,,42,1,0,1,,0,7,0,0,2,0,2,0,8150.3,7990.2,14039.3,0.661,2,2,4,0,0
base,wavering,greedy,55,active,71,,,1,1,0,,1,12,2,2,2,0,31,10,10698.2,10426,16741.3,0.677,4,1,4,0,0
base,wavering,greedy,56,fallen,41,,42,1,0,1,,0,7,0,1,3,1,3,1,8269.2,8107.1,14039.3,0.665,2,1,4,0,0
base,wavering,greedy,57,fallen,41,,42,1,0,1,,0,7,0,0,3,1,3,1,8515.2,8348.3,14039.3,0.674,2,4,4,0,0
base,wavering,greedy,58,active,71,,,2,1,0,goblin:conquered:45 archmage:conquered:56 orc:conquered:64,2,28,23,0,2,0,100,17,10885.7,10451.1,16741.3,0.665,4,3,6,12,0
base,wavering,greedy,59,fallen,41,,42,1,0,1,,0,7,0,1,3,1,3,1,8172.7,8012.7,14039.3,0.647,2,2,4,0,0
base,wavering,greedy,60,fallen,41,,42,1,0,1,,0,7,0,1,2,0,2,0,8535.9,8368.3,14039.3,0.656,2,22,4,0,0
base,wavering,greedy,61,fallen,42,,43,1,0,1,,0,7,0,2,3,1,19,6,8957.1,8733.8,14425.3,0.661,2,2,4,0,0
base,wavering,greedy,62,fallen,45,,46,1,0,1,,0,7,0,1,3,1,15,4,9486.8,9262.4,15583.3,0.674,2,2,4,0,0
base,wavering,greedy,63,fallen,41,,42,1,0,1,,0,7,0,0,3,1,3,1,8203.8,8042.8,14039.3,0.655,2,1,4,0,0
base,wavering,greedy,64,fallen,41,,42,1,0,1,,0,7,0,0,3,1,3,1,8239,8077.2,14039.3,0.651,2,19,4,0,0
base,wavering,greedy,65,fallen,41,,42,1,0,1,,0,7,0,0,2,0,21,3,8357,8146.8,14039.3,0.655,2,1,4,6,0
base,wavering,greedy,66,fallen,41,,42,1,0,1,,0,7,0,0,4,2,4,2,8182.7,8022.4,14039.3,0.653,2,3,4,0,0
base,wavering,greedy,67,fallen,52,,53,1,0,1,,0,8,0,2,3,1,17,2,9750.2,9548.1,16741.3,0.654,3,2,4,0,0
base,wavering,greedy,68,active,71,,,0,0,0,,2,12,0,1,3,1,27,2,10357.9,10144.5,16741.3,0.693,4,1,0,0,0
base,wavering,greedy,69,fallen,41,,42,1,0,1,,0,7,0,0,4,2,27,8,8794,8574.8,14039.3,0.672,2,1,4,3,0
base,wavering,greedy,70,fallen,41,,42,1,0,1,,0,7,0,2,2,0,2,0,8383.9,8219.3,14039.3,0.673,2,19,4,0,0
base,wavering,greedy,71,active,71,,,1,1,0,,1,12,1,0,4,2,29,3,10037.6,9831.8,16741.3,0.69,4,2,4,0,0
base,wavering,greedy,72,active,71,,,0,0,0,,2,12,0,2,3,1,55,8,10148.3,9931.7,16741.3,0.673,4,2,0,5,0
base,wavering,greedy,73,active,71,,,0,0,0,,2,12,0,3,2,0,22,1,10331.3,10128.9,16741.3,0.698,4,1,0,0,0
base,wavering,greedy,74,active,71,,,1,1,0,,2,11,1,0,2,0,28,1,10115.6,9912,16741.3,0.684,4,2,4,4,0
base,wavering,greedy,75,fallen,41,,42,1,0,1,,0,7,0,1,3,1,3,1,7847.4,7693.2,14039.3,0.615,2,2,4,0,0
base,wavering,greedy,76,fallen,41,,42,1,0,1,,0,7,0,1,4,2,4,2,8921.9,8747.4,14039.3,0.683,2,3,4,0,0
base,wavering,greedy,77,fallen,44,,45,1,0,1,,0,7,0,2,5,3,5,3,8718.8,8548,15197.3,0.64,2,2,4,0,0
base,wavering,greedy,78,active,71,,,0,0,0,,2,12,0,3,6,4,52,11,10359.4,10155.2,16741.3,0.702,4,4,2,20,0
base,wavering,greedy,79,fallen,41,,42,1,0,1,,0,7,0,0,2,0,21,4,8892.1,8669.1,14039.3,0.69,2,1,4,4,0
base,wavering,greedy,80,active,71,,,1,1,0,,2,12,1,3,2,0,29,4,10051.3,9845.3,16741.3,0.698,4,15,4,0,0
base,wavering,greedy,81,active,71,,,1,1,0,,1,12,1,5,3,1,25,5,9823,9630.5,16741.3,0.663,4,2,4,0,0
base,wavering,greedy,82,fallen,41,,42,1,0,1,,0,7,0,0,5,3,5,3,8291.9,8129.3,14039.3,0.647,2,21,4,0,0
base,wavering,greedy,83,active,71,,,1,1,0,,2,12,1,4,2,0,33,4,10052.4,9853.6,16741.3,0.659,4,2,4,0,0
base,wavering,greedy,84,fallen,41,,42,1,0,1,,0,7,0,0,3,1,3,1,7950,7794.3,14039.3,0.631,2,1,4,0,0
base,wavering,greedy,85,fallen,41,,42,1,0,1,,0,7,0,0,3,1,3,1,8203.2,8042.5,14039.3,0.668,2,2,4,0,0
base,wavering,greedy,86,fallen,41,,42,1,0,1,,0,7,0,0,2,0,2,0,8756.8,8584.9,14039.3,0.687,2,4,4,0,0
base,wavering,greedy,87,active,71,,,2,2,0,,0,12,3,1,3,1,25,2,9963.9,9757.2,16741.3,0.652,4,2,4,0,0
base,wavering,greedy,88,active,71,,,1,1,0,,1,13,1,3,4,2,63,10,9868.6,9608,16741.3,0.651,4,1,4,30,0
base,wavering,greedy,89,fallen,65,,66,2,1,1,,1,12,1,1,2,0,25,2,9722.3,9527.1,16741.3,0.657,4,3,4,0,0
base,wavering,greedy,90,fallen,41,,42,1,0,1,,0,7,0,0,3,1,3,1,8119.6,7960.7,14039.3,0.643,2,2,4,0,0
base,wavering,greedy,91,fallen,41,,42,1,0,1,,0,7,0,0,3,1,3,1,8321,8157.9,14039.3,0.658,2,1,4,0,0
base,wavering,greedy,92,fallen,41,,42,1,0,1,,0,7,0,1,3,1,3,1,8315.3,8152.1,14039.3,0.646,2,3,4,0,0
base,wavering,greedy,93,active,71,,,1,1,0,,0,12,1,1,4,2,29,7,9960.4,9764.9,16741.3,0.653,4,1,4,0,0
base,wavering,greedy,94,active,71,,,1,1,0,,2,12,1,4,5,3,43,10,9916.4,9717,16741.3,0.657,4,4,4,0,0
base,wavering,greedy,95,fallen,41,,42,1,0,1,,0,7,0,1,3,1,3,1,8437.3,8271.9,14039.3,0.654,2,2,4,0,0
base,wavering,greedy,96,fallen,46,,47,1,0,1,,0,8,0,1,4,2,4,2,9554.7,9367.3,15969.3,0.661,3,1,4,0,0
base,wavering,greedy,97,fallen,41,,42,1,0,1,,0,7,0,1,2,0,2,0,8048.1,7890.5,14039.3,0.638,2,1,4,0,0
base,wavering,greedy,98,fallen,41,,42,1,0,1,,0,7,0,0,3,1,3,1,8130.3,7970.7,14039.3,0.627,2,7,4,0,0
base,wavering,greedy,99,fallen,41,,42,1,0,1,,0,7,0,0,2,0,2,0,8406.1,8241.1,14039.3,0.657,2,8,4,0,0
base,wavering,greedy,100,fallen,41,,42,1,0,1,,0,7,0,4,4,2,4,2,7869.5,7715.1,14039.3,0.596,2,5,4,0,0
base,wavering,greedy,101,active,71,,,1,1,0,,1,12,2,2,2,0,33,6,9827.2,9622.1,16741.3,0.664,4,1,4,0,0
base,wavering,greedy,102,active,71,,,2,1,0,goblin:conquered:44 archmage:conquered:52,1,23,17,1,2,0,74,11,10199.9,9797.2,16741.3,0.677,4,1,6,31,0
base,wavering,greedy,103,fallen,41,,42,1,0,1,,0,7,0,2,3,1,3,1,7929.4,7773.9,14039.3,0.633,2,2,4,0,0
base,wavering,greedy,104,active,71,,,0,0,0,,2,12,1,5,3,1,46,11,10074.4,9876.7,16741.3,0.681,4,3,2,1,0
base,wavering,greedy,105,fallen,41,,42,1,0,1,,0,7,0,1,5,3,5,3,8120.7,7961.4,14039.3,0.644,2,7,4,0,0
base,wavering,greedy,106,active,71,,,1,1,0,,1,11,1,3,2,0,24,1,9751.1,9560,16741.3,0.646,4,3,4,0,0
base,wavering,greedy,107,active,71,,,0,0,0,,2,12,0,1,2,0,31,3,10121.2,9922.9,16741.3,0.687,4,2,0,0,0
base,wavering,greedy,108,fallen,52,,53,1,0,1,,0,8,0,0,2,0,19,4,9664.5,9419.4,16741.3,0.643,3,2,4,0,0
base,wavering,greedy,109,fallen,41,,42,1,0,1,,0,7,0,0,3,1,3,1,7708.5,7557,14039.3,0.6,2,10,4,0,0
base,wavering,greedy,110,fallen,43,,44,1,0,1,,0,7,0,1,3,1,3,1,8506.1,8339.4,14811.3,0.646,2,2,4,0,0
base,wavering,greedy,111,fallen,41,,42,1,0,1,,0,7,0,0,6,4,6,4,7720.8,7569.6,14039.3,0.614,2,2,4,0,0
base,wavering,greedy,112,fallen,41,,42,1,0,1,,0,7,0,0,3,1,15,3,8969.8,8751.3,14039.3,0.698,2,2,4,0,0
base,wavering,greedy,113,fallen,41,,42,1,0,1,,0,7,0,0,2,0,18,3,7996.7,7793,14039.3,0.614,2,2,4,6,0
base,wavering,greedy,114,fallen,41,,42,1,0,1,,0,7,0,1,4,2,4,2,8127.1,7967.9,14039.3,0.635,2,,4,0,0
base,wavering,greedy,115,active,71,,,1,1,0,,1,12,1,2,2,0,20,4,10700.5,10422.6,16741.3,0.68,4,1,4,0,0
base,wavering,greedy,116,fallen,41,,42,1,0,1,,0,7,0,0,3,1,3,1,8232.1,8070.4,14039.3,0.636,2,3,4,0,0
base,wavering,greedy,117,active,71,,,0,0,0,,2,12,0,4,3,1,53,13,10671.1,10455.4,16741.3,0.7,4,2,2,0,0
base,wavering,greedy,118,fallen,41,,42,1,0,1,,0,7,0,0,4,2,4,2,8549.4,8381.7,14039.3,0.671,2,2,4,0,0
base,wavering,greedy,119,fallen,41,,42,1,0,1,,0,7,0,0,4,2,4,2,8585.7,8417.4,14039.3,0.67,2,2,4,0,0
base,wavering,greedy,120,fallen,41,,42,1,0,1,,0,7,0,0,3,1,3,1,8216.7,8055.5,14039.3,0.664,2,1,4,0,0
base,wavering,greedy,121,active,71,,,1,1,0,,0,13,1,2,4,2,30,6,9932.4,9737.8,16741.3,0.663,4,3,4,1,0
base,wavering,greedy,122,fallen,41,,42,1,0,1,,0,7,0,0,3,1,3,1,8420.1,8255.3,14039.3,0.668,2,2,4,0,0
base,wavering,greedy,123,fallen,41,,42,1,0,1,,0,7,0,0,5,3,5,3,7949.3,7793.4,14039.3,0.63,2,5,4,0,0
base,wavering,greedy,124,fallen,41,,42,1,0,1,,0,7,0,1,3,1,3,1,8184.3,8023.7,14039.3,0.657,2,2,4,0,0
base,wavering,greedy,125,fallen,41,,42,1,0,1,,0,7,0,0,2,0,18,1,8844.7,8633.7,14039.3,0.694,2,1,4,4,0
base,wavering,greedy,126,fallen,41,,42,1,0,1,,0,7,0,0,2,0,2,0,7715.7,7564.5,14039.3,0.627,2,1,4,0,0
base,wavering,greedy,127,active,71,,,1,1,0,,2,12,1,0,5,3,24,5,10411.8,10205.5,16741.3,0.674,4,1,4,0,0
base,wavering,greedy,128,active,71,,,1,1,0,,1,12,1,2,4,2,31,3,10415.5,10188.7,16741.3,0.682,4,3,4,3,0
base,wavering,greedy,129,fallen,56,,57,1,0,1,,0,9,0,2,4,2,20,5,10113.1,9914.7,16741.3,0.686,3,2,4,0,0
base,wavering,greedy,130,fallen,52,,53,1,0,1,,0,8,0,2,3,1,17,3,9755.1,9559.1,16741.3,0.659,3,2,4,0,0
base,wavering,greedy,131,active,71,,,0,0,0,,3,13,1,2,3,1,37,8,10161.8,9962.6,16741.3,0.671,4,2,0,0,0
base,wavering,greedy,132,active,71,,,1,1,0,,0,11,1,4,6,4,31,10,10059.3,9861.9,16741.3,0.675,4,2,4,2,0
base,wavering,greedy,133,active,71,,,0,0,0,,2,12,0,0,5,3,26,5,10115.9,9912.3,16741.3,0.674,4,2,0,0,0
base,wavering,greedy,134,fallen,41,,42,1,0,1,,0,7,0,1,3,1,3,1,8737.1,8565.8,14039.3,0.669,2,2,4,0,0
base,wavering,greedy,135,active,71,,,2,2,0,,0,12,3,4,2,0,24,1,9630,9436.1,16741.3,0.65,4,2,4,0,0
base,wavering,greedy,136,fallen,51,,52,1,0,1,,0,8,0,1,5,3,15,4,9684.8,9487.6,16741.3,0.634,3,11,4,0,0
base,wavering,greedy,137,fallen,41,,42,1,0,1,,0,7,0,0,2,0,2,0,8494.2,8327.8,14039.3,0.665,2,1,4,0,0
base,wavering,greedy,138,fallen,41,,42,1,0,1,,0,7,0,0,2,0,16,2,8520.2,8313.7,14039.3,0.654,2,1,4,0,0
base,wavering,greedy,139,active,71,,,0,0,0,,2,12,0,4,3,1,40,2,10642.9,10434.2,16741.3,0.705,4,3,3,18,0
base,wavering,greedy,140,active,71,,,1,1,0,,1,12,1,4,4,2,30,4,10187.4,9987.7,16741.3,0.666,4,3,4,0,0
base,wavering,greedy,141,active,71,,,0,0,0,,2,12,0,1,2,0,46,9,10860.3,10647.2,16741.3,0.704,4,3,1,0,0
base,wavering,greedy,142,fallen,41,,42,1,0,1,,0,7,0,0,3,1,3,1,7964,7807.9,14039.3,0.626,2,2,4,0,0
base,wavering,greedy,143,active,71,,,0,0,0,,3,13,1,1,3,1,29,6,10294.4,10002.7,16741.3,0.662,4,2,0,0,0
base,wavering,greedy,144,fallen,43,,44,1,0,1,,0,7,0,1,3,1,3,1,8726.4,8555.1,14811.3,0.668,2,2,4,0,0
base,wavering,greedy,145,fallen,57,,58,1,0,1,,0,9,0,2,4,2,13,2,10463.2,10258.4,16741.3,0.673,3,4,4,0,0
base,wavering,greedy,146,fallen,41,,42,1,0,1,,0,7,0,2,2,0,2,0,7802.7,7649.6,14039.3,0.63,2,2,4,0,0
base,wavering,greedy,147,active,71,,,1,1,0,,1,12,1,1,3,1,30,4,9664.8,9469.7,16741.3,0.657,4,2,4,0,0
base,wavering,greedy,148,fallen,41,,42,1,0,1,,0,7,0,0,3,1,3,1,8227.1,8065.6,14039.3,0.651,2,4,4,0,0
base,wavering,greedy,149,fallen,41,,42,1,0,1,,0,7,0,0,3,1,3,1,8019.8,7862.3,14039.3,0.629,2,1,4,0,0
base,wavering,greedy,150,fallen,41,,42,1,0,1,,0,7,0,0,2,0,2,0,8543.8,8376,14039.3,0.667,2,5,4,0,0
base,wavering,greedy,151,fallen,41,,42,1,0,1,,0,7,0,0,3,1,21,4,8707.8,8478.3,14039.3,0.666,2,2,4,7,0
base,wavering,greedy,152,fallen,41,,42,1,0,1,,0,7,0,1,2,0,2,0,8452.9,8287.1,14039.3,0.666,2,2,4,0,0
base,wavering,greedy,153,fallen,41,,42,1,0,1,,0,7,0,0,3,1,3,1,8604,8435.3,14039.3,0.676,2,1,4,0,0
base,wavering,greedy,154,fallen,41,,42,1,0,1,,0,7,0,0,3,1,3,1,8446.7,8281.3,14039.3,0.662,2,2,4,0,0
base,wavering,greedy,155,active,71,,,2,2,0,,1,12,2,2,3,1,52,7,10396.8,10076.6,16741.3,0.647,4,4,4,36,0
base,wavering,greedy,156,active,71,,,0,0,0,,2,12,0,0,2,0,17,3,9977.6,9782,16741.3,0.673,4,2,1,0,0
base,wavering,greedy,157,fallen,41,,42,1,0,1,,0,7,0,1,2,0,2,0,8689,8518.5,14039.3,0.683,2,17,4,0,0
base,wavering,greedy,158,fallen,41,,42,1,0,1,,0,7,0,0,5,3,5,3,7884.5,7730,14039.3,0.619,2,2,4,0,0
base,wavering,greedy,159,fallen,41,,42,1,0,1,,0,7,0,1,2,0,17,2,8741.1,8506.2,14039.3,0.666,2,1,4,0,0
base,wavering,greedy,160,fallen,41,,42,1,0,1,,0,7,0,0,2,0,2,0,8123.4,7963.8,14039.3,0.645,2,5,4,0,0
base,wavering,greedy,161,fallen,41,,42,1,0,1,,0,7,0,0,4,2,4,2,8242.2,8080.8,14039.3,0.636,2,6,4,0,0
base,wavering,greedy,162,active,71,,,0,0,0,,2,11,0,2,2,0,28,5,10156.2,9950.6,16741.3,0.678,4,1,2,0,0
base,wavering,greedy,163,active,71,,,1,1,0,,1,12,1,2,4,2,35,4,9936.2,9741.2,16741.3,0.658,4,2,4,0,0
base,wavering,greedy,164,active,71,,,0,0,0,,2,11,0,1,3,1,21,1,10283.8,10070.9,16741.3,0.694,4,2,3,0,0
base,wavering,greedy,165,fallen,41,,42,1,0,1,,0,7,0,1,3,1,3,1,8277.1,8114.7,14039.3,0.655,2,2,4,0,0
base,wavering,greedy,166,active,71,,,1,1,0,,2,12,1,4,2,0,30,4,10053.8,9840.3,16741.3,0.684,4,2,4,0,0
base,wavering,greedy,167,fallen,41,,42,1,0,1,,0,7,0,1,5,3,5,3,7930,7774.5,14039.3,0.636,2,2,4,0,0
base,wavering,greedy,168,active,71,,,1,1,0,,1,12,1,7,3,1,42,4,9877.4,9684.1,16741.3,0.678,4,4,4,5,0
base,wavering,greedy,169,fallen,41,,42,1,0,1,,0,7,0,1,2,0,2,0,7813.9,7660.7,14039.3,0.617,2,2,4,0,0
base,wavering,greedy,170,active,71,,,1,1,0,,1,14,1,0,2,0,38,2,10217,10016.5,16741.3,0.678,4,3,4,3,0
base,wavering,greedy,171,active,71,,,1,1,0,,2,12,1,4,2,0,30,5,9815,9622.2,16741.3,0.675,4,4,4,0,0
base,wavering,greedy,172,fallen,52,,53,1,0,1,,0,8,0,4,3,1,16,1,10180.5,9977.2,16741.3,0.68,3,2,4,0,0
base,wavering,greedy,173,fallen,41,,42,1,0,1,,0,7,0,1,2,0,2,0,7772.9,7620.8,14039.3,0.613,2,9,4,0,0
base,wavering,greedy,174,fallen,41,,42,1,0,1,,0,7,0,0,2,0,2,0,7672.4,7522.1,14039.3,0.609,2,4,4,0,0
base,wavering,greedy,175,fallen,45,,46,1,0,1,,0,8,0,2,3,1,3,1,8706.6,8535.9,15583.3,0.645,2,1,4,0,0
base,wavering,greedy,176,fallen,41,,42,1,0,1,,0,7,0,0,3,1,3,1,8147.6,7987.9,14039.3,0.648,2,1,4,0,0
base,wavering,greedy,177,fallen,45,,46,1,0,1,,0,7,0,1,4,2,4,2,8551.7,8383.7,15583.3,0.613,2,2,4,0,0
base,wavering,greedy,178,fallen,52,,53,1,0,1,,0,9,0,3,2,0,11,0,9507.3,9318.9,16741.3,0.644,3,1,4,0,0
base,wavering,greedy,179,active,71,,,1,1,0,,1,12,2,2,3,1,31,4,10207,10006.8,16741.3,0.667,4,21,4,0,0
base,wavering,greedy,180,active,71,,,0,0,0,,2,11,0,3,3,1,20,1,10095.3,9893,16741.3,0.682,4,1,3,0,0
base,wavering,greedy,181,fallen,41,,42,1,0,1,,0,7,0,0,4,2,4,2,8324.1,8160.9,14039.3,0.659,2,2,4,0,0
base,wavering,greedy,182,active,71,,,1,1,0,,1,12,2,4,2,0,31,5,10071.6,9863.4,16741.3,0.671,4,4,4,0,0
base,wavering,greedy,183,fallen,41,,42,1,0,1,,0,7,0,0,4,2,4,2,7914.5,7759.1,14039.3,0.629,2,2,4,0,0
base,wavering,greedy,184,fallen,41,,42,1,0,1,,0,7,0,0,3,1,3,1,8213.9,8052.8,14039.3,0.65,2,5,4,0,0
base,wavering,greedy,185,fallen,41,,42,1,0,1,,0,7,0,0,6,4,6,4,8433.8,8268.3,14039.3,0.674,2,1,4,0,0
base,wavering,greedy,186,active,71,,,1,1,0,,1,12,1,2,2,0,32,4,10162.4,9958.7,16741.3,0.669,4,11,4,1,0
base,wavering,greedy,187,active,71,,,0,0,0,,3,11,1,0,2,0,35,6,10659.1,10430.2,16741.3,0.71,4,2,2,0,0
base,wavering,greedy,188,fallen,41,,42,1,0,1,,0,7,0,1,3,1,3,1,8283.1,8120.5,14039.3,0.656,2,1,4,0,0
base,wavering,greedy,189,fallen,52,,53,1,0,1,,0,8,0,0,3,1,13,1,10140.9,9934.6,16741.3,0.664,3,2,4,0,0
base,wavering,greedy,190,fallen,41,,42,1,0,1,,0,7,0,0,3,1,22,6,8968.4,8732.5,14039.3,0.677,2,2,4,0,0
base,wavering,greedy,191,fallen,41,,42,1,0,1,,0,7,0,0,4,2,4,2,8376,8211.7,14039.3,0.662,2,2,4,0,0
base,wavering,greedy,192,fallen,41,,42,1,0,1,,0,7,0,2,2,0,2,0,8415.4,8250.2,14039.3,0.678,2,3,4,0,0
base,wavering,greedy,193,fallen,41,,42,1,0,1,,0,7,0,0,3,1,3,1,8548.9,8381.3,14039.3,0.664,2,17,4,0,0
base,wavering,greedy,194,active,71,,,1,1,0,,2,12,1,2,4,2,64,19,10984.6,10637.1,16741.3,0.685,4,1,4,38,0
base,wavering,greedy,195,active,71,,,0,0,0,,2,12,1,2,3,1,27,8,10133,9928.3,16741.3,0.662,4,6,0,0,0
base,wavering,greedy,196,active,71,,,1,1,0,,0,11,1,2,4,2,22,5,9622.1,9433.4,16741.3,0.645,4,2,4,0,0
base,wavering,greedy,197,active,71,,,1,1,0,,2,13,1,4,3,1,55,6,10113.7,9903,16741.3,0.697,4,2,4,1,0
base,wavering,greedy,198,fallen,52,,53,1,0,1,,0,8,0,1,2,0,12,0,10020.6,9812.5,16741.3,0.678,3,2,4,0,0
base,wavering,greedy,199,active,71,,,0,0,0,,4,14,0,2,2,0,20,3,10594.2,10379.3,16741.3,0.689,4,2,0,0,0
base,wavering,greedy,200,fallen,41,,42,1,0,1,,0,7,0,1,5,3,5,3,8430.3,8265.1,14039.3,0.657,2,8,4,0,0
base,wavering,greedy,201,fallen,41,,42,1,0,1,,0,7,0,1,3,1,3,1,8398.6,8234.5,14039.3,0.661,2,2,4,0,0
base,wavering,greedy,202,fallen,41,,42,1,0,1,,0,7,0,0,3,1,3,1,8136.2,7976.8,14039.3,0.632,2,2,4,0,0
base,wavering,greedy,203,fallen,47,,48,1,0,1,,0,8,0,1,2,0,2,0,9375,9191.1,16355.3,0.647,2,2,4,0,0
base,wavering,greedy,204,fallen,56,,57,1,0,1,,0,9,0,1,3,1,12,1,10107.5,9909.4,16741.3,0.66,3,2,4,0,0
base,wavering,greedy,205,fallen,41,,42,1,0,1,,0,7,0,0,3,1,3,1,8709.5,8538.6,14039.3,0.704,2,3,4,0,0
base,wavering,greedy,206,active,71,,,1,1,0,,2,12,1,6,5,3,35,5,10152,9945.4,16741.3,0.668,4,2,4,0,0
base,wavering,greedy,207,fallen,41,,42,1,0,1,,0,7,0,1,2,0,2,0,8052.5,7894.3,14039.3,0.639,2,2,4,0,0
base,wavering,greedy,208,fallen,41,,42,1,0,1,,0,7,0,0,2,0,2,0,8102,7943.2,14039.3,0.645,2,2,4,0,0
base,wavering,greedy,209,fallen,43,,44,1,0,1,,0,7,0,1,3,1,3,1,8654.7,8484.8,14811.3,0.642,2,2,4,0,0
base,wavering,greedy,210,fallen,41,,42,1,0,1,,0,7,0,0,5,3,5,3,7248,7106.2,14039.3,0.584,2,2,4,0,0
base,wavering,greedy,211,fallen,41,,42,1,0,1,,0,7,0,0,2,0,2,0,8369.7,8205.4,14039.3,0.649,2,4,4,0,0
base,wavering,greedy,212,fallen,53,,54,1,0,1,,0,9,0,1,2,0,14,1,9991.1,9795.4,16741.3,0.674,3,2,4,0,0
base,wavering,greedy,213,fallen,41,,42,1,0,1,,0,7,0,0,6,4,6,4,7757.1,7604.9,14039.3,0.626,2,2,4,0,0
base,wavering,greedy,214,fallen,41,,42,1,0,1,,0,7,0,0,2,0,2,0,8459.7,8293.9,14039.3,0.661,2,1,4,0,0
base,wavering,greedy,215,fallen,41,,42,1,0,1,,0,7,0,4,2,0,2,0,7811.4,7658.3,14039.3,0.625,2,9,4,0,0
base,wavering,greedy,216,fallen,41,,42,1,0,1,,0,7,0,1,5,3,5,3,8343,8179.6,14039.3,0.676,2,6,4,0,0
base,wavering,greedy,217,active,71,,,1,1,0,,2,12,2,2,2,0,44,7,10430.5,10119.1,16741.3,0.648,4,1,4,36,0
base,wavering,greedy,218,fallen,41,,42,1,0,1,,0,7,0,0,2,0,2,0,7831.9,7678.2,14039.3,0.62,2,1,4,0,0
base,wavering,greedy,219,fallen,41,,42,1,0,1,,0,7,0,0,4,2,4,2,7485.5,7338.8,14039.3,0.595,2,1,4,0,0
base,wavering,greedy,220,fallen,41,,42,1,0,1,,0,7,0,0,5,3,5,3,7838.7,7684.9,14039.3,0.64,2,2,4,0,0
base,wavering,greedy,221,fallen,41,,42,1,0,1,,0,7,0,0,2,0,2,0,8373.6,8209.4,14039.3,0.663,2,1,4,0,0
base,wavering,greedy,222,active,71,,,1,1,0,,1,12,1,8,4,2,27,3,9995.8,9799.7,16741.3,0.643,4,4,4,3,0
base,wavering,greedy,223,fallen,54,,55,1,0,1,,0,9,0,4,2,0,15,2,9918.9,9724.6,16741.3,0.68,3,1,4,0,0
base,wavering,greedy,224,active,71,,,0,0,0,,3,13,1,1,3,1,37,4,10305.7,10103.5,16741.3,0.668,4,13,0,3,0
base,wavering,greedy,225,fallen,51,,52,1,0,1,,0,8,0,1,5,3,13,3,10429.5,10214,16741.3,0.691,3,2,4,0,0
base,wavering,greedy,226,fallen,41,,42,1,0,1,,0,7,0,0,4,2,4,2,8560.7,8392.9,14039.3,0.683,2,6,4,0,0
base,wavering,greedy,227,fallen,41,,42,1,0,1,,0,7,0,0,4,2,17,4,9045.6,8812.8,14039.3,0.683,2,1,4,0,0
base,wavering,greedy,228,fallen,43,,44,1,0,1,,0,7,0,0,4,2,4,2,8630.5,8461.3,14811.3,0.644,2,1,4,0,0
base,wavering,greedy,229,fallen,41,,42,1,0,1,,0,7,0,1,2,0,2,0,8145.2,7985.5,14039.3,0.646,2,9,4,0,0
base,wavering,greedy,230,active,71,,,1,1,0,,1,12,1,3,2,0,27,5,10107.5,9901.1,16741.3,0.663,4,2,4,0,0
base,wavering,greedy,231,active,71,,,2,2,0,,1,12,3,1,3,1,52,8,10556,10150.5,16741.3,0.649,4,2,5,35,0
base,wavering,greedy,232,active,71,,,0,0,0,,2,12,0,2,2,0,22,2,10081,9883.5,16741.3,0.673,4,1,0,0,0
base,wavering,greedy,233,active,71,,,1,1,0,,1,12,2,4,5,3,21,5,9983.1,9781.4,16741.3,0.661,4,2,4,0,0
base,wavering,greedy,234,active,71,,,0,0,0,,1,11,0,2,3,1,19,4,9765.7,9574.3,16741.3,0.66,4,1,3,0,0
base,wavering,greedy,235,fallen,41,,42,1,0,1,,0,7,0,0,3,1,3,1,8301.8,8139.4,14039.3,0.641,2,3,4,0,0
base,wavering,greedy,236,fallen,41,,42,1,0,1,,0,7,0,1,3,1,3,1,7838.6,7685.2,14039.3,0.62,2,2,4,0,0
base,wavering,greedy,237,fallen,41,,42,1,0,1,,0,7,0,0,2,0,2,0,8448.8,8283.2,14039.3,0.681,2,4,4,0,0
base,wavering,greedy,238,fallen,41,,42,1,0,1,,0,7,0,1,2,0,2,0,7936.2,7781,14039.3,0.624,2,18,4,0,0
base,wavering,greedy,239,fallen,41,,42,1,0,1,,0,7,0,0,3,1,3,1,8269.3,8107.6,14039.3,0.651,2,12,4,0,0
base,wavering,greedy,240,fallen,52,,53,1,0,1,,0,9,0,4,5,3,22,8,10276.7,10072.1,16741.3,0.666,3,8,4,0,0
base,wavering,greedy,241,fallen,52,,53,1,0,1,,0,9,0,0,4,2,16,4,10210.8,9999.7,16741.3,0.685,3,1,4,0,0
base,wavering,greedy,242,fallen,42,,43,1,0,1,,0,7,0,1,4,2,4,2,8518.3,8351.4,14425.3,0.668,2,2,4,0,0
base,wavering,greedy,243,fallen,42,,43,1,0,1,,0,7,0,1,5,3,5,3,8628.2,8458.9,14425.3,0.668,2,3,4,0,0
base,wavering,greedy,244,fallen,41,,42,1,0,1,,0,7,0,2,4,2,4,2,7220,7078.2,14039.3,0.564,2,3,4,0,0
base,wavering,greedy,245,fallen,41,,42,1,0,1,,0,7,0,0,3,1,3,1,8380.5,8216.2,14039.3,0.669,2,1,4,0,0
base,wavering,greedy,246,fallen,41,,42,1,0,1,,0,7,0,0,3,1,3,1,8088.2,7929.5,14039.3,0.638,2,1,4,0,0
base,wavering,greedy,247,active,71,,,1,1,0,,0,12,1,2,3,1,44,5,9947.6,9752.1,16741.3,0.669,4,2,4,3,0
base,wavering,greedy,248,active,71,,,1,1,0,,3,14,2,3,3,1,77,16,10739.9,10420,16741.3,0.666,4,2,4,36,0
base,wavering,greedy,249,fallen,41,,42,1,0,1,,0,7,0,1,3,1,3,1,7759.3,7606.9,14039.3,0.635,2,3,4,0,0
base,wavering,greedy,250,fallen,44,,45,1,0,1,,0,8,0,1,2,0,2,0,9020.7,8844.1,15197.3,0.66,2,1,4,0,0
base,wavering,greedy,251,fallen,41,,42,1,0,1,,0,7,0,0,4,2,4,2,8216.5,8055.2,14039.3,0.641,2,3,4,0,0
base,wavering,greedy,252,fallen,44,,45,1,0,1,,0,7,0,1,2,0,2,0,9199,9018.5,15197.3,0.673,2,1,4,0,0
base,wavering,greedy,253,fallen,42,,43,1,0,1,,0,7,0,2,3,1,3,1,8781.4,8609.3,14425.3,0.679,2,2,4,0,0
base,wavering,greedy,254,fallen,41,,42,1,0,1,,0,7,0,0,3,1,3,1,8342.7,8178.9,14039.3,0.659,2,19,4,0,0
base,wavering,greedy,255,fallen,41,,42,1,0,1,,0,7,0,0,4,2,15,4,8262.8,8086.7,14039.3,0.658,2,1,4,0,0
base,wavering,greedy,256,active,71,,,1,1,0,,0,11,1,2,3,1,18,3,9827,9622.4,16741.3,0.644,4,2,4,0,0
base,wavering,greedy,257,fallen,41,,42,1,0,1,,0,7,0,0,2,0,2,0,7677.3,7526.8,14039.3,0.611,2,1,4,0,0
base,wavering,greedy,258,fallen,41,,42,1,0,1,,0,7,0,1,3,1,3,1,7962.1,7806.1,14039.3,0.636,2,2,4,0,0
base,wavering,greedy,259,fallen,41,,42,1,0,1,,0,7,0,0,4,2,4,2,8125.3,7966.2,14039.3,0.636,2,3,4,0,0
base,wavering,greedy,260,active,71,,,1,1,0,,2,12,1,3,4,2,37,5,10451.8,10247,16741.3,0.696,4,2,4,3,0
base,wavering,greedy,261,fallen,41,,42,1,0,1,,0,7,0,0,3,1,3,1,8651.8,8482.4,14039.3,0.673,2,2,4,0,0
base,wavering,greedy,262,fallen,41,,42,1,0,1,,0,7,0,0,4,2,4,2,8378.7,8214,14039.3,0.645,2,19,4,0,0
base,wavering,greedy,263,fallen,41,,42,1,0,1,,0,7,0,1,2,0,2,0,7851.7,7697.8,14039.3,0.641,2,1,4,0,0
base,wavering,greedy,264,fallen,41,,42,1,0,1,,0,7,0,0,3,1,3,1,8343.9,8180.2,14039.3,0.655,2,4,4,0,0
base,wavering,greedy,265,fallen,41,,42,1,0,1,,0,7,0,1,4,2,25,6,9180.5,8945.3,14039.3,0.672,2,2,4,6,0
base,wavering,greedy,266,fallen,41,,42,1,0,1,,0,7,0,1,2,0,2,0,8032.8,7875.2,14039.3,0.65,2,14,4,0,0
base,wavering,greedy,267,fallen,41,,42,1,0,1,,0,7,0,4,3,1,14,3,8393.9,8170.2,14039.3,0.641,2,1,4,0,0
base,wavering,greedy,268,fallen,44,,45,1,0,1,,0,8,0,2,3,1,3,1,8853.2,8679.6,15197.3,0.628,2,2,4,0,0
base,wavering,greedy,269,fallen,41,,42,1,0,1,,0,7,0,0,3,1,3,1,8146.2,7986.5,14039.3,0.631,2,2,4,0,0
base,wavering,greedy,270,active,71,,,1,1,0,,2,13,1,3,4,2,25,3,10167.4,9957.5,16741.3,0.672,4,2,4,0,0
base,wavering,greedy,271,active,71,,,1,1,0,,2,12,1,2,3,1,33,5,9551.5,9358.3,16741.3,0.657,4,1,4,0,0
base,wavering,greedy,272,fallen,42,,43,1,0,1,,0,7,0,2,4,2,16,6,9009.1,8788.2,14425.3,0.668,2,2,4,0,0
base,wavering,greedy,273,fallen,41,,42,1,0,1,,0,7,0,0,4,2,14,4,8184.4,7988.5,14039.3,0.629,2,1,4,0,0
base,wavering,greedy,274,fallen,42,,43,1,0,1,,0,7,0,1,2,0,2,0,8407.1,8242.2,14425.3,0.656,2,2,4,0,0
base,wavering,greedy,275,active,71,,,0,0,0,,2,12,0,1,3,1,19,2,9925.8,9730.8,16741.3,0.672,4,2,2,0,0
base,wavering,greedy,276,active,71,,,1,1,0,,3,15,2,5,4,2,95,24,10048.8,9757.4,16741.3,0.648,4,1,4,36,0
base,wavering,greedy,277,active,71,,,0,0,0,,1,11,0,0,3,1,27,5,9847.4,9654,16741.3,0.657,4,1,2,0,0
base,wavering,greedy,278,fallen,42,,43,1,0,1,,0,7,0,2,3,1,3,1,8873.8,8699.4,14425.3,0.692,2,2,4,0,0
base,wavering,greedy,279,fallen,41,,42,1,0,1,,0,7,0,0,2,0,2,0,8912.8,8737.8,14039.3,0.697,2,1,4,0,0
base,wavering,greedy,280,fallen,41,,42,1,0,1,,0,7,0,1,4,2,4,2,8499.6,8333,14039.3,0.651,2,2,4,0,0
base,wavering,greedy,281,fallen,48,,49,1,0,1,,0,8,0,1,5,3,5,3,9426,9241,16741.3,0.638,2,12,4,0,0
base,wavering,greedy,282,fallen,41,,42,1,0,1,,0,7,0,0,2,0,2,0,8593.2,8424.9,14039.3,0.681,2,1,4,0,0
base,wavering,greedy,283,fallen,41,,42,1,0,1,,0,7,0,1,2,0,14,4,8162.5,7962.2,14039.3,0.635,2,2,4,0,0
base,wavering,greedy,284,active,71,,,1,1,0,,1,12,2,3,4,2,22,2,9746.6,9555.2,16741.3,0.642,4,1,4,0,0
base,wavering,greedy,285,fallen,41,,42,1,0,1,,0,7,0,2,5,3,5,3,7715.2,7564.1,14039.3,0.607,2,5,4,0,0
base,wavering,greedy,286,fallen,41,,42,1,0,1,,0,7,0,0,5,3,5,3,8542.6,8375.4,14039.3,0.668,2,2,4,0,0
base,wavering,greedy,287,fallen,41,,42,1,0,1,,0,7,0,0,2,0,2,0,8245.5,8083.4,14039.3,0.65,2,2,4,0,0
base,wavering,greedy,288,fallen,41,,42,1,0,1,,0,7,0,0,3,1,3,1,8498.6,8332.1,14039.3,0.648,2,2,4,0,0
base,wavering,greedy,289,fallen,44,,45,1,0,1,,0,7,0,2,6,4,6,4,8978.6,8802.3,15197.3,0.654,2,4,4,0,0
base,wavering,greedy,290,active,71,,,2,2,0,archmage:conquered:46,1,23,17,0,4,2,83,14,10223.8,9834.1,16741.3,0.648,4,2,6,29,0
base,wavering,greedy,291,fallen,41,,42,1,0,1,,0,7,0,0,3,1,21,5,8632.9,8419.1,14039.3,0.663,2,1,4,3,0
base,wavering,greedy,292,fallen,41,,42,1,0,1,,0,7,0,0,2,0,2,0,8001.4,7844.3,14039.3,0.646,2,1,4,0,0
base,wavering,greedy,293,active,71,,,2,1,0,archmage:conquered:43,1,19,14,0,2,0,86,8,10269.4,9865.3,16741.3,0.657,4,1,7,31,0
base,wavering,greedy,294,fallen,44,,45,1,0,1,,0,7,0,0,3,1,24,8,10183,9908.2,15197.3,0.704,2,2,4,6,0
base,wavering,greedy,295,active,71,,,0,0,0,,3,13,0,1,2,0,37,10,10610.2,10305.6,16741.3,0.686,4,1,3,0,0
base,wavering,greedy,296,fallen,41,,42,1,0,1,,0,7,0,0,2,0,2,0,7994.3,7837.6,14039.3,0.626,2,11,4,0,0
base,wavering,greedy,297,active,71,,,1,1,0,,1,12,2,3,2,0,27,5,9879.8,9686,16741.3,0.672,4,1,4,0,0
base,wavering,greedy,298,fallen,41,,42,1,0,1,,0,7,0,1,3,1,3,1,8559.6,8392,14039.3,0.674,2,1,4,0,0
base,wavering,greedy,299,active,71,,,1,1,0,,0,12,2,3,2,0,39,10,9985,9789.1,16741.3,0.67,4,2,4,4,0
base,wavering,greedy,300,fallen,44,,45,1,0,1,,0,7,0,0,4,2,4,2,9020.3,8843.3,15197.3,0.668,2,8,4,0,0
base,wavering,push,1,won,48,48,,0,0,0,goblin:conquered:21 archmage:conquered:31 orc:conquered:40 dwarf:conquered:48,2,26,21,0,17,12,204,122,11661.1,10718.2,16741.3,0.65,2,6,0,1,0
base,wavering,push,2,won,55,55,,0,0,0,goblin:conquered:26 orc:conquered:39 archmage:conquered:47 dwarf:conquered:55,2,29,24,0,21,16,219,135,11034.3,10161.8,16741.3,0.615,3,7,0,1,0
base,wavering,push,3,won,47,47,,0,0,0,goblin:conquered:19 archmage:conquered:31 orc:conquered:39 dwarf:conquered:47,2,26,22,0,20,11,178,100,13481.2,12320.7,16355.3,0.723,3,1,0,0,0
base,wavering,push,4,won,50,50,,0,0,0,goblin:conquered:22 archmage:conquered:34 orc:conquered:42 dwarf:conquered:50,2,27,25,0,19,13,209,127,11749.2,10783.7,16741.3,0.642,3,1,0,0,0
base,wavering,push,5,won,49,49,,0,0,0,goblin:conquered:19 archmage:conquered:33 orc:conquered:41 dwarf:conquered:49,1,24,20,0,20,12,192,115,12056.8,11042.8,16741.3,0.656,3,1,0,1,0
base,wavering,push,6,won,48,48,,0,0,0,goblin:conquered:19 archmage:conquered:30 orc:conquered:40 dwarf:conquered:48,2,29,24,0,19,11,201,114,11719.8,10766.1,16741.3,0.65,3,7,0,0,0
base,wavering,push,7,won,47,47,,0,0,0,goblin:conquered:17 orc:conquered:31 archmage:conquered:39 dwarf:conquered:47,2,23,19,0,21,15,184,110,12696.4,11643.1,16355.3,0.698,2,2,0,0,0
base,wavering,push,8,active,71,,,0,0,0,goblin:conquered:26 archmage:conquered:35 orc:conquered:43,2,22,19,0,20,15,199,130,12038.8,11055,16741.3,0.654,4,1,0,1,0
base,wavering,push,9,won,50,50,,0,0,0,goblin:conquered:22 archmage:conquered:33 orc:conquered:42 dwarf:conquered:50,2,29,22,0,20,14,221,135,11277.6,10364.1,16741.3,0.613,3,2,0,1,0
base,wavering,push,10,won,41,41,,0,0,0,orc:conquered:16 dwarf:conquered:25 archmage:conquered:33 goblin:conquered:41,2,23,21,0,20,12,173,105,10469.7,9631.6,14039.3,0.689,2,2,0,0,0
base,wavering,push,11,won,52,52,,0,0,0,goblin:conquered:20 archmage:conquered:36 orc:conquered:44 dwarf:conquered:52,2,29,24,0,20,15,215,138,12178.4,11182.9,16741.3,0.662,3,3,0,0,0
base,wavering,push,12,active,71,,,0,0,0,goblin:conquered:20 archmage:conquered:33 orc:conquered:41,2,25,22,0,22,14,187,109,13335.7,12199.1,16741.3,0.695,4,2,0,1,0
base,wavering,push,13,active,71,,,0,0,0,goblin:conquered:20 archmage:conquered:33 orc:conquered:41,1,24,21,0,21,12,181,111,13349.9,12222.2,16741.3,0.698,4,6,0,0,0
base,wavering,push,14,won,53,53,,0,0,0,goblin:conquered:21 orc:conquered:37 archmage:conquered:45 dwarf:conquered:53,1,25,22,0,23,16,198,125,11843.3,10841.9,16741.3,0.649,3,1,0,0,0
base,wavering,push,15,active,71,,,0,0,0,archmage:conquered:23 goblin:conquered:34 orc:conquered:42,3,23,19,0,19,12,195,117,12402.4,11364,16741.3,0.666,4,2,0,0,0
base,wavering,push,16,won,44,44,,0,0,0,orc:conquered:17 archmage:conquered:26 dwarf:conquered:36 goblin:conquered:44,2,22,18,0,19,12,187,112,11227.4,10317.5,15197.3,0.674,2,2,0,0,0
base,wavering,push,17,won,53,53,,0,0,0,goblin:conquered:20 archmage:conquered:37 orc:conquered:45 dwarf:conquered:53,1,27,24,0,19,14,200,123,11641.8,10698.3,16741.3,0.651,3,2,0,2,0
base,wavering,push,18,won,47,47,,0,0,0,dwarf:conquered:22 archmage:conquered:31 orc:conquered:39 goblin:conquered:47,2,23,21,0,19,12,188,109,12274.3,11252,16355.3,0.676,3,2,0,0,0
base,wavering,push,19,won,59,59,,0,0,0,orc:conquered:35 archmage:conquered:43 goblin:conquered:51 dwarf:conquered:59,3,28,25,0,19,12,198,119,12074.2,11067,16741.3,0.643,3,3,0,0,0
base,wavering,push,20,won,52,52,,0,0,0,goblin:conquered:19 orc:conquered:36 archmage:conquered:44 dwarf:conquered:52,2,26,24,0,19,13,201,124,11532.2,10578.7,16741.3,0.638,3,6,0,2,0
base,wavering,push,21,won,56,56,,0,0,0,goblin:conquered:22 archmage:conquered:40 orc:conquered:48 dwarf:conquered:56,1,32,26,0,18,13,211,127,11974.4,11000.2,16741.3,0.644,3,1,0,1,0
base,wavering,push,22,won,47,47,,0,0,0,goblin:conquered:22 orc:conquered:31 archmage:conquered:39 dwarf:conquered:47,2,26,21,0,20,13,205,126,11812,10840.4,16355.3,0.67,3,2,0,1,0
base,wavering,push,23,won,52,52,,0,0,0,goblin:conquered:21 orc:conquered:36 archmage:conquered:44 dwarf:conquered:52,1,30,24,0,20,14,207,127,13269.4,12158.8,16741.3,0.685,3,6,0,0,0
base,wavering,push,24,active,71,,,0,0,0,archmage:conquered:25 orc:conquered:34 goblin:conquered:42,3,24,21,0,20,13,198,114,11798,10825.2,16741.3,0.648,4,2,0,1,0
base,wavering,push,25,won,50,50,,0,0,0,goblin:conquered:20 archmage:conquered:34 orc:conquered:42 dwarf:conquered:50,2,26,24,0,17,12,203,120,11945.9,10978.8,16741.3,0.646,3,7,0,2,0
base,wavering,push,26,won,55,55,,0,0,0,dwarf:conquered:25 archmage:conquered:39 orc:conquered:47 goblin:conquered:55,1,26,21,0,18,12,202,126,12053.4,11052.8,16741.3,0.641,3,1,0,1,0
base,wavering,push,27,won,50,50,,0,0,0,goblin:conquered:19 orc:conquered:34 archmage:conquered:42 dwarf:conquered:50,1,25,22,0,20,12,191,108,12476.9,11406.9,16741.3,0.664,2,1,0,1,0
base,wavering,push,28,won,54,54,,0,0,0,archmage:conquered:25 orc:conquered:38 goblin:conquered:46 dwarf:conquered:54,2,30,27,0,17,12,208,124,11731.4,10769.8,16741.3,0.646,3,2,0,0,0
base,wavering,push,29,won,47,47,,0,0,0,goblin:conquered:21 archmage:conquered:31 orc:conquered:39 dwarf:conquered:47,1,25,22,0,19,13,194,119,12114.3,11112,16355.3,0.667,3,1,0,4,0
base,wavering,push,30,won,52,52,,0,0,0,goblin:conquered:25 archmage:conquered:35 orc:conquered:44 dwarf:conquered:52,1,24,21,0,19,13,191,115,12741.9,11664.4,16741.3,0.681,3,4,0,0,0
base,wavering,push,31,won,48,48,,0,0,0,goblin:conquered:19 archmage:conquered:32 orc:conquered:40 dwarf:conquered:48,2,25,22,0,21,13,193,114,12476.5,11411.1,16741.3,0.676,3,2,0,0,0
base,wavering,push,32,won,54,54,,0,0,0,goblin:conquered:20 orc:conquered:38 archmage:conquered:46 dwarf:conquered:54,1,29,25,0,20,12,205,121,11673.2,10704.6,16741.3,0.65,3,1,0,0,0
base,wavering,push,33,won,49,49,,0,0,0,goblin:conquered:22 archmage:conquered:33 orc:conquered:41 dwarf:conquered:49,2,26,23,0,19,12,201,119,12759.4,11683,16741.3,0.679,3,6,0,0,0
base,wavering,push,34,active,71,,,0,0,0,goblin:conquered:25 archmage:conquered:34 orc:conquered:42,3,25,22,0,20,10,189,109,13276.6,12168.4,16741.3,0.665,4,5,0,1,0
base,wavering,push,35,won,50,50,,0,0,0,orc:conquered:18 archmage:conquered:34 goblin:conquered:42 dwarf:conquered:50,1,24,20,0,20,13,191,116,12690.5,11607.8,16741.3,0.687,2,6,0,1,0
base,wavering,push,36,won,47,47,,0,0,0,goblin:conquered:21 orc:conquered:31 archmage:conquered:39 dwarf:conquered:47,2,23,20,0,18,10,184,102,12749.4,11651.7,16355.3,0.701,3,1,0,0,0
base,wavering,push,37,won,51,51,,0,0,0,goblin:conquered:20 archmage:conquered:35 orc:conquered:43 dwarf:conquered:51,2,28,24,0,20,12,206,120,11580.4,10634.8,16741.3,0.635,3,5,0,1,0
base,wavering,push,38,won,50,50,,0,0,0,goblin:conquered:24 archmage:conquered:34 orc:conquered:42 dwarf:conquered:50,2,28,23,0,21,16,228,139,11220.3,10318.2,16741.3,0.615,3,7,0,0,0
base,wavering,push,39,won,51,51,,0,0,0,goblin:conquered:22 archmage:conquered:35 orc:conquered:43 dwarf:conquered:51,1,27,24,0,23,11,196,113,12814.3,11720.9,16741.3,0.674,3,2,0,1,0
base,wavering,push,40,won,54,54,,0,0,0,goblin:conquered:21 archmage:conquered:38 orc:conquered:46 dwarf:conquered:54,1,29,27,0,20,13,210,123,11982.3,10992.5,16741.3,0.655,3,5,0,1,0
base,wavering,push,41,won,53,53,,0,0,0,goblin:conquered:20 archmage:conquered:36 orc:conquered:45 dwarf:conquered:53,2,30,26,0,20,14,206,123,12198.8,11186.9,16741.3,0.67,3,1,0,0,0
base,wavering,push,42,won,47,47,,0,0,0,goblin:conquered:21 archmage:conquered:30 orc:conquered:39 dwarf:conquered:47,2,26,23,0,17,13,210,129,11420.6,10507.4,16355.3,0.646,3,1,0,2,0
base,wavering,push,43,won,49,49,,0,0,0,goblin:conquered:20 archmage:conquered:33 orc:conquered:41 dwarf:conquered:49,2,28,25,0,21,13,197,116,13101.9,11995.2,16741.3,0.688,3,4,0,1,0
base,wavering,push,44,won,49,49,,0,0,0,goblin:conquered:20 archmage:conquered:33 orc:conquered:41 dwarf:conquered:49,1,26,23,0,23,14,197,118,11830.1,10842.2,16741.3,0.644,3,2,0,1,0
base,wavering,push,45,won,51,51,,0,0,0,goblin:conquered:21 orc:conquered:35 archmage:conquered:43 dwarf:conquered:51,2,26,22,0,21,15,223,135,11721.6,10762.8,16741.3,0.64,3,4,0,2,0
base,wavering,push,46,won,52,52,,0,0,0,archmage:conquered:23 orc:conquered:36 goblin:conquered:44 dwarf:conquered:52,2,27,24,0,20,13,205,130,12330,11300.7,16741.3,0.663,3,3,0,0,0
base,wavering,push,47,won,54,54,,0,0,0,goblin:conquered:20 archmage:conquered:38 orc:conquered:46 dwarf:conquered:54,1,28,25,0,21,13,213,131,12266.2,11240.4,16741.3,0.665,3,7,0,3,0
base,wavering,push,48,won,50,50,,0,0,0,goblin:conquered:20 archmage:conquered:34 orc:conquered:42 dwarf:conquered:50,2,23,21,0,16,11,205,127,11709.8,10761.9,16741.3,0.642,3,2,0,1,0
base,wavering,push,49,won,47,47,,0,0,0,goblin:conquered:19 archmage:conquered:31 orc:conquered:39 dwarf:conquered:47,1,24,21,0,21,11,176,103,12630.9,11545.5,16355.3,0.702,3,2,0,0,0
base,wavering,push,50,won,58,58,,0,0,0,goblin:conquered:34 archmage:conquered:42 orc:conquered:50 dwarf:conquered:58,3,29,27,0,21,9,184,104,13523.1,12343.5,16741.3,0.694,3,5,0,2,0
base,wavering,smarter,1,fallen,45,,46,1,0,1,,0,7,0,1,2,0,2,0,9045.3,8867.7,15583.3,0.651,2,12,10,0,0
base,wavering,smarter,2,fallen,45,,46,1,0,1,,0,7,0,0,2,0,2,0,8613.7,8444.7,15583.3,0.608,2,15,9,0,0
base,wavering,smarter,3,fallen,45,,46,1,0,1,,0,7,0,2,3,1,3,1,10024.2,9827.5,15583.3,0.722,3,1,4,0,0
base,wavering,smarter,4,fallen,45,,46,1,0,1,,0,7,0,3,2,0,2,0,8940.7,8765.4,15583.3,0.642,2,1,8,0,0
base,wavering,smarter,5,fallen,45,,46,1,0,1,,0,7,0,2,2,0,2,0,8990.1,8813.8,15583.3,0.659,2,1,6,0,0
base,wavering,smarter,6,fallen,45,,46,1,0,1,,0,7,0,0,3,1,3,1,8967.4,8791.6,15583.3,0.648,2,2,4,0,0
base,wavering,smarter,7,fallen,48,,49,2,1,1,,0,9,1,3,4,2,29,11,11175.1,10858.4,16741.3,0.699,2,2,10,9,0
base,wavering,smarter,8,fallen,45,,46,1,0,1,,0,8,0,1,6,4,6,4,9192.6,9012.2,15583.3,0.66,2,1,4,0,0
base,wavering,smarter,9,fallen,51,,52,3,2,1,,0,10,2,1,3,1,14,2,9212.5,9015.4,16741.3,0.612,3,2,11,0,0
base,wavering,smarter,10,active,71,,,5,4,0,,0,13,4,0,5,3,30,6,10504.6,10275.7,16741.3,0.692,4,2,8,20,0
base,wavering,smarter,11,fallen,41,,42,1,0,1,,0,6,0,0,3,1,24,8,8238.2,8049,14039.3,0.654,2,3,6,0,0
base,wavering,smarter,12,fallen,45,,46,1,0,1,,0,7,0,1,3,1,14,3,10093.7,9819,15583.3,0.701,2,2,7,0,0
base,wavering,smarter,13,fallen,45,,46,1,0,1,,0,7,0,1,3,1,3,1,9895.7,9701.8,15583.3,0.708,2,11,10,0,0
base,wavering,smarter,14,fallen,41,,42,1,0,1,,0,6,0,0,2,0,40,10,8724.4,8413,14039.3,0.662,2,1,6,0,0
base,wavering,smarter,15,fallen,45,,46,1,0,1,,0,8,0,2,3,1,3,1,9345.7,9162.3,15583.3,0.688,2,2,4,0,0
base,wavering,smarter,16,fallen,45,,46,1,0,1,,0,7,0,2,2,0,2,0,9290.4,9108.5,15583.3,0.675,2,2,5,0,0
base,wavering,smarter,17,fallen,45,,46,1,0,1,,0,7,0,1,6,4,6,4,8898.4,8723.8,15583.3,0.654,2,2,10,0,0
base,wavering,smarter,18,fallen,45,,46,1,0,1,,0,8,0,0,2,0,2,0,9455.6,9270.3,15583.3,0.675,2,2,4,0,0
base,wavering,smarter,19,fallen,45,,46,1,0,1,,0,7,0,0,3,1,3,1,9118.4,8939.7,15583.3,0.65,2,3,10,0,0
base,wavering,smarter,20,fallen,45,,46,1,0,1,,0,7,0,0,5,3,5,3,8787.9,8615.6,15583.3,0.632,2,2,6,0,0
base,wavering,smarter,21,fallen,45,,46,1,0,1,,0,8,0,0,2,0,2,0,9165.9,8986.4,15583.3,0.653,2,1,4,0,0
base,wavering,smarter,22,fallen,45,,46,1,0,1,,0,7,0,1,3,1,3,1,9280.4,9098.8,15583.3,0.668,3,2,8,0,0
base,wavering,smarter,23,fallen,45,,46,1,0,1,,0,8,0,1,2,0,2,0,9676.2,9486.3,15583.3,0.683,3,2,4,0,0
base,wavering,smarter,24,fallen,45,,46,1,0,1,,0,7,0,0,3,1,10,1,9096.4,8918.5,15583.3,0.66,3,2,10,0,0
base,wavering,smarter,25,fallen,45,,46,1,0,1,,0,8,0,0,2,0,2,0,9219.9,9039.2,15583.3,0.65,2,3,5,0,0
base,wavering,smarter,26,fallen,45,,46,1,0,1,,0,7,0,1,3,1,3,1,8920.6,8745.7,15583.3,0.627,2,6,6,0,0
base,wavering,smarter,27,fallen,45,,46,1,0,1,,0,7,0,1,4,2,4,2,9382.9,9199.1,15583.3,0.666,2,1,4,0,0
base,wavering,smarter,28,fallen,45,,46,1,0,1,,0,7,0,2,4,2,20,8,9030.2,8808.2,15583.3,0.647,2,2,8,0,0
base,wavering,smarter,29,fallen,45,,46,1,0,1,,0,7,0,1,3,1,22,6,9921.7,9643,15583.3,0.67,2,1,10,0,0
base,wavering,smarter,30,fallen,45,,46,1,0,1,,0,7,0,1,3,1,3,1,9416,9231.3,15583.3,0.673,2,2,4,0,0
base,wavering,smarter,31,fallen,45,,46,1,0,1,,0,7,0,0,2,0,24,8,9735.2,9469.2,15583.3,0.673,2,2,10,4,0
base,wavering,smarter,32,fallen,45,,46,1,0,1,,0,7,0,2,2,0,2,0,8751.4,8579.8,15583.3,0.645,2,1,10,0,0
base,wavering,smarter,33,fallen,45,,46,1,0,1,,0,7,0,2,2,0,2,0,9191.8,9011.8,15583.3,0.675,2,2,4,0,0
base,wavering,smarter,34,fallen,45,,46,1,0,1,,0,7,0,1,3,1,3,1,9845.5,9652.3,15583.3,0.693,2,10,4,0,0
base,wavering,smarter,35,fallen,45,,46,1,0,1,,0,7,0,2,5,3,5,3,9428.1,9243,15583.3,0.683,2,21,10,0,0
base,wavering,smarter,36,active,71,,,2,2,0,,1,14,2,2,3,1,57,14,11316.9,10960.6,16741.3,0.708,4,1,10,36,0
base,wavering,smarter,37,fallen,45,,46,1,0,1,,0,8,0,0,4,2,4,2,8924.8,8749.6,15583.3,0.643,3,2,10,0,0
base,wavering,smarter,38,fallen,45,,46,1,0,1,,0,8,0,0,4,2,4,2,8381.8,8217.6,15583.3,0.605,2,7,10,0,0
base,wavering,smarter,39,fallen,45,,46,1,0,1,,0,7,0,0,2,0,34,9,9951.7,9655.6,15583.3,0.67,2,2,10,6,0
base,wavering,smarter,40,fallen,45,,46,1,0,1,,0,8,0,0,3,1,3,1,9089.4,8911.5,15583.3,0.661,2,5,4,0,0
base,wavering,smarter,41,fallen,45,,46,1,0,1,,0,8,0,0,2,0,2,0,9242.4,9061,15583.3,0.66,2,1,4,0,0
base,wavering,smarter,42,fallen,60,,61,4,2,1,,0,11,2,0,5,3,29,9,10341.6,10019.4,16741.3,0.656,3,1,12,21,0
base,wavering,smarter,43,fallen,45,,46,1,0,1,,0,7,0,2,6,4,6,4,9556.8,9369.3,15583.3,0.682,2,4,4,0,0
base,wavering,smarter,44,fallen,45,,46,1,0,1,,0,7,0,1,5,3,5,3,9006.2,8829.4,15583.3,0.644,3,2,4,0,0
base,wavering,smarter,45,fallen,45,,46,1,0,1,,0,7,0,0,5,3,5,3,8759.5,8588.1,15583.3,0.631,3,4,10,0,0
base,wavering,smarter,46,fallen,45,,46,1,0,1,,0,7,0,1,2,0,2,0,9092.2,8914.1,15583.3,0.66,2,3,6,0,0
base,wavering,smarter,47,active,71,,,4,2,0,,0,12,3,0,4,2,20,4,9989.3,9772.1,16741.3,0.675,4,9,11,5,0
base,wavering,smarter,48,fallen,45,,46,1,0,1,,0,8,0,1,4,2,4,2,8923.7,8748.7,15583.3,0.642,2,2,9,0,0
base,wavering,smarter,49,fallen,45,,46,1,0,1,,0,7,0,1,4,2,4,2,9636.6,9447.4,15583.3,0.705,2,2,4,0,0
base,wavering,smarter,50,fallen,45,,46,1,0,1,,0,7,0,0,3,1,3,1,9673.4,9483.6,15583.3,0.702,2,2,4,0,0
base,wavering,smarter,51,fallen,45,,46,1,0,1,,0,8,0,2,3,1,3,1,8870.6,8696.5,15583.3,0.641,2,2,10,0,0
base,wavering,smarter,52,fallen,45,,46,1,0,1,,0,7,0,1,2,0,15,2,9312.8,9045.6,15583.3,0.641,2,2,10,0,0
base,wavering,smarter,53,fallen,45,,46,1,0,1,,0,7,0,1,3,1,3,1,8662.6,8493,15583.3,0.634,2,10,10,0,0
base,wavering,smarter,54,fallen,45,,46,1,0,1,,0,7,0,0,2,0,2,0,8796.5,8623.8,15583.3,0.654,2,2,6,0,0
base,wavering,smarter,55,fallen,45,,46,1,0,1,,0,7,0,0,2,0,18,6,9876.9,9643.8,15583.3,0.698,3,1,6,0,0
base,wavering,smarter,56,fallen,45,,46,1,0,1,,0,7,0,1,3,1,3,1,9190.9,9010.7,15583.3,0.664,2,1,10,0,0
base,wavering,smarter,57,fallen,45,,46,1,0,1,,0,7,0,0,3,1,3,1,9443.9,9258.8,15583.3,0.679,2,4,4,0,0
base,wavering,smarter,58,fallen,41,,42,1,0,1,,0,7,1,0,2,0,30,4,8991.2,8711.9,14039.3,0.694,2,3,6,0,0
base,wavering,smarter,59,fallen,45,,46,1,0,1,,0,7,0,1,3,1,3,1,9081,8903.2,15583.3,0.651,2,2,9,0,0
base,wavering,smarter,60,fallen,45,,46,1,0,1,,0,7,0,1,2,0,2,0,9456.5,9270.9,15583.3,0.664,2,22,10,0,0
base,wavering,smarter,61,fallen,45,,46,1,0,1,,0,7,0,2,3,1,16,4,9860.1,9593.7,15583.3,0.666,2,2,10,0,0
base,wavering,smarter,62,fallen,45,,46,1,0,1,,0,7,0,1,3,1,13,2,9486.8,9262.4,15583.3,0.674,2,2,6,0,0
base,wavering,smarter,63,fallen,48,,49,2,1,1,,0,9,1,0,3,1,11,1,9983.5,9766.6,16741.3,0.665,3,1,11,0,0
base,wavering,smarter,64,fallen,45,,46,1,0,1,,0,7,0,0,3,1,3,1,9104.3,8925.5,15583.3,0.651,2,19,4,0,0
base,wavering,smarter,65,fallen,48,,49,2,1,1,,0,9,1,0,2,0,25,5,10150.7,9855.1,16741.3,0.656,2,1,11,7,0
base,wavering,smarter,66,fallen,45,,46,1,0,1,,0,7,0,1,4,2,4,2,9103.1,8924.7,15583.3,0.659,2,3,10,0,0
base,wavering,smarter,67,fallen,45,,46,1,0,1,,0,7,0,2,3,1,3,1,9133.2,8954.3,15583.3,0.647,3,2,8,0,0
base,wavering,smarter,68,fallen,45,,46,1,0,1,,0,7,0,0,3,1,3,1,9771.1,9579.5,15583.3,0.708,3,1,4,0,0
base,wavering,smarter,69,fallen,45,,46,1,0,1,,0,7,0,0,4,2,30,8,9898.4,9626.6,15583.3,0.676,2,1,10,3,0
base,wavering,smarter,70,fallen,45,,46,1,0,1,,0,7,0,2,2,0,2,0,9149.1,8969.4,15583.3,0.672,2,19,10,0,0
base,wavering,smarter,71,fallen,45,,46,1,0,1,,0,7,0,0,4,2,4,2,9529.8,9342.7,15583.3,0.691,3,2,4,0,0
base,wavering,smarter,72,fallen,59,,60,3,2,1,,0,11,2,2,3,1,16,1,10148.3,9931.7,16741.3,0.677,3,2,4,0,0
base,wavering,smarter,73,fallen,45,,46,1,0,1,,0,8,0,0,2,0,2,0,9753.1,9562,15583.3,0.702,2,1,4,0,0
base,wavering,smarter,74,fallen,45,,46,1,0,1,,0,7,0,0,2,0,2,0,9530.1,9343.5,15583.3,0.689,2,2,4,0,0
base,wavering,smarter,75,fallen,45,,46,1,0,1,,0,7,0,1,3,1,3,1,8699.4,8528.6,15583.3,0.625,2,2,8,0,0
base,wavering,smarter,76,fallen,45,,46,1,0,1,,0,7,0,1,4,2,4,2,9743.1,9552.5,15583.3,0.683,2,3,4,0,0
base,wavering,smarter,77,fallen,45,,46,1,0,1,,0,7,0,2,5,3,5,3,8916,8741.3,15583.3,0.636,2,2,6,0,0
base,wavering,smarter,78,fallen,45,,46,1,0,1,,0,7,0,0,6,4,6,4,9826.7,9634.2,15583.3,0.72,2,4,6,0,0
base,wavering,smarter,79,fallen,41,,42,1,0,1,,0,7,0,0,2,0,21,4,8892.1,8669.1,14039.3,0.69,2,1,6,1,0
base,wavering,smarter,80,fallen,45,,46,1,0,1,,0,7,0,2,2,0,2,0,9569.3,9381.7,15583.3,0.685,3,15,4,0,0
base,wavering,smarter,81,fallen,45,,46,1,0,1,,0,8,0,4,3,1,3,1,9077.4,8899.5,15583.3,0.641,2,2,6,0,0
base,wavering,smarter,82,fallen,45,,46,1,0,1,,0,7,0,0,5,3,5,3,9111.2,8932.5,15583.3,0.653,2,21,4,0,0
base,wavering,smarter,83,fallen,45,,46,1,0,1,,0,8,0,1,2,0,2,0,9588.1,9400.1,15583.3,0.674,2,2,4,0,0
base,wavering,smarter,84,fallen,45,,46,1,0,1,,0,7,0,0,3,1,3,1,8767.6,8595.9,15583.3,0.634,3,1,10,0,0
base,wavering,smarter,85,fallen,45,,46,1,0,1,,0,8,0,0,3,1,3,1,9081.7,8903.8,15583.3,0.656,2,2,6,0,0
base,wavering,smarter,86,fallen,45,,46,1,0,1,,0,7,0,0,2,0,2,0,9688.4,9498.3,15583.3,0.684,2,4,4,0,0
base,wavering,smarter,87,fallen,45,,46,1,0,1,,0,7,0,0,3,1,3,1,9352.5,9169.4,15583.3,0.655,3,2,4,0,0
base,wavering,smarter,88,fallen,52,,53,3,2,1,,0,10,2,0,4,2,20,4,9868.6,9608,16741.3,0.649,3,1,7,2,0
base,wavering,smarter,89,fallen,45,,46,1,0,1,,0,8,0,0,2,0,2,0,9060.9,8883.3,15583.3,0.649,2,3,6,0,0
base,wavering,smarter,90,fallen,45,,46,1,0,1,,0,7,0,1,3,1,3,1,9095.5,8917.5,15583.3,0.654,2,2,10,0,0
base,wavering,smarter,91,fallen,45,,46,1,0,1,,0,7,0,1,3,1,3,1,9228.6,9047.7,15583.3,0.664,2,1,10,0,0
base,wavering,smarter,92,fallen,45,,46,1,0,1,,0,7,0,1,3,1,3,1,9181.2,9001,15583.3,0.652,2,3,4,0,0
base,wavering,smarter,93,fallen,45,,46,1,0,1,,0,7,0,0,4,2,4,2,9333.9,9150.7,15583.3,0.671,2,1,8,0,0
base,wavering,smarter,94,fallen,45,,46,1,0,1,,0,7,0,2,5,3,5,3,9318.8,9136,15583.3,0.66,2,4,4,0,0
base,wavering,smarter,95,fallen,45,,46,1,0,1,,0,7,0,1,3,1,3,1,9271.7,9090,15583.3,0.664,2,2,10,0,0
base,wavering,smarter,96,fallen,45,,46,1,0,1,,0,7,0,1,4,2,4,2,9334.5,9151.4,15583.3,0.661,2,1,5,0,0
base,wavering,smarter,97,fallen,45,,46,1,0,1,,0,7,0,2,2,0,2,0,8999.3,8823,15583.3,0.646,2,1,8,0,0
base,wavering,smarter,98,fallen,45,,46,1,0,1,,0,7,0,0,3,1,3,1,8903.2,8728.4,15583.3,0.632,3,7,10,0,0
base,wavering,smarter,99,fallen,45,,46,1,0,1,,0,7,0,0,2,0,2,0,9038.6,8861.2,15583.3,0.647,2,8,4,0,0
base,wavering,smarter,100,fallen,45,,46,1,0,1,,0,7,0,4,4,2,4,2,8605.6,8436.8,15583.3,0.602,2,5,10,0,0
base,wavering,smarter,101,fallen,45,,46,1,0,1,,0,7,0,0,2,0,2,0,9087.8,8910,15583.3,0.654,3,1,6,0,0
base,wavering,smarter,102,active,71,,,3,3,0,goblin:conquered:54 orc:allied:64,2,22,14,1,2,0,85,21,10214.1,9831.4,16741.3,0.677,4,1,14,17,0
base,wavering,smarter,103,fallen,45,,46,1,0,1,,0,7,0,2,3,1,3,1,8811.6,8638.8,15583.3,0.639,2,2,10,0,0
base,wavering,smarter,104,fallen,45,,46,1,0,1,,0,7,0,1,3,1,3,1,9364.3,9180.6,15583.3,0.678,2,3,4,0,0
base,wavering,smarter,105,fallen,45,,46,1,0,1,,0,7,0,3,5,3,5,3,9052,8874.4,15583.3,0.652,2,7,10,0,0
base,wavering,smarter,106,fallen,45,,46,1,0,1,,0,7,0,0,2,0,2,0,9200.7,9020.4,15583.3,0.65,2,3,4,0,0
base,wavering,smarter,107,fallen,45,,46,1,0,1,,0,7,0,0,2,0,2,0,9485.7,9299.8,15583.3,0.692,2,2,4,0,0
base,wavering,smarter,108,fallen,45,,46,1,0,1,,0,7,0,0,2,0,15,3,9182.3,8960.1,15583.3,0.652,2,2,6,0,0
base,wavering,smarter,109,fallen,45,,46,1,0,1,,0,7,0,0,3,1,3,1,8642.5,8472.6,15583.3,0.612,2,10,10,0,0
base,wavering,smarter,110,fallen,45,,46,1,0,1,,0,7,0,1,3,1,3,1,8957.6,8782.1,15583.3,0.647,2,2,10,0,0
base,wavering,smarter,111,fallen,45,,46,1,0,1,,0,7,0,0,6,4,6,4,8564.3,8396.6,15583.3,0.619,2,2,10,0,0
base,wavering,smarter,112,fallen,45,,46,1,0,1,,0,7,0,1,3,1,17,4,9827.9,9568.5,15583.3,0.694,3,2,10,0,0
base,wavering,smarter,113,fallen,44,,45,2,0,1,,0,7,0,0,2,0,20,5,8538,8309.1,15197.3,0.618,2,2,9,5,0
base,wavering,smarter,114,fallen,45,,46,1,0,1,,0,7,0,2,4,2,4,2,9155.6,8976.3,15583.3,0.647,3,,10,0,0
base,wavering,smarter,115,fallen,45,,46,1,0,1,,0,7,0,2,2,0,13,3,9810.6,9575.1,15583.3,0.702,2,1,5,0,0
base,wavering,smarter,116,fallen,45,,46,1,0,1,,0,7,0,1,3,1,3,1,9168.5,8988.5,15583.3,0.639,2,3,10,0,0
base,wavering,smarter,117,fallen,45,,46,1,0,1,,0,7,0,1,3,1,3,1,9975.8,9780.2,15583.3,0.715,2,2,4,0,0
base,wavering,smarter,118,fallen,45,,46,1,0,1,,0,7,0,0,4,2,4,2,9405.9,9221.4,15583.3,0.678,2,2,6,0,0
base,wavering,smarter,119,fallen,45,,46,1,0,1,,0,7,0,0,4,2,4,2,9270.1,9088.3,15583.3,0.672,2,2,4,0,0
base,wavering,smarter,120,fallen,45,,46,1,0,1,,0,7,0,1,3,1,3,1,9086.4,8908.2,15583.3,0.656,2,1,6,0,0
base,wavering,smarter,121,fallen,45,,46,1,0,1,,0,7,0,0,4,2,4,2,9332.2,9149.4,15583.3,0.66,2,3,4,0,0
base,wavering,smarter,122,fallen,45,,46,1,0,1,,0,7,0,1,3,1,3,1,9159.1,8979.8,15583.3,0.67,2,2,4,0,0
base,wavering,smarter,123,fallen,45,,46,1,0,1,,0,7,0,0,5,3,5,3,8695.2,8524.7,15583.3,0.621,3,5,10,0,0
base,wavering,smarter,124,fallen,45,,46,1,0,1,,0,8,0,1,3,1,3,1,9121.7,8942.6,15583.3,0.664,2,2,4,0,0
base,wavering,smarter,125,fallen,45,,46,1,0,1,,0,7,0,0,2,0,18,1,9640.5,9391.6,15583.3,0.681,2,1,10,8,0
base,wavering,smarter,126,fallen,45,,46,1,0,1,,0,7,0,0,2,0,2,0,8744.1,8572.8,15583.3,0.634,2,1,6,0,0
base,wavering,smarter,127,fallen,45,,46,1,0,1,,0,7,0,0,5,3,5,3,9780.3,9588.7,15583.3,0.687,2,1,4,0,0
base,wavering,smarter,128,fallen,51,,52,3,2,1,,0,10,2,2,4,2,16,4,10415.5,10188.7,16741.3,0.692,3,3,7,0,0
base,wavering,smarter,129,fallen,45,,46,1,0,1,,0,8,0,1,4,2,4,2,9394.2,9209.9,15583.3,0.675,2,2,10,0,0
base,wavering,smarter,130,fallen,45,,46,1,0,1,,0,7,0,1,3,1,3,1,9224.5,9043.7,15583.3,0.671,2,2,7,0,0
base,wavering,smarter,131,fallen,45,,46,1,0,1,,0,7,0,0,3,1,3,1,9540,9353,15583.3,0.672,2,2,4,0,0
base,wavering,smarter,132,fallen,45,,46,1,0,1,,0,7,0,2,6,4,6,4,9502,9315.6,15583.3,0.678,2,2,4,0,0
base,wavering,smarter,133,fallen,45,,46,1,0,1,,0,7,0,0,5,3,5,3,9448,9262.6,15583.3,0.667,2,2,8,0,0
base,wavering,smarter,134,fallen,45,,46,1,0,1,,0,7,0,1,3,1,3,1,9542.3,9355.2,15583.3,0.67,3,2,4,0,0
base,wavering,smarter,135,fallen,45,,46,1,0,1,,0,7,0,2,2,0,2,0,8971.9,8795.8,15583.3,0.653,2,2,6,0,0
base,wavering,smarter,136,fallen,45,,46,1,0,1,,0,7,0,0,5,3,5,3,9227,9046.1,15583.3,0.65,3,11,4,0,0
base,wavering,smarter,137,fallen,45,,46,1,0,1,,0,7,0,0,2,0,2,0,9318.7,9136.1,15583.3,0.666,2,1,6,0,0
base,wavering,smarter,138,fallen,45,,46,1,0,1,,0,7,0,0,2,0,16,2,9739,9474.5,15583.3,0.661,3,1,10,0,0
base,wavering,smarter,139,fallen,45,,46,1,0,1,,0,8,0,3,3,1,3,1,9964.5,9769.1,15583.3,0.707,2,3,4,0,0
base,wavering,smarter,140,fallen,45,,46,1,0,1,,0,7,0,1,4,2,4,2,9640.3,9451.4,15583.3,0.688,2,3,4,0,0
base,wavering,smarter,141,fallen,45,,46,1,0,1,,0,7,0,0,2,0,2,0,10123.4,9924.8,15583.3,0.714,2,3,4,0,0
base,wavering,smarter,142,active,71,,,3,3,0,,0,14,3,0,3,1,24,4,9275.2,9080.7,16741.3,0.643,4,2,4,1,0
base,wavering,smarter,143,fallen,45,,46,1,0,1,,0,7,0,1,3,1,13,3,9666.3,9404.5,15583.3,0.674,2,2,10,0,0
base,wavering,smarter,144,fallen,45,,46,1,0,1,,0,7,0,1,3,1,3,1,9174.5,8994.5,15583.3,0.665,2,2,10,0,0
base,wavering,smarter,145,fallen,45,,46,1,0,1,,0,8,0,1,4,2,4,2,9850.3,9657.5,15583.3,0.696,2,4,5,0,0
base,wavering,smarter,146,fallen,45,,46,1,0,1,,0,8,0,2,2,0,2,0,8807.1,8634.3,15583.3,0.634,2,2,4,0,0
base,wavering,smarter,147,fallen,45,,46,1,0,1,,0,8,0,0,3,1,3,1,9242,9060.8,15583.3,0.662,3,2,4,0,0
base,wavering,smarter,148,fallen,45,,46,1,0,1,,0,8,0,0,3,1,3,1,8990.7,8814.2,15583.3,0.652,2,4,5,0,0
base,wavering,smarter,149,fallen,45,,46,1,0,1,,0,7,0,1,3,1,3,1,8811.9,8638.8,15583.3,0.62,2,1,10,0,0
base,wavering,smarter,150,fallen,45,,46,1,0,1,,0,7,0,0,2,0,2,0,9389.8,9205.4,15583.3,0.668,3,5,10,0,0
base,wavering,smarter,151,fallen,45,,46,1,0,1,,0,7,0,0,3,1,24,9,9605.7,9347.8,15583.3,0.667,2,2,10,0,0
base,wavering,smarter,152,fallen,45,,46,1,0,1,,0,8,0,2,2,0,2,0,9282.9,9100.8,15583.3,0.661,2,2,9,0,0
base,wavering,smarter,153,fallen,45,,46,1,0,1,,0,7,0,0,3,1,3,1,9323,9140.2,15583.3,0.677,2,1,4,0,0
base,wavering,smarter,154,fallen,45,,46,1,0,1,,0,7,0,1,3,1,3,1,9273.6,9092,15583.3,0.661,2,2,6,0,0
base,wavering,smarter,155,active,71,,,3,3,0,,0,12,3,2,3,1,32,6,10396.8,10076.6,16741.3,0.647,4,4,11,27,0
base,wavering,smarter,156,fallen,45,,46,1,0,1,,0,7,0,0,2,0,2,0,9334.3,9151.3,15583.3,0.678,2,2,4,0,0
base,wavering,smarter,157,fallen,48,,49,2,1,1,,0,8,1,1,2,0,11,0,10338.1,10114.5,16741.3,0.689,3,17,11,0,0
base,wavering,smarter,158,fallen,45,,46,1,0,1,,0,8,0,1,5,3,5,3,8767.4,8595.6,15583.3,0.623,2,2,4,0,0
base,wavering,smarter,159,fallen,45,,46,1,0,1,,0,8,0,1,2,0,14,2,9892.2,9602.5,15583.3,0.676,2,1,6,0,0
base,wavering,smarter,160,fallen,45,,46,1,0,1,,0,7,0,1,2,0,2,0,9174.7,8994.5,15583.3,0.654,2,5,10,0,0
base,wavering,smarter,161,fallen,45,,46,1,0,1,,0,8,0,0,4,2,4,2,8820.3,8647.6,15583.3,0.623,2,6,6,0,0
base,wavering,smarter,162,fallen,45,,46,1,0,1,,0,7,0,1,2,0,2,0,9843.6,9650.4,15583.3,0.705,3,1,4,0,0
base,wavering,smarter,163,fallen,45,,46,1,0,1,,0,7,0,1,4,2,4,2,9263.3,9081.4,15583.3,0.664,2,2,4,0,0
base,wavering,smarter,164,fallen,45,,46,1,0,1,,0,7,0,1,3,1,3,1,9755.5,9564.4,15583.3,0.703,3,2,4,0,0
base,wavering,smarter,165,fallen,45,,46,1,0,1,,0,7,0,1,3,1,3,1,9138.3,8959.1,15583.3,0.661,2,2,10,0,0
base,wavering,smarter,166,fallen,51,,52,2,1,1,,0,9,1,2,2,0,11,0,10053.8,9840.3,16741.3,0.669,3,2,4,0,0
base,wavering,smarter,167,fallen,45,,46,1,0,1,,0,8,0,1,5,3,5,3,8583,8414.7,15583.3,0.627,2,2,7,0,0
base,wavering,smarter,168,fallen,45,,46,1,0,1,,0,7,0,3,3,1,3,1,9360.4,9177.2,15583.3,0.676,2,4,4,0,0
base,wavering,smarter,169,fallen,45,,46,1,0,1,,0,7,0,1,2,0,2,0,8543.9,8376.4,15583.3,0.624,3,2,10,0,0
base,wavering,smarter,170,fallen,45,,46,1,0,1,,0,7,0,0,2,0,2,0,9547.9,9360.5,15583.3,0.695,2,3,4,0,0
base,wavering,smarter,171,fallen,45,,46,1,0,1,,0,7,0,1,2,0,2,0,9261.2,9079.3,15583.3,0.668,2,4,6,0,0
base,wavering,smarter,172,fallen,45,,46,1,0,1,,0,7,0,3,3,1,3,1,9816.1,9624,15583.3,0.692,3,2,4,0,0
base,wavering,smarter,173,fallen,45,,46,1,0,1,,0,7,0,1,2,0,2,0,8630.3,8461.4,15583.3,0.616,2,9,10,0,0
base,wavering,smarter,174,fallen,45,,46,1,0,1,,0,7,0,0,2,0,2,0,8628.6,8459.6,15583.3,0.623,3,4,10,0,0
base,wavering,smarter,175,fallen,45,,46,1,0,1,,0,7,0,2,3,1,3,1,8706.6,8535.9,15583.3,0.645,2,1,10,0,0
base,wavering,smarter,176,fallen,45,,46,1,0,1,,0,8,0,0,3,1,3,1,9112.5,8934,15583.3,0.652,2,1,10,0,0
base,wavering,smarter,177,fallen,45,,46,1,0,1,,0,7,0,1,4,2,4,2,8551.7,8383.7,15583.3,0.613,2,2,6,0,0
base,wavering,smarter,178,fallen,45,,46,1,0,1,,0,7,0,3,2,0,2,0,9012.7,8835.9,15583.3,0.659,2,1,6,0,0
base,wavering,smarter,179,fallen,45,,46,1,0,1,,0,7,0,0,3,1,3,1,9771.5,9579.8,15583.3,0.682,2,21,4,0,0
base,wavering,smarter,180,fallen,45,,46,1,0,1,,0,7,0,2,3,1,3,1,9381,9197.1,15583.3,0.675,2,1,4,0,0
base,wavering,smarter,181,fallen,45,,46,1,0,1,,0,7,0,0,4,2,4,2,9153.7,8974.2,15583.3,0.662,2,2,4,0,0
base,wavering,smarter,182,fallen,45,,46,1,0,1,,0,7,0,2,2,0,2,0,9536.6,9349.4,15583.3,0.699,3,4,4,0,0
base,wavering,smarter,183,fallen,45,,46,1,0,1,,0,8,0,0,4,2,4,2,8734.1,8562.6,15583.3,0.63,2,2,10,0,0
base,wavering,smarter,184,fallen,45,,46,1,0,1,,0,8,0,0,3,1,3,1,8878,8703.9,15583.3,0.652,2,5,10,0,0
base,wavering,smarter,185,fallen,45,,46,1,0,1,,0,7,0,0,6,4,13,4,9227.6,9046.6,15583.3,0.673,3,1,4,0,0
base,wavering,smarter,186,fallen,45,,46,1,0,1,,0,7,0,1,2,0,2,0,9537.6,9350.6,15583.3,0.686,2,11,4,0,0
base,wavering,smarter,187,fallen,51,,52,2,1,1,,0,9,1,0,2,0,12,0,10659.1,10430.2,16741.3,0.716,3,2,4,0,0
base,wavering,smarter,188,fallen,45,,46,1,0,1,,0,7,0,2,3,1,3,1,9117.4,8938.4,15583.3,0.656,2,1,4,0,0
base,wavering,smarter,189,fallen,45,,46,1,0,1,,0,7,0,0,3,1,3,1,9636.6,9447.7,15583.3,0.673,3,2,4,0,0
base,wavering,smarter,190,fallen,45,,46,1,0,1,,0,7,0,0,3,1,22,6,9932.2,9650.4,15583.3,0.68,2,2,10,0,0
base,wavering,smarter,191,fallen,45,,46,1,0,1,,0,7,0,0,4,2,4,2,9169.8,8989.9,15583.3,0.661,2,2,5,0,0
base,wavering,smarter,192,fallen,45,,46,1,0,1,,0,8,0,2,2,0,2,0,9232.1,9050.8,15583.3,0.664,2,3,9,0,0
base,wavering,smarter,193,fallen,45,,46,1,0,1,,0,7,0,1,3,1,3,1,9258,9076.5,15583.3,0.666,2,17,6,0,0
base,wavering,smarter,194,active,71,,,3,3,0,,0,13,3,2,4,2,39,12,10984.6,10637.1,16741.3,0.685,4,1,11,29,0
base,wavering,smarter,195,fallen,45,,46,1,0,1,,0,7,0,2,3,1,3,1,9603.4,9414.9,15583.3,0.69,2,6,6,0,0
base,wavering,smarter,196,fallen,45,,46,1,0,1,,0,7,0,1,4,2,4,2,9116.3,8937.6,15583.3,0.658,2,2,7,0,0
base,wavering,smarter,197,fallen,45,,46,1,0,1,,0,7,0,0,3,1,3,1,9432.5,9247.8,15583.3,0.667,3,2,6,0,0
base,wavering,smarter,198,fallen,45,,46,1,0,1,,0,7,0,0,2,0,2,0,9363.3,9179.5,15583.3,0.678,3,2,4,0,0
base,wavering,smarter,199,fallen,45,,46,1,0,1,,0,7,0,2,2,0,2,0,9876.3,9682.6,15583.3,0.697,2,2,4,0,0
base,wavering,smarter,200,fallen,45,,46,1,0,1,,0,7,0,1,5,3,5,3,9338.7,9155.7,15583.3,0.664,2,8,4,0,0
base,wavering,smarter,201,fallen,45,,46,1,0,1,,0,7,0,1,3,1,10,1,9319.3,9137.2,15583.3,0.666,3,2,10,0,0
base,wavering,smarter,202,fallen,45,,46,1,0,1,,0,7,0,0,3,1,3,1,8991.3,8815.1,15583.3,0.633,2,2,9,0,0
base,wavering,smarter,203,fallen,45,,46,1,0,1,,0,8,0,1,2,0,2,0,8991.1,8814.7,15583.3,0.647,2,2,8,0,0
base,wavering,smarter,204,fallen,45,,46,1,0,1,,0,8,0,1,3,1,3,1,9487.4,9301.4,15583.3,0.667,2,2,10,0,0
base,wavering,smarter,205,fallen,45,,46,1,0,1,,0,8,0,1,3,1,3,1,9661.8,9472.2,15583.3,0.698,2,3,4,0,0
base,wavering,smarter,206,fallen,45,,46,1,0,1,,0,8,0,3,5,3,5,3,9655.3,9466.1,15583.3,0.678,3,2,6,0,0
base,wavering,smarter,207,fallen,45,,46,1,0,1,,0,7,0,1,2,0,2,0,8905.9,8731,15583.3,0.646,2,2,10,0,0
base,wavering,smarter,208,fallen,45,,46,1,0,1,,0,7,0,0,2,0,2,0,9034.6,8857.5,15583.3,0.656,2,2,4,0,0
base,wavering,smarter,209,fallen,45,,46,1,0,1,,0,8,0,1,3,1,3,1,9189.6,9009.2,15583.3,0.646,3,2,10,0,0
base,wavering,smarter,210,fallen,45,,46,1,0,1,,0,7,0,0,5,3,5,3,8191.7,8031.5,15583.3,0.592,2,2,10,0,0
base,wavering,smarter,211,fallen,45,,46,1,0,1,,0,7,0,0,2,0,2,0,9261.2,9079.4,15583.3,0.658,2,4,4,0,0
base,wavering,smarter,212,fallen,45,,46,1,0,1,,0,7,0,0,2,0,2,0,9331.9,9149.2,15583.3,0.667,2,2,10,0,0
base,wavering,smarter,213,fallen,45,,46,1,0,1,,0,7,0,0,6,4,6,4,8643,8473.4,15583.3,0.62,2,2,6,0,0
base,wavering,smarter,214,fallen,45,,46,1,0,1,,0,7,0,0,2,0,2,0,9411.8,9227.4,15583.3,0.669,2,1,10,0,0
base,wavering,smarter,215,fallen,45,,46,1,0,1,,0,8,0,3,2,0,2,0,8593.4,8424.9,15583.3,0.629,3,9,10,0,0
base,wavering,smarter,216,fallen,45,,46,1,0,1,,0,8,0,2,5,3,5,3,9093.1,8915,15583.3,0.67,2,6,10,0,0
base,wavering,smarter,217,active,71,,,2,0,0,,0,9,0,2,2,0,35,5,10430.5,10119.1,16741.3,0.648,4,1,35,32,0
base,wavering,smarter,218,fallen,45,,46,1,0,1,,0,7,0,0,2,0,2,0,8485.9,8319.3,15583.3,0.616,2,1,10,0,0
base,wavering,smarter,219,fallen,45,,46,1,0,1,,0,8,0,0,4,2,4,2,8444.4,8278.9,15583.3,0.602,3,1,10,0,0
base,wavering,smarter,220,fallen,45,,46,1,0,1,,0,7,0,0,5,3,5,3,8780.6,8608.3,15583.3,0.636,2,2,4,0,0
base,wavering,smarter,221,fallen,45,,46,1,0,1,,0,7,0,0,2,0,2,0,9153.2,8973.7,15583.3,0.663,2,1,4,0,0
base,wavering,smarter,222,fallen,45,,46,1,0,1,,0,7,0,2,4,2,4,2,9345.9,9162.5,15583.3,0.656,2,4,4,0,0
base,wavering,smarter,223,fallen,45,,46,1,0,1,,0,7,0,3,2,0,2,0,9316.6,9134.1,15583.3,0.682,2,1,10,0,0
base,wavering,smarter,224,fallen,45,,46,1,0,1,,0,7,0,0,3,1,3,1,9790.5,9598.4,15583.3,0.7,2,13,4,0,0
base,wavering,smarter,225,fallen,45,,46,1,0,1,,0,7,0,1,5,3,5,3,9829.9,9637.3,15583.3,0.694,3,2,5,0,0
base,wavering,smarter,226,fallen,45,,46,1,0,1,,0,7,0,0,4,2,4,2,9488.4,9302.5,15583.3,0.687,2,6,10,0,0
base,wavering,smarter,227,fallen,45,,46,1,0,1,,0,7,0,0,4,2,15,4,10129.6,9845.1,15583.3,0.688,2,1,10,0,0
base,wavering,smarter,228,fallen,45,,46,1,0,1,,0,7,0,0,4,2,4,2,8980.8,8804.8,15583.3,0.647,2,1,10,0,0
base,wavering,smarter,229,fallen,45,,46,1,0,1,,0,7,0,2,2,0,2,0,9130.9,8951.9,15583.3,0.656,2,9,6,0,0
base,wavering,smarter,230,fallen,45,,46,1,0,1,,0,7,0,1,2,0,2,0,9558.2,9370.6,15583.3,0.683,3,2,4,0,0
base,wavering,smarter,231,active,71,,,2,0,0,,0,10,0,2,3,1,43,10,10343.6,10037.7,16741.3,0.649,4,2,35,26,0
base,wavering,smarter,232,fallen,45,,46,1,0,1,,0,8,0,1,2,0,2,0,9399.2,9215.1,15583.3,0.678,2,1,4,0,0
base,wavering,smarter,233,fallen,45,,46,1,0,1,,0,7,0,2,5,3,5,3,9299.7,9117.6,15583.3,0.657,2,2,5,0,0
base,wavering,smarter,234,fallen,45,,46,1,0,1,,0,7,0,0,3,1,3,1,9207.1,9026.6,15583.3,0.67,2,1,4,0,0
base,wavering,smarter,235,fallen,45,,46,1,0,1,,0,7,0,1,3,1,3,1,9019.6,8843.1,15583.3,0.641,3,3,10,0,0
base,wavering,smarter,236,fallen,45,,46,1,0,1,,0,7,0,1,3,1,3,1,8603.5,8435.1,15583.3,0.622,2,2,10,0,0
base,wavering,smarter,237,fallen,45,,46,1,0,1,,0,8,0,1,2,0,2,0,9438.4,9253.4,15583.3,0.689,2,4,10,0,0
base,wavering,smarter,238,fallen,45,,46,1,0,1,,0,8,0,1,2,0,2,0,8830.5,8657.8,15583.3,0.63,2,18,10,0,0
base,wavering,smarter,239,fallen,45,,46,1,0,1,,0,7,0,0,3,1,3,1,8819.9,8647.4,15583.3,0.647,2,12,10,0,0
base,wavering,smarter,240,fallen,45,,46,1,0,1,,0,7,0,3,5,3,5,3,9669.3,9479.5,15583.3,0.673,2,8,6,0,0
base,wavering,smarter,241,fallen,45,,46,1,0,1,,0,8,0,0,4,2,4,2,9626.7,9437.8,15583.3,0.69,3,1,4,0,0
base,wavering,smarter,242,fallen,45,,46,1,0,1,,0,7,0,1,4,2,4,2,8998.6,8822.3,15583.3,0.666,2,2,6,0,0
base,wavering,smarter,243,fallen,45,,46,1,0,1,,0,8,0,1,5,3,5,3,9352,9168.5,15583.3,0.67,3,3,4,0,0
base,wavering,smarter,244,fallen,45,,46,1,0,1,,0,8,0,2,4,2,4,2,7991.7,7834.8,15583.3,0.562,3,3,10,0,0
base,wavering,smarter,245,fallen,45,,46,1,0,1,,0,8,0,0,3,1,3,1,9178.4,8998.4,15583.3,0.665,2,1,4,0,0
base,wavering,smarter,246,active,71,,,4,3,0,,0,13,4,2,3,1,18,4,9520.1,9318,16741.3,0.626,4,1,6,0,0
base,wavering,smarter,247,fallen,45,,46,1,0,1,,0,7,0,1,3,1,3,1,9310.2,9127.2,15583.3,0.668,2,2,7,0,0
base,wavering,smarter,248,active,71,,,7,4,0,,0,14,4,4,3,1,36,8,10739.9,10420,16741.3,0.666,4,2,15,28,0
base,wavering,smarter,249,fallen,45,,46,1,0,1,,0,7,0,1,3,1,3,1,8593.9,8425.2,15583.3,0.626,2,3,6,0,0
base,wavering,smarter,250,fallen,45,,46,1,0,1,,0,8,0,1,2,0,2,0,9256.7,9075.5,15583.3,0.662,2,1,4,0,0
base,wavering,smarter,251,fallen,45,,46,1,0,1,,0,7,0,0,4,2,4,2,9131.4,8952.2,15583.3,0.648,2,3,10,0,0
base,wavering,smarter,252,fallen,45,,46,1,0,1,,0,8,0,1,2,0,2,0,9460,9274.4,15583.3,0.674,2,1,7,0,0
base,wavering,smarter,253,fallen,45,,46,1,0,1,,0,7,0,2,3,1,3,1,9496.3,9310.1,15583.3,0.684,2,2,4,0,0
base,wavering,smarter,254,fallen,45,,46,1,0,1,,0,8,0,0,3,1,3,1,8949.8,8774.1,15583.3,0.647,2,19,6,0,0
base,wavering,smarter,255,fallen,45,,46,1,0,1,,0,7,0,0,4,2,15,4,9255,9031.7,15583.3,0.658,2,1,6,0,0
base,wavering,smarter,256,fallen,45,,46,1,0,1,,0,7,0,1,3,1,3,1,9176.7,8996.5,15583.3,0.641,3,2,4,0,0
base,wavering,smarter,257,fallen,45,,46,1,0,1,,0,7,0,0,2,0,2,0,8638.9,8469.6,15583.3,0.614,3,1,10,0,0
base,wavering,smarter,258,fallen,45,,46,1,0,1,,0,7,0,1,3,1,3,1,8887.7,8713.5,15583.3,0.638,3,2,10,0,0
base,wavering,smarter,259,fallen,45,,46,1,0,1,,0,8,0,0,4,2,4,2,8880.7,8706.8,15583.3,0.629,2,3,6,0,0
base,wavering,smarter,260,fallen,45,,46,1,0,1,,0,7,0,2,4,2,4,2,9764.5,9573.1,15583.3,0.687,2,2,4,0,0
base,wavering,smarter,261,fallen,45,,46,1,0,1,,0,7,0,0,3,1,3,1,9476.7,9291.1,15583.3,0.675,2,2,4,0,0
base,wavering,smarter,262,fallen,45,,46,1,0,1,,0,7,0,1,4,2,4,2,9311.6,9128.6,15583.3,0.648,2,19,7,0,0
base,wavering,smarter,263,fallen,45,,46,1,0,1,,0,7,0,1,2,0,2,0,8798.2,8625.7,15583.3,0.634,2,1,10,0,0
base,wavering,smarter,264,fallen,45,,46,1,0,1,,0,8,0,1,3,1,3,1,9151.3,8971.7,15583.3,0.66,2,4,10,0,0
base,wavering,smarter,265,fallen,45,,46,1,0,1,,0,7,0,1,4,2,22,6,10142,9861.1,15583.3,0.677,2,2,8,10,0
base,wavering,smarter,266,fallen,45,,46,1,0,1,,0,8,0,3,2,0,2,0,8700.1,8529.4,15583.3,0.637,2,14,10,0,0
base,wavering,smarter,267,fallen,45,,46,1,0,1,,0,7,0,4,3,1,17,4,9200.4,8938.3,15583.3,0.636,2,1,10,0,0
base,wavering,smarter,268,fallen,45,,46,1,0,1,,0,8,0,2,3,1,3,1,9121.5,8942.6,15583.3,0.631,2,2,6,0,0
base,wavering,smarter,269,fallen,45,,46,1,0,1,,0,7,0,0,3,1,3,1,9062.5,8884.8,15583.3,0.633,2,2,5,0,0
base,wavering,smarter,270,fallen,45,,46,1,0,1,,0,7,0,3,4,2,4,2,9539.4,9352.2,15583.3,0.684,3,2,6,0,0
base,wavering,smarter,271,fallen,45,,46,1,0,1,,0,8,0,0,3,1,3,1,8850.9,8677.4,15583.3,0.629,2,1,6,0,0
base,wavering,smarter,272,active,71,,,4,4,0,,0,13,4,3,4,2,21,7,10593.2,10296.9,16741.3,0.664,4,2,11,0,0
base,wavering,smarter,273,fallen,45,,46,1,0,1,,0,7,0,0,4,2,14,4,8948.5,8716.2,15583.3,0.62,3,1,10,0,0
base,wavering,smarter,274,fallen,45,,46,1,0,1,,0,7,0,1,2,0,2,0,9036.1,8859,15583.3,0.657,3,2,4,0,0
base,wavering,smarter,275,fallen,45,,46,1,0,1,,0,7,0,1,3,1,3,1,9298.5,9115.8,15583.3,0.668,2,2,4,0,0
base,wavering,smarter,276,fallen,46,,47,2,0,1,,0,7,0,2,4,2,33,11,9485.7,9221.1,15969.3,0.639,2,1,11,6,0
base,wavering,smarter,277,fallen,45,,46,1,0,1,,0,7,0,0,3,1,3,1,9171.2,8991.1,15583.3,0.671,2,1,4,0,0
base,wavering,smarter,278,fallen,45,,46,1,0,1,,0,7,0,2,3,1,3,1,9439.2,9253.7,15583.3,0.684,3,2,4,0,0
base,wavering,smarter,279,fallen,45,,46,1,0,1,,0,7,0,1,2,0,2,0,9824.2,9631.3,15583.3,0.701,2,1,4,0,0
base,wavering,smarter,280,fallen,45,,46,1,0,1,,0,7,0,1,4,2,4,2,9189.9,9009.7,15583.3,0.654,2,2,10,0,0
base,wavering,smarter,281,fallen,45,,46,1,0,1,,0,7,0,1,5,3,5,3,8950.6,8774.9,15583.3,0.641,2,9,6,0,0
base,wavering,smarter,282,fallen,45,,46,1,0,1,,0,8,0,2,2,0,2,0,9557.6,9370.4,15583.3,0.687,2,1,4,0,0
base,wavering,smarter,283,fallen,45,,46,1,0,1,,0,7,0,1,2,0,18,6,9304.8,9050.1,15583.3,0.636,2,2,10,0,0
base,wavering,smarter,284,fallen,45,,46,1,0,1,,0,7,0,1,4,2,4,2,9189.7,9009.3,15583.3,0.669,2,1,4,0,0
base,wavering,smarter,285,fallen,45,,46,1,0,1,,0,7,0,2,5,3,5,3,8558,8390.4,15583.3,0.615,2,5,10,0,0
base,wavering,smarter,286,fallen,45,,46,1,0,1,,0,7,0,1,5,3,5,3,9221.9,9041.4,15583.3,0.664,3,2,10,0,0
base,wavering,smarter,287,fallen,45,,46,1,0,1,,0,7,0,0,2,0,2,0,8957.7,8781.7,15583.3,0.637,3,2,10,0,0
base,wavering,smarter,288,fallen,45,,46,1,0,1,,0,7,0,0,3,1,3,1,9344.6,9161.5,15583.3,0.648,2,2,6,0,0
base,wavering,smarter,289,fallen,45,,46,1,0,1,,0,7,0,2,6,4,6,4,9225.9,9044.8,15583.3,0.656,2,4,6,0,0
base,wavering,smarter,290,active,71,,,4,4,0,orc:allied:58 dwarf:allied:66,1,13,8,0,4,2,48,13,10154.2,9769.6,16741.3,0.648,4,2,8,21,0
base,wavering,smarter,291,fallen,45,,46,1,0,1,,0,7,0,1,3,1,22,5,9419.1,9167.9,15583.3,0.652,2,1,10,1,0
base,wavering,smarter,292,fallen,45,,46,1,0,1,,0,8,0,0,2,0,2,0,8951,8775.3,15583.3,0.654,2,1,4,0,0
base,wavering,smarter,293,fallen,41,,42,1,0,1,,0,7,0,1,2,0,39,12,8409.8,8149.2,14039.3,0.642,2,1,6,1,0
base,wavering,smarter,294,fallen,48,,49,2,1,1,,0,9,1,0,3,1,24,8,10991.5,10678.2,16741.3,0.703,2,2,8,8,0
base,wavering,smarter,295,fallen,48,,49,2,1,1,,0,9,1,1,2,0,21,5,10610.2,10305.6,16741.3,0.683,3,1,11,0,0
base,wavering,smarter,296,fallen,45,,46,1,0,1,,0,7,0,0,2,0,2,0,8765.4,8593.6,15583.3,0.631,2,11,6,0,0
base,wavering,smarter,297,fallen,45,,46,1,0,1,,0,7,0,2,2,0,2,0,9220.5,9039.7,15583.3,0.675,2,1,4,0,0
base,wavering,smarter,298,fallen,45,,46,1,0,1,,0,7,0,1,3,1,3,1,9445.4,9260.4,15583.3,0.684,2,1,4,0,0
base,wavering,smarter,299,fallen,45,,46,1,0,1,,0,7,0,1,2,0,2,0,9381.8,9197.7,15583.3,0.681,2,2,10,0,0
base,wavering,smarter,300,fallen,45,,46,1,0,1,,0,7,0,0,4,2,4,2,9222,9041,15583.3,0.668,2,8,4,0,0
benchmarkB:-10,committed,greedy,1,won,68,68,,0,0,0,archmage:conquered:41 orc:conquered:52 goblin:conquered:60 dwarf:conquered:68,3,31,24,1,2,0,97,9,13123.5,12597.4,14851.5,0.782,6,10,0,11,0
benchmarkB:-10,committed,greedy,2,active,71,,,0,0,0,archmage:conquered:41 orc:conquered:60 goblin:conquered:68,3,30,24,0,2,0,83,4,13278.1,12751.4,14851.5,0.766,6,3,1,17,0
benchmarkB:-10,committed,greedy,3,active,71,,,0,0,0,archmage:conquered:44 orc:conquered:56 goblin:conquered:64,5,36,27,0,2,0,93,2,15007.8,14419.2,14851.5,0.856,7,1,1,12,0
benchmarkB:-10,committed,greedy,4,won,69,69,,0,0,0,goblin:conquered:43 archmage:conquered:53 orc:conquered:61 dwarf:conquered:69,4,31,25,1,2,0,95,10,13685.3,13098.4,14851.5,0.773,6,1,1,11,0
benchmarkB:-10,committed,greedy,5,won,67,67,,0,0,0,archmage:conquered:43 orc:conquered:51 goblin:conquered:59 dwarf:conquered:67,6,30,26,0,2,0,92,10,15245.2,14332.1,14851.5,0.818,6,1,0,5,0
benchmarkB:-10,committed,greedy,6,active,71,,,0,0,0,,6,24,9,0,3,1,84,8,13647.4,13129.7,14851.5,0.804,6,2,2,37,0
benchmarkB:-10,committed,greedy,7,won,59,59,,0,0,0,orc:conquered:35 goblin:conquered:43 archmage:conquered:51 dwarf:conquered:59,5,22,19,0,2,0,88,13,15887.6,14778.1,14851.5,0.826,5,2,0,4,0
benchmarkB:-10,committed,greedy,8,won,63,63,,0,0,0,archmage:conquered:36 orc:conquered:47 goblin:conquered:55 dwarf:conquered:63,3,28,23,0,2,0,88,7,15259.2,14446.9,14851.5,0.818,5,1,0,10,0
benchmarkB:-10,committed,greedy,9,won,66,66,,0,0,0,goblin:conquered:41 archmage:conquered:49 orc:conquered:58 dwarf:conquered:66,2,29,24,0,4,2,89,8,13677.4,13046.1,14851.5,0.762,5,2,1,14,0
benchmarkB:-10,committed,greedy,10,active,71,,,0,0,0,archmage:conquered:60 orc:conquered:69,8,36,25,0,2,0,96,4,14339.7,13865.4,14851.5,0.824,6,2,0,19,0
benchmarkB:-10,committed,greedy,11,won,65,65,,0,0,0,orc:conquered:41 archmage:conquered:49 dwarf:conquered:57 goblin:conquered:65,2,26,22,0,2,0,85,11,14823.4,13820.4,14851.5,0.789,6,1,0,5,0
benchmarkB:-10,committed,greedy,12,won,59,59,,0,0,0,archmage:conquered:35 goblin:conquered:43 orc:conquered:51 dwarf:conquered:59,4,29,27,0,2,0,90,14,16816.7,15470,14851.5,0.847,5,2,0,6,0
benchmarkB:-10,committed,greedy,13,won,66,66,,0,0,0,goblin:conquered:39 archmage:conquered:50 orc:conquered:58 dwarf:conquered:66,5,31,25,1,2,0,83,6,14899.8,14169,14851.5,0.829,6,11,0,12,0
benchmarkB:-10,committed,greedy,14,won,65,65,,0,0,0,orc:conquered:41 archmage:conquered:49 goblin:conquered:57 dwarf:conquered:65,3,26,22,0,2,0,91,12,14724.3,13706.6,14851.5,0.775,5,1,0,5,0
benchmarkB:-10,committed,greedy,15,active,71,,,0,0,0,,8,28,11,0,3,1,104,11,13381.3,12953.6,14851.5,0.797,6,2,1,37,0
benchmarkB:-10,committed,greedy,16,won,66,66,,0,0,0,dwarf:conquered:41 archmage:conquered:50 orc:conquered:58 goblin:conquered:66,3,29,22,0,2,0,84,5,14249.8,13596.7,14851.5,0.808,6,2,1,9,0
benchmarkB:-10,committed,greedy,17,active,71,,,0,0,0,goblin:conquered:40 archmage:conquered:61 orc:conquered:69,5,36,29,0,2,0,91,8,13538.8,12941.4,14851.5,0.805,7,1,2,18,0
benchmarkB:-10,committed,greedy,18,active,71,,,0,0,0,archmage:conquered:64,9,39,29,0,2,0,104,6,14037.5,13584.3,14851.5,0.817,6,2,0,18,0
benchmarkB:-10,committed,greedy,19,won,60,60,,0,0,0,goblin:conquered:36 archmage:conquered:44 orc:conquered:52 dwarf:conquered:60,3,27,21,0,2,0,90,9,14718.8,13899.5,14851.5,0.799,5,3,0,16,0
benchmarkB:-10,committed,greedy,20,won,70,70,,0,0,0,archmage:conquered:42 dwarf:conquered:54 goblin:conquered:62 orc:conquered:70,3,35,27,0,3,1,89,8,13469.3,12961.1,14851.5,0.788,6,2,0,13,0
benchmarkB:-10,committed,greedy,21,active,71,,,0,0,0,,7,19,3,1,2,0,65,5,13721.1,13295.8,14851.5,0.81,6,1,0,35,0
benchmarkB:-10,committed,greedy,22,active,71,,,0,0,0,archmage:conquered:42 orc:conquered:55 goblin:conquered:63,4,32,23,0,3,1,90,12,14108.6,13543.6,14851.5,0.8,6,2,1,10,0
benchmarkB:-10,committed,greedy,23,active,71,,,0,0,0,,7,28,10,0,2,0,85,1,14347.7,13885.2,14851.5,0.819,6,2,0,35,0
benchmarkB:-10,committed,greedy,24,won,70,70,,0,0,0,archmage:conquered:46 goblin:conquered:54 orc:conquered:62 dwarf:conquered:70,5,32,26,0,2,0,87,7,14633.1,13822.6,14851.5,0.806,6,2,0,7,0
benchmarkB:-10,committed,greedy,25,active,71,,,0,0,0,,7,25,13,0,2,0,89,6,13377,12964.3,14851.5,0.793,6,3,0,36,0
benchmarkB:-10,committed,greedy,26,won,66,66,,0,0,0,archmage:conquered:42 orc:conquered:50 goblin:conquered:58 dwarf:conquered:66,3,32,26,0,2,0,89,9,14001.6,13372.5,14851.5,0.765,5,1,1,7,0
benchmarkB:-10,committed,greedy,27,active,71,,,0,0,0,archmage:conquered:48 goblin:conquered:56 orc:conquered:64,5,38,32,0,2,0,97,15,14973.5,14068.2,14851.5,0.815,6,1,0,7,0
benchmarkB:-10,committed,greedy,28,active,71,,,0,0,0,goblin:conquered:41 archmage:conquered:61 orc:conquered:69,3,36,27,1,2,0,99,11,13585.9,12983.7,14851.5,0.787,6,2,0,19,0
benchmarkB:-10,committed,greedy,29,won,64,64,,0,0,0,goblin:conquered:40 archmage:conquered:48 orc:conquered:56 dwarf:conquered:64,4,34,30,0,2,0,87,7,15334.6,14311.9,14851.5,0.805,5,1,0,4,0
benchmarkB:-10,committed,greedy,30,active,71,,,0,0,0,,8,28,14,0,2,0,86,5,14168.1,13695.8,14851.5,0.841,7,2,0,38,0
benchmarkB:-10,steadfast,greedy,1,won,65,65,,0,0,0,archmage:conquered:40 orc:conquered:49 goblin:conquered:57 dwarf:conquered:65,3,27,23,0,2,0,86,4,16757.5,15695.7,14851.5,0.878,8,10,0,4,0
benchmarkB:-10,steadfast,greedy,2,won,58,58,,0,0,0,archmage:conquered:33 orc:conquered:42 goblin:conquered:50 dwarf:conquered:58,3,25,20,0,2,0,83,5,17468.1,16264.5,14851.5,0.859,7,2,0,5,0
benchmarkB:-10,steadfast,greedy,3,won,54,54,,0,0,0,archmage:conquered:30 goblin:conquered:38 orc:conquered:46 dwarf:conquered:54,4,27,25,0,2,0,73,5,20624.1,18732.2,14851.5,0.931,7,1,0,4,0
benchmarkB:-10,steadfast,greedy,4,active,71,,,0,0,0,archmage:conquered:35,4,20,17,0,2,0,80,4,17279.6,16010.6,14851.5,0.854,9,1,0,4,0
benchmarkB:-10,steadfast,greedy,5,won,61,61,,0,0,0,archmage:conquered:37 goblin:conquered:45 orc:conquered:53 dwarf:conquered:61,4,29,26,0,2,0,76,3,18435.8,17064.5,14851.5,0.881,7,1,0,5,0
benchmarkB:-10,steadfast,greedy,6,won,48,48,,0,0,0,goblin:conquered:24 archmage:conquered:32 orc:conquered:40 dwarf:conquered:48,2,23,22,0,3,1,70,2,19122.7,17410.6,14851.5,0.87,7,2,0,4,0
benchmarkB:-10,steadfast,greedy,7,won,46,46,,0,0,0,goblin:conquered:21 archmage:conquered:30 orc:conquered:38 dwarf:conquered:46,2,22,21,0,2,0,73,5,19172,17479.3,14174.3,0.913,5,2,0,4,0
benchmarkB:-10,steadfast,greedy,8,won,51,51,,0,0,0,goblin:conquered:25 archmage:conquered:35 orc:conquered:43 dwarf:conquered:51,2,25,22,0,2,0,72,1,19805,18093.6,14851.5,0.903,6,1,0,3,0
benchmarkB:-10,steadfast,greedy,9,won,48,48,,0,0,0,goblin:conquered:23 archmage:conquered:32 orc:conquered:40 dwarf:conquered:48,2,26,23,0,3,1,85,7,17786.6,16358,14851.5,0.857,5,2,0,4,0
benchmarkB:-10,steadfast,greedy,10,won,49,49,,0,0,0,archmage:conquered:25 orc:conquered:33 goblin:conquered:41 dwarf:conquered:49,3,24,22,0,2,0,73,5,20074.8,18281.5,14851.5,0.899,6,2,0,4,0
benchmarkB:-10,steadfast,greedy,11,won,60,60,,0,0,0,archmage:conquered:36 goblin:conquered:44 orc:conquered:52 dwarf:conquered:60,4,27,24,0,2,0,77,1,18897.6,17454.5,14851.5,0.874,7,1,0,5,0
benchmarkB:-10,steadfast,greedy,12,won,55,55,,0,0,0,archmage:conquered:30 orc:conquered:39 goblin:conquered:47 dwarf:conquered:55,4,27,26,0,2,0,73,5,20368.2,18538.7,14851.5,0.917,7,2,0,4,0
benchmarkB:-10,steadfast,greedy,13,won,56,56,,0,0,0,archmage:conquered:31 orc:conquered:40 goblin:conquered:48 dwarf:conquered:56,4,27,25,0,2,0,82,5,19462.8,17915.6,14851.5,0.917,7,11,0,5,0
benchmarkB:-10,steadfast,greedy,14,won,48,48,,0,0,0,goblin:conquered:24 archmage:conquered:32 orc:conquered:40 dwarf:conquered:48,2,23,22,0,2,0,73,5,18594.3,16954.2,14851.5,0.872,6,1,0,4,0
benchmarkB:-10,steadfast,greedy,15,won,48,48,,0,0,0,archmage:conquered:23 goblin:conquered:32 orc:conquered:40 dwarf:conquered:48,2,22,20,0,3,1,73,5,18945.1,17316.4,14851.5,0.889,6,2,0,5,0
benchmarkB:-10,steadfast,greedy,16,won,60,60,,0,0,0,archmage:conquered:36 orc:conquered:44 goblin:conquered:52 dwarf:conquered:60,6,30,27,0,2,0,80,5,18891.9,17414.1,14851.5,0.896,7,2,0,6,0
benchmarkB:-10,steadfast,greedy,17,won,46,46,,0,0,0,goblin:conquered:21 archmage:conquered:30 orc:conquered:38 dwarf:conquered:46,2,21,20,0,2,0,71,3,17670.2,16149.2,14174.3,0.88,5,1,0,3,0
benchmarkB:-10,steadfast,greedy,18,won,48,48,,0,0,0,archmage:conquered:23 orc:conquered:32 goblin:conquered:40 dwarf:conquered:48,2,21,19,0,2,0,75,6,19661.2,17890.2,14851.5,0.899,6,2,0,4,0
benchmarkB:-10,steadfast,greedy,19,won,50,50,,0,0,0,goblin:conquered:26 archmage:conquered:34 orc:conquered:42 dwarf:conquered:50,2,24,22,0,2,0,71,2,20192.6,18348.8,14851.5,0.909,6,3,0,4,0
benchmarkB:-10,steadfast,greedy,20,won,48,48,,0,0,0,archmage:conquered:24 goblin:conquered:32 orc:conquered:40 dwarf:conquered:48,4,23,21,0,2,0,70,2,19188.7,17496,14851.5,0.88,5,1,0,3,0
benchmarkB:-10,steadfast,greedy,21,won,47,47,,0,0,0,goblin:conquered:22 archmage:conquered:30 orc:conquered:39 dwarf:conquered:47,3,22,20,0,2,0,72,4,19361.6,17604.7,14512.9,0.912,6,1,0,4,0
benchmarkB:-10,steadfast,greedy,22,won,48,48,,0,0,0,archmage:conquered:23 goblin:conquered:32 orc:conquered:40 dwarf:conquered:48,3,22,21,0,2,0,73,5,19615.4,17809.1,14851.5,0.903,6,2,0,3,0
benchmarkB:-10,steadfast,greedy,23,won,50,50,,0,0,0,archmage:conquered:25 orc:conquered:34 goblin:conquered:42 dwarf:conquered:50,2,22,20,0,2,0,73,2,20487.3,18639.3,14851.5,0.916,6,2,0,2,0
benchmarkB:-10,steadfast,greedy,24,won,49,49,,0,0,0,goblin:conquered:25 archmage:conquered:33 orc:conquered:41 dwarf:conquered:49,3,24,23,0,2,0,68,0,19508.6,17764.9,14851.5,0.88,6,2,0,4,0
benchmarkB:-10,steadfast,greedy,25,won,51,51,,0,0,0,archmage:conquered:27 orc:conquered:35 goblin:conquered:43 dwarf:conquered:51,3,21,20,0,2,0,70,3,18310.2,16696.9,14851.5,0.86,6,2,0,4,0
benchmarkB:-10,steadfast,greedy,26,active,71,,,0,0,0,archmage:conquered:34,3,19,15,0,2,0,84,2,17412,16272.2,14851.5,0.87,8,1,0,5,0
benchmarkB:-10,steadfast,greedy,27,won,46,46,,0,0,0,archmage:conquered:22 orc:conquered:30 goblin:conquered:38 dwarf:conquered:46,2,20,19,0,2,0,70,2,17705.7,16168.7,14174.3,0.877,5,1,0,4,0
benchmarkB:-10,steadfast,greedy,28,won,55,55,,0,0,0,goblin:conquered:31 orc:conquered:39 archmage:conquered:47 dwarf:conquered:55,3,27,24,0,2,0,81,4,18469.8,16959.9,14851.5,0.881,6,2,0,5,0
benchmarkB:-10,steadfast,greedy,29,won,58,58,,0,0,0,archmage:conquered:34 goblin:conquered:42 orc:conquered:50 dwarf:conquered:58,4,25,22,0,2,0,87,7,18372,16978,14851.5,0.902,8,1,0,7,0
benchmarkB:-10,steadfast,greedy,30,won,46,46,,0,0,0,archmage:conquered:21 orc:conquered:30 goblin:conquered:38 dwarf:conquered:46,3,22,20,0,2,0,74,2,19358.9,17631.9,14174.3,0.928,5,2,0,5,0
benchmarkB:-20,committed,greedy,1,won,68,68,,0,0,0,goblin:conquered:42 archmage:conquered:52 orc:conquered:60 dwarf:conquered:68,2,31,24,1,2,0,102,14,13160.6,12597.3,13961.9,0.782,6,10,0,10,0
benchmarkB:-20,committed,greedy,2,won,67,67,,0,0,0,archmage:conquered:42 orc:conquered:51 goblin:conquered:59 dwarf:conquered:67,3,31,26,0,2,0,87,9,13041.8,12488.8,13961.9,0.766,6,3,2,8,0
benchmarkB:-20,committed,greedy,3,active,71,,,0,0,0,archmage:conquered:44 orc:conquered:56 goblin:conquered:64,6,38,28,0,2,0,93,1,14996.6,14419.5,13961.9,0.856,7,1,1,14,0
benchmarkB:-20,committed,greedy,4,won,66,66,,0,0,0,goblin:conquered:41 archmage:conquered:50 orc:conquered:58 dwarf:conquered:66,4,28,22,0,2,0,83,5,13732.2,13097.8,13961.9,0.768,6,1,2,8,0
benchmarkB:-20,committed,greedy,5,won,61,61,,0,0,0,archmage:conquered:36 orc:conquered:45 goblin:conquered:53 dwarf:conquered:61,4,28,24,0,2,0,92,9,15230.6,14332.3,13961.9,0.814,5,1,0,5,0
benchmarkB:-20,committed,greedy,6,active,71,,,0,0,0,goblin:conquered:51 archmage:conquered:62 orc:conquered:70,5,34,23,0,3,1,114,8,13657.5,13129.4,13961.9,0.804,6,2,2,22,0
benchmarkB:-20,committed,greedy,7,won,59,59,,0,0,0,orc:conquered:35 goblin:conquered:43 archmage:conquered:51 dwarf:conquered:59,5,22,19,0,2,0,88,13,15887.6,14778.1,13961.9,0.826,5,2,0,4,0
benchmarkB:-20,committed,greedy,8,won,63,63,,0,0,0,archmage:conquered:38 orc:conquered:47 goblin:conquered:55 dwarf:conquered:63,4,28,23,0,2,0,88,6,15259.2,14446.9,13961.9,0.818,5,1,0,11,0
benchmarkB:-20,committed,greedy,9,won,68,68,,0,0,0,goblin:conquered:40 archmage:conquered:52 orc:conquered:60 dwarf:conquered:68,2,34,29,0,4,2,95,13,13721.2,13045.6,13961.9,0.76,6,2,1,8,0
benchmarkB:-20,committed,greedy,10,active,71,,,0,0,0,goblin:conquered:54 archmage:conquered:65,6,37,24,0,2,0,114,6,14339.7,13865.4,13961.9,0.824,6,2,0,25,0
benchmarkB:-20,committed,greedy,11,won,61,61,,0,0,0,goblin:conquered:37 archmage:conquered:45 orc:conquered:53 dwarf:conquered:61,2,28,24,0,2,0,86,12,14823.4,13820.4,13961.9,0.793,5,1,0,5,0
benchmarkB:-20,committed,greedy,12,won,57,57,,0,0,0,archmage:conquered:33 orc:conquered:41 goblin:conquered:49 dwarf:conquered:57,3,24,22,0,2,0,90,14,16816.7,15470,13961.9,0.845,5,2,0,7,0
benchmarkB:-20,committed,greedy,13,won,66,66,,0,0,0,goblin:conquered:40 archmage:conquered:50 orc:conquered:58 dwarf:conquered:66,5,30,24,1,2,0,84,6,14868.8,14169.2,13961.9,0.829,6,11,0,12,0
benchmarkB:-20,committed,greedy,14,won,67,67,,0,0,0,archmage:conquered:43 goblin:conquered:51 orc:conquered:59 dwarf:conquered:67,3,29,25,0,2,0,88,9,14694.9,13706.8,13961.9,0.773,6,1,0,7,0
benchmarkB:-20,committed,greedy,15,active,71,,,0,0,0,,8,27,10,0,3,1,99,12,13381.3,12953.6,13961.9,0.797,6,2,0,37,0
benchmarkB:-20,committed,greedy,16,won,67,67,,0,0,0,goblin:conquered:41 archmage:conquered:50 orc:conquered:59 dwarf:conquered:67,4,29,22,0,2,0,78,2,14249.8,13596.7,13961.9,0.806,6,2,1,8,0
benchmarkB:-20,committed,greedy,17,won,65,65,,0,0,0,goblin:conquered:40 orc:conquered:49 archmage:conquered:57 dwarf:conquered:65,5,31,23,0,2,0,94,13,13538.8,12941.4,13961.9,0.804,6,1,1,13,0
benchmarkB:-20,committed,greedy,18,active,71,,,0,0,0,archmage:conquered:49 goblin:conquered:59 orc:conquered:67,6,32,22,0,2,0,107,7,14037.5,13584.3,13961.9,0.817,6,2,0,16,0
benchmarkB:-20,committed,greedy,19,won,68,68,,0,0,0,goblin:conquered:38 archmage:conquered:52 orc:conquered:60 dwarf:conquered:68,4,31,24,0,2,0,100,17,14724.2,13925.2,13961.9,0.794,6,3,0,15,0
benchmarkB:-20,committed,greedy,20,won,68,68,,0,0,0,archmage:conquered:42 orc:conquered:52 dwarf:conquered:60 goblin:conquered:68,4,30,22,0,3,1,87,8,13513.1,12961,13961.9,0.786,6,2,2,11,0
benchmarkB:-20,committed,greedy,21,active,71,,,0,0,0,,7,24,7,1,2,0,68,4,13721.1,13295.8,13961.9,0.81,6,1,0,35,0
benchmarkB:-20,committed,greedy,22,active,71,,,0,0,0,,8,26,7,1,3,1,122,7,13783,13351.3,13961.9,0.8,6,2,0,34,0
benchmarkB:-20,committed,greedy,23,active,71,,,0,0,0,,8,16,8,0,2,0,82,1,14304.4,13885.5,13961.9,0.819,6,2,0,35,0
benchmarkB:-20,committed,greedy,24,won,69,69,,0,0,0,orc:conquered:45 goblin:conquered:53 archmage:conquered:61 dwarf:conquered:69,5,29,22,0,2,0,87,7,14633.1,13822.6,13961.9,0.808,6,2,0,7,0
benchmarkB:-20,committed,greedy,25,active,71,,,0,0,0,goblin:conquered:43 archmage:conquered:56 orc:conquered:64,4,32,24,0,2,0,102,16,13461,12925.9,13961.9,0.793,6,3,0,14,0
benchmarkB:-20,committed,greedy,26,won,68,68,,0,0,0,archmage:conquered:42 orc:conquered:52 goblin:conquered:60 dwarf:conquered:68,2,32,26,0,2,0,89,9,14001.6,13372.5,13961.9,0.768,6,1,1,7,0
benchmarkB:-20,committed,greedy,27,active,71,,,0,0,0,archmage:conquered:48 goblin:conquered:56 orc:conquered:64,5,36,30,0,2,0,99,15,14987.2,14068.2,13961.9,0.815,6,1,0,5,0
benchmarkB:-20,committed,greedy,28,active,71,,,0,0,0,goblin:conquered:41 archmage:conquered:62 orc:conquered:70,3,35,29,1,2,0,97,11,13585.9,12983.7,13961.9,0.787,6,2,0,19,0
benchmarkB:-20,committed,greedy,29,won,66,66,,0,0,0,archmage:conquered:42 orc:conquered:50 goblin:conquered:58 dwarf:conquered:66,4,34,30,0,2,0,84,4,15334.6,14311.9,13961.9,0.805,6,1,0,4,0
benchmarkB:-20,committed,greedy,30,active,71,,,0,0,0,,8,29,11,0,2,0,99,6,14134,13696.2,13961.9,0.841,7,2,0,38,0
benchmarkB:-20,steadfast,greedy,1,won,65,65,,0,0,0,archmage:conquered:41 orc:conquered:49 goblin:conquered:57 dwarf:conquered:65,4,26,22,0,2,0,86,4,16757.5,15695.7,13961.9,0.878,8,10,0,4,0
benchmarkB:-20,steadfast,greedy,2,won,58,58,,0,0,0,archmage:conquered:33 orc:conquered:42 goblin:conquered:50 dwarf:conquered:58,3,25,20,0,2,0,83,5,17468.1,16264.5,13961.9,0.859,7,2,0,5,0
benchmarkB:-20,steadfast,greedy,3,won,54,54,,0,0,0,archmage:conquered:30 goblin:conquered:38 orc:conquered:46 dwarf:conquered:54,4,27,25,0,2,0,73,5,20624.1,18732.2,13961.9,0.931,7,1,0,4,0
benchmarkB:-20,steadfast,greedy,4,active,71,,,0,0,0,archmage:conquered:35,4,20,17,0,2,0,80,4,17279.6,16010.6,13961.9,0.854,9,1,0,4,0
benchmarkB:-20,steadfast,greedy,5,won,61,61,,0,0,0,archmage:conquered:37 goblin:conquered:45 orc:conquered:53 dwarf:conquered:61,4,29,26,0,2,0,76,3,18435.8,17064.5,13961.9,0.881,7,1,0,5,0
benchmarkB:-20,steadfast,greedy,6,won,48,48,,0,0,0,goblin:conquered:24 archmage:conquered:32 orc:conquered:40 dwarf:conquered:48,2,23,22,0,3,1,70,2,19122.7,17410.6,13961.9,0.87,7,2,0,4,0
benchmarkB:-20,steadfast,greedy,7,won,46,46,,0,0,0,goblin:conquered:21 archmage:conquered:30 orc:conquered:38 dwarf:conquered:46,2,22,21,0,2,0,73,5,19172,17479.3,13366.3,0.913,5,2,0,4,0
benchmarkB:-20,steadfast,greedy,8,won,51,51,,0,0,0,goblin:conquered:25 archmage:conquered:35 orc:conquered:43 dwarf:conquered:51,2,25,22,0,2,0,72,1,19805,18093.6,13961.9,0.903,6,1,0,3,0
benchmarkB:-20,steadfast,greedy,9,won,49,49,,0,0,0,goblin:conquered:23 archmage:conquered:33 orc:conquered:41 dwarf:conquered:49,2,24,21,0,3,1,85,7,18040.1,16584.4,13961.9,0.859,6,2,0,4,0
benchmarkB:-20,steadfast,greedy,10,won,49,49,,0,0,0,archmage:conquered:25 orc:conquered:33 goblin:conquered:41 dwarf:conquered:49,3,24,22,0,2,0,73,5,20074.8,18281.5,13961.9,0.899,6,2,0,4,0
benchmarkB:-20,steadfast,greedy,11,won,60,60,,0,0,0,archmage:conquered:36 orc:conquered:44 goblin:conquered:52 dwarf:conquered:60,4,26,23,0,2,0,77,1,18871.3,17453.9,13961.9,0.874,7,1,0,5,0
benchmarkB:-20,steadfast,greedy,12,won,54,54,,0,0,0,archmage:conquered:30 goblin:conquered:38 orc:conquered:46 dwarf:conquered:54,4,27,26,0,2,0,73,5,20393.7,18539,13961.9,0.916,7,2,0,4,0
benchmarkB:-20,steadfast,greedy,13,won,56,56,,0,0,0,archmage:conquered:31 orc:conquered:40 goblin:conquered:48 dwarf:conquered:56,4,27,25,0,2,0,82,5,19462.8,17915.6,13961.9,0.917,7,11,0,5,0
benchmarkB:-20,steadfast,greedy,14,won,48,48,,0,0,0,goblin:conquered:24 archmage:conquered:32 orc:conquered:40 dwarf:conquered:48,2,23,22,0,2,0,73,5,18594.3,16954.2,13961.9,0.872,6,1,0,4,0
benchmarkB:-20,steadfast,greedy,15,won,48,48,,0,0,0,archmage:conquered:23 goblin:conquered:32 orc:conquered:40 dwarf:conquered:48,2,22,20,0,3,1,73,5,18945.1,17316.4,13961.9,0.889,6,2,0,5,0
benchmarkB:-20,steadfast,greedy,16,won,60,60,,0,0,0,archmage:conquered:36 orc:conquered:44 goblin:conquered:52 dwarf:conquered:60,6,30,27,0,2,0,80,5,18891.9,17414.1,13961.9,0.896,7,2,0,6,0
benchmarkB:-20,steadfast,greedy,17,won,47,47,,0,0,0,goblin:conquered:21 archmage:conquered:30 orc:conquered:39 dwarf:conquered:47,2,21,20,0,2,0,71,3,18634.5,16993.5,13664.1,0.881,6,1,0,3,0
benchmarkB:-20,steadfast,greedy,18,won,48,48,,0,0,0,archmage:conquered:23 orc:conquered:32 goblin:conquered:40 dwarf:conquered:48,2,21,19,0,2,0,75,6,19661.2,17890.2,13961.9,0.899,6,2,0,4,0
benchmarkB:-20,steadfast,greedy,19,won,50,50,,0,0,0,goblin:conquered:26 archmage:conquered:34 orc:conquered:42 dwarf:conquered:50,2,24,22,0,2,0,71,2,20192.6,18348.8,13961.9,0.909,6,3,0,4,0
benchmarkB:-20,steadfast,greedy,20,won,48,48,,0,0,0,archmage:conquered:24 goblin:conquered:32 orc:conquered:40 dwarf:conquered:48,4,23,21,0,2,0,70,2,19188.7,17496,13961.9,0.88,5,1,0,3,0
benchmarkB:-20,steadfast,greedy,21,won,47,47,,0,0,0,goblin:conquered:22 archmage:conquered:30 orc:conquered:39 dwarf:conquered:47,3,22,20,0,2,0,72,4,19361.6,17604.7,13664.1,0.912,6,1,0,4,0
benchmarkB:-20,steadfast,greedy,22,won,48,48,,0,0,0,archmage:conquered:23 goblin:conquered:32 orc:conquered:40 dwarf:conquered:48,3,22,21,0,2,0,73,5,19615.4,17809.1,13961.9,0.903,6,2,0,3,0
benchmarkB:-20,steadfast,greedy,23,won,50,50,,0,0,0,archmage:conquered:25 orc:conquered:34 goblin:conquered:42 dwarf:conquered:50,2,22,20,0,2,0,73,2,20487.3,18639.3,13961.9,0.916,6,2,0,2,0
benchmarkB:-20,steadfast,greedy,24,won,49,49,,0,0,0,goblin:conquered:25 archmage:conquered:33 orc:conquered:41 dwarf:conquered:49,3,24,23,0,2,0,68,0,19508.6,17764.9,13961.9,0.88,6,2,0,4,0
benchmarkB:-20,steadfast,greedy,25,won,51,51,,0,0,0,archmage:conquered:27 orc:conquered:35 goblin:conquered:43 dwarf:conquered:51,3,21,20,0,2,0,70,3,18310.2,16696.9,13961.9,0.86,6,2,0,4,0
benchmarkB:-20,steadfast,greedy,26,won,58,58,,0,0,0,archmage:conquered:34 orc:conquered:42 goblin:conquered:50 dwarf:conquered:58,3,26,22,0,2,0,84,2,17412,16272.2,13961.9,0.852,7,1,0,5,0
benchmarkB:-20,steadfast,greedy,27,won,46,46,,0,0,0,archmage:conquered:22 orc:conquered:30 goblin:conquered:38 dwarf:conquered:46,2,20,19,0,2,0,70,2,17705.7,16168.7,13366.3,0.877,5,1,0,4,0
benchmarkB:-20,steadfast,greedy,28,won,55,55,,0,0,0,archmage:conquered:30 orc:conquered:39 goblin:conquered:47 dwarf:conquered:55,3,26,23,0,2,0,81,4,18469.8,16959.9,13961.9,0.881,6,2,0,5,0
benchmarkB:-20,steadfast,greedy,29,won,58,58,,0,0,0,archmage:conquered:34 orc:conquered:42 goblin:conquered:50 dwarf:conquered:58,4,25,22,0,2,0,87,7,18352.9,16977,13961.9,0.902,8,1,0,7,0
benchmarkB:-20,steadfast,greedy,30,won,46,46,,0,0,0,archmage:conquered:21 orc:conquered:30 goblin:conquered:38 dwarf:conquered:46,3,22,20,0,2,0,74,2,19358.9,17631.9,13366.3,0.928,5,2,0,5,0
benchmarkB:+10,committed,greedy,1,active,71,,,1,1,0,,4,21,14,5,2,0,104,3,13206.1,12697.3,18889.4,0.782,6,10,4,36,0
benchmarkB:+10,committed,greedy,2,active,71,,,0,0,0,archmage:conquered:68,5,35,25,0,2,0,123,3,12964.8,12567.9,18889.4,0.766,6,3,2,17,0
benchmarkB:+10,committed,greedy,3,active,71,,,0,0,0,archmage:conquered:63,7,44,31,4,2,0,129,0,15133.3,14613.4,18889.4,0.856,7,1,0,19,0
benchmarkB:+10,committed,greedy,4,won,67,67,,1,1,0,archmage:conquered:40 goblin:conquered:50 orc:conquered:59 dwarf:conquered:67,1,34,29,1,2,0,94,8,13627.4,13099,18889.4,0.77,6,1,4,18,0
benchmarkB:+10,committed,greedy,5,won,59,59,,0,0,0,archmage:conquered:35 orc:conquered:43 dwarf:conquered:51 goblin:conquered:59,2,24,20,0,2,0,86,6,15205.7,14332.6,18889.4,0.817,5,1,0,8,0
benchmarkB:+10,committed,greedy,6,active,71,,,0,0,0,,5,28,16,0,3,1,100,8,13542.4,13130.8,18889.4,0.804,6,2,0,25,0
benchmarkB:+10,committed,greedy,7,won,65,65,,0,0,0,goblin:conquered:37 archmage:conquered:45 orc:conquered:53 dwarf:conquered:65,2,29,24,0,2,0,91,11,15893.7,14778.3,18889.4,0.825,6,2,0,2,0
benchmarkB:+10,committed,greedy,8,active,71,,,0,0,0,,5,32,13,2,2,0,133,3,14646.4,14159.7,18889.4,0.814,6,1,0,42,0
benchmarkB:+10,committed,greedy,9,active,71,,,0,0,0,,4,28,14,4,4,2,96,9,13444.2,13031.7,18889.4,0.762,6,2,0,36,0
benchmarkB:+10,committed,greedy,10,won,70,70,,0,0,0,goblin:conquered:41 archmage:conquered:54 orc:conquered:62 dwarf:conquered:70,3,32,26,0,2,0,85,3,14564.9,13857.9,18889.4,0.825,6,2,0,12,0
benchmarkB:+10,committed,greedy,11,won,64,64,,0,0,0,archmage:conquered:40 orc:conquered:48 goblin:conquered:56 dwarf:conquered:64,2,24,20,0,2,0,89,15,14832.7,13820.1,18889.4,0.79,5,1,0,5,0
benchmarkB:+10,committed,greedy,12,active,71,,,0,0,0,goblin:conquered:33 archmage:conquered:41 orc:conquered:49,2,27,24,0,2,0,83,14,16794.8,15448.9,18889.4,0.836,6,2,0,4,0
benchmarkB:+10,committed,greedy,13,active,71,,,0,0,0,goblin:conquered:43 archmage:conquered:57 orc:conquered:65,3,32,27,1,2,0,88,2,14844.2,14169.6,18889.4,0.827,6,11,0,15,0
benchmarkB:+10,committed,greedy,14,won,59,59,,0,0,0,goblin:conquered:32 archmage:conquered:43 orc:conquered:51 dwarf:conquered:59,1,27,23,0,2,0,77,4,14687.8,13706.6,18889.4,0.782,5,1,0,7,0
benchmarkB:+10,committed,greedy,15,active,71,,,0,0,0,goblin:conquered:45 orc:conquered:53 dwarf:conquered:63,2,30,23,1,3,1,113,9,13438.5,12992.4,18889.4,0.797,6,2,3,22,0
benchmarkB:+10,committed,greedy,16,active,71,,,1,0,0,goblin:conquered:40,1,23,18,1,2,0,88,9,14289.1,13596.1,18889.4,0.81,6,2,4,8,0
benchmarkB:+10,committed,greedy,17,active,71,,,0,0,0,,6,30,16,4,2,0,126,7,13394.5,13003.6,18889.4,0.805,7,1,0,20,0
benchmarkB:+10,committed,greedy,18,active,71,,,0,0,0,,6,30,19,0,2,0,100,7,14237.2,13769.2,18889.4,0.817,6,2,0,35,0
benchmarkB:+10,committed,greedy,19,won,60,60,,0,0,0,goblin:conquered:33 archmage:conquered:44 orc:conquered:52 dwarf:conquered:60,2,26,22,0,2,0,92,8,14772.6,13899.2,18889.4,0.799,5,3,1,9,0
benchmarkB:+10,committed,greedy,20,active,71,,,0,0,0,,5,18,8,1,3,1,122,4,13183.6,12793.6,18889.4,0.789,6,2,1,36,0
benchmarkB:+10,committed,greedy,21,active,71,,,0,0,0,,6,27,12,2,2,0,110,2,13687.7,13296.2,18889.4,0.81,6,1,1,35,0
benchmarkB:+10,committed,greedy,22,active,71,,,0,0,0,,4,26,11,1,3,1,117,6,13748.3,13351.7,18889.4,0.8,6,2,0,25,0
benchmarkB:+10,committed,greedy,23,active,71,,,0,0,0,orc:conquered:46 goblin:conquered:55 archmage:conquered:63,3,30,22,0,2,0,96,6,14644.7,14084,18889.4,0.819,6,2,0,20,0
benchmarkB:+10,committed,greedy,24,active,71,,,0,0,0,goblin:conquered:39 archmage:conquered:55 orc:conquered:63,1,26,21,0,2,0,91,3,14495.8,13825.1,18889.4,0.805,6,2,2,16,0
benchmarkB:+10,committed,greedy,25,active,71,,,0,0,0,,6,30,15,0,2,0,91,7,13356.9,12964.5,18889.4,0.793,6,3,0,36,0
benchmarkB:+10,committed,greedy,26,active,71,,,0,0,0,,5,26,16,1,2,0,109,1,13801.9,13375.8,18889.4,0.773,6,1,2,27,0
benchmarkB:+10,committed,greedy,27,won,59,59,,0,0,0,goblin:conquered:34 archmage:conquered:42 orc:conquered:51 dwarf:conquered:59,1,24,20,0,2,0,86,4,14903.4,13985.9,18889.4,0.813,5,1,0,15,0
benchmarkB:+10,committed,greedy,28,active,71,,,0,0,0,,4,18,6,6,2,0,80,5,13459,13057.4,18889.4,0.787,6,2,1,25,0
benchmarkB:+10,committed,greedy,29,won,66,66,,0,0,0,goblin:conquered:35 archmage:conquered:50 orc:conquered:58 dwarf:conquered:66,1,29,25,0,2,0,103,7,15172.1,14295.7,18889.4,0.805,6,1,1,18,0
benchmarkB:+10,committed,greedy,30,active,71,,,0,0,0,,6,28,14,0,2,0,142,3,14155.1,13696,18889.4,0.841,7,2,0,38,0
benchmarkB:+10,steadfast,greedy,1,won,68,68,,0,0,0,archmage:conquered:43 goblin:conquered:51 orc:conquered:60 dwarf:conquered:68,2,29,25,0,2,0,85,4,16359.1,15371.5,18889.4,0.874,8,10,0,4,0
benchmarkB:+10,steadfast,greedy,2,won,59,59,,0,0,0,archmage:conquered:33 goblin:conquered:43 orc:conquered:51 dwarf:conquered:59,1,27,23,1,2,0,81,6,17072.5,15962.1,18889.4,0.861,7,2,0,7,0
benchmarkB:+10,steadfast,greedy,3,won,51,51,,0,0,0,goblin:conquered:27 archmage:conquered:35 orc:conquered:43 dwarf:conquered:51,3,27,25,0,2,0,79,5,20644.6,18731.7,18889.4,0.93,7,1,0,6,0
benchmarkB:+10,steadfast,greedy,4,won,62,62,,0,0,0,archmage:conquered:38 goblin:conquered:46 orc:conquered:54 dwarf:conquered:62,2,31,27,0,2,0,80,4,17289,16011.8,18889.4,0.841,7,1,0,3,0
benchmarkB:+10,steadfast,greedy,5,won,61,61,,0,0,0,archmage:conquered:37 orc:conquered:45 goblin:conquered:53 dwarf:conquered:61,4,31,28,0,2,0,81,2,18433,17064.2,18889.4,0.881,7,1,0,5,0
benchmarkB:+10,steadfast,greedy,6,won,48,48,,0,0,0,goblin:conquered:24 archmage:conquered:32 orc:conquered:40 dwarf:conquered:48,1,21,20,0,3,1,70,2,19122.7,17410.6,18889.4,0.87,7,2,0,4,0
benchmarkB:+10,steadfast,greedy,7,won,46,46,,0,0,0,goblin:conquered:21 archmage:conquered:30 orc:conquered:38 dwarf:conquered:46,2,23,22,0,2,0,71,3,19172,17479.3,18000.8,0.913,5,2,0,5,0
benchmarkB:+10,steadfast,greedy,8,active,71,,,0,0,0,archmage:conquered:35,4,26,24,0,2,0,68,0,19373.2,17757.2,18889.4,0.895,8,1,0,4,0
benchmarkB:+10,steadfast,greedy,9,won,49,49,,0,0,0,goblin:conquered:23 archmage:conquered:33 orc:conquered:41 dwarf:conquered:49,2,20,17,0,3,1,84,8,18040.1,16584.4,18889.4,0.859,6,2,0,4,0
benchmarkB:+10,steadfast,greedy,10,won,49,49,,0,0,0,archmage:conquered:24 orc:conquered:33 goblin:conquered:41 dwarf:conquered:49,2,23,21,0,2,0,74,5,20074.8,18281.5,18889.4,0.899,6,2,0,4,0
benchmarkB:+10,steadfast,greedy,11,won,54,54,,0,0,0,archmage:conquered:30 goblin:conquered:38 orc:conquered:46 dwarf:conquered:54,1,23,21,0,2,0,76,3,18906.3,17455.1,18889.4,0.868,6,1,0,4,0
benchmarkB:+10,steadfast,greedy,12,won,46,46,,0,0,0,archmage:conquered:21 goblin:conquered:30 orc:conquered:38 dwarf:conquered:46,2,24,22,0,2,0,80,5,18855.5,17195.4,18000.8,0.914,5,2,0,4,0
benchmarkB:+10,steadfast,greedy,13,won,60,60,,0,0,0,archmage:conquered:36 goblin:conquered:44 orc:conquered:52 dwarf:conquered:60,4,29,27,0,2,0,76,4,19504.9,17916.7,18889.4,0.909,7,11,0,4,0
benchmarkB:+10,steadfast,greedy,14,won,50,50,,0,0,0,goblin:conquered:25 archmage:conquered:33 orc:conquered:42 dwarf:conquered:50,1,20,18,0,2,0,73,4,18721.2,17064.5,18889.4,0.869,6,1,0,2,0
benchmarkB:+10,steadfast,greedy,15,won,59,59,,0,0,0,archmage:conquered:35 orc:conquered:43 goblin:conquered:51 dwarf:conquered:59,4,30,28,0,3,1,81,9,19180.2,17522.4,18889.4,0.872,7,2,0,2,0
benchmarkB:+10,steadfast,greedy,16,won,52,52,,0,0,0,archmage:conquered:27 orc:conquered:36 goblin:conquered:44 dwarf:conquered:52,1,23,21,0,2,0,84,8,18665.1,17167.6,18889.4,0.89,6,2,0,4,0
benchmarkB:+10,steadfast,greedy,17,won,47,47,,0,0,0,goblin:conquered:22 orc:conquered:31 archmage:conquered:39 dwarf:conquered:47,1,21,18,0,2,0,72,3,18234.9,16651.6,18445.1,0.881,6,1,0,4,0
benchmarkB:+10,steadfast,greedy,18,won,54,54,,0,0,0,archmage:conquered:30 goblin:conquered:38 orc:conquered:46 dwarf:conquered:54,3,26,24,0,2,0,81,7,19899.9,18078.4,18889.4,0.903,7,2,0,3,0
benchmarkB:+10,steadfast,greedy,19,won,48,48,,0,0,0,goblin:conquered:23 archmage:conquered:32 orc:conquered:40 dwarf:conquered:48,2,23,22,0,2,0,69,1,19974,18147.6,18889.4,0.908,6,3,0,5,0
benchmarkB:+10,steadfast,greedy,20,won,49,49,,0,0,0,goblin:conquered:24 archmage:conquered:33 orc:conquered:41 dwarf:conquered:49,3,20,18,0,2,0,74,5,19433.4,17714.5,18889.4,0.881,6,1,0,4,0
benchmarkB:+10,steadfast,greedy,21,won,46,46,,0,0,0,goblin:conquered:22 archmage:conquered:30 orc:conquered:38 dwarf:conquered:46,2,21,19,0,2,0,71,2,18753.9,17067.7,18000.8,0.915,6,1,0,4,0
benchmarkB:+10,steadfast,greedy,22,won,46,46,,0,0,0,archmage:conquered:21 orc:conquered:30 goblin:conquered:38 dwarf:conquered:46,2,23,21,0,2,0,75,4,18988,17245.3,18000.8,0.9,6,2,0,3,0
benchmarkB:+10,steadfast,greedy,23,won,48,48,,0,0,0,goblin:conquered:23 archmage:conquered:32 orc:conquered:40 dwarf:conquered:48,1,19,17,0,2,0,72,1,20228.4,18427.9,18889.4,0.918,6,2,0,2,0
benchmarkB:+10,steadfast,greedy,24,won,50,50,,0,0,0,archmage:conquered:21 orc:conquered:34 goblin:conquered:42 dwarf:conquered:50,1,23,21,0,2,0,73,0,19527.9,17764.6,18889.4,0.881,6,2,0,4,0
benchmarkB:+10,steadfast,greedy,25,won,54,54,,0,0,0,archmage:conquered:30 goblin:conquered:38 orc:conquered:46 dwarf:conquered:54,2,30,27,0,2,0,77,8,18310.2,16696.9,18889.4,0.862,6,2,0,6,0
benchmarkB:+10,steadfast,greedy,26,won,61,61,,0,0,0,archmage:conquered:37 goblin:conquered:45 orc:conquered:53 dwarf:conquered:61,1,25,22,0,2,0,83,2,17381.6,16274.4,18889.4,0.857,7,1,0,7,0
benchmarkB:+10,steadfast,greedy,27,won,46,46,,0,0,0,archmage:conquered:21 orc:conquered:30 goblin:conquered:38 dwarf:conquered:46,1,22,20,0,2,0,79,6,17716.9,16168.5,18000.8,0.877,5,1,0,4,0
benchmarkB:+10,steadfast,greedy,28,won,51,51,,0,0,0,archmage:conquered:25 goblin:conquered:35 orc:conquered:43 dwarf:conquered:51,1,27,25,0,2,0,72,1,18469.8,16959.9,18889.4,0.877,6,2,0,4,0
benchmarkB:+10,steadfast,greedy,29,won,60,60,,0,0,0,archmage:conquered:36 goblin:conquered:44 orc:conquered:52 dwarf:conquered:60,2,30,27,0,2,0,81,3,18372,16978,18889.4,0.901,8,1,0,4,0
benchmarkB:+10,steadfast,greedy,30,won,46,46,,0,0,0,archmage:conquered:21 orc:conquered:30 goblin:conquered:38 dwarf:conquered:46,2,21,21,0,2,0,70,2,19339.7,17632.1,18000.8,0.928,5,2,0,5,0
benchmarkB:+20,committed,greedy,1,active,71,,,1,1,0,,3,26,12,4,2,0,111,3,13206.1,12697.3,21227.6,0.782,6,10,4,36,0
benchmarkB:+20,committed,greedy,2,active,71,,,0,0,0,,5,26,18,3,2,0,90,6,13149,12743.4,21227.6,0.766,6,3,1,27,0
benchmarkB:+20,committed,greedy,3,active,71,,,0,0,0,goblin:conquered:58 orc:conquered:66,4,40,29,4,2,0,108,1,14962.1,14419.5,21227.6,0.856,7,1,1,13,0
benchmarkB:+20,committed,greedy,4,active,71,,,0,0,0,,4,25,15,2,2,0,112,4,13335.8,12913.3,21227.6,0.776,6,1,3,37,0
benchmarkB:+20,committed,greedy,5,won,59,59,,0,0,0,archmage:conquered:35 goblin:conquered:43 orc:conquered:51 dwarf:conquered:59,1,29,24,1,2,0,88,7,15125.6,14333.9,21227.6,0.817,5,1,1,14,0
benchmarkB:+20,committed,greedy,6,active,71,,,1,1,0,archmage:conquered:68,4,38,30,1,3,1,99,6,13542.4,13130.8,21227.6,0.804,6,2,4,7,0
benchmarkB:+20,committed,greedy,7,won,62,62,,0,0,0,orc:conquered:38 archmage:conquered:46 goblin:conquered:54 dwarf:conquered:62,2,25,22,0,2,0,89,12,15893.7,14778.3,21227.6,0.827,5,2,0,3,0
benchmarkB:+20,committed,greedy,8,active,71,,,0,0,0,,5,27,16,3,2,0,105,4,14646.4,14159.7,21227.6,0.814,6,1,0,42,0
benchmarkB:+20,committed,greedy,9,active,71,,,1,1,0,,3,20,10,5,4,2,89,4,13444.2,13031.7,21227.6,0.762,6,2,4,37,0
benchmarkB:+20,committed,greedy,10,active,71,,,0,0,0,archmage:conquered:63,4,36,27,0,2,0,113,7,14339.7,13865.4,21227.6,0.824,6,2,2,20,0
benchmarkB:+20,committed,greedy,11,won,65,65,,0,0,0,goblin:conquered:40 archmage:conquered:49 orc:conquered:57 dwarf:conquered:65,1,32,27,0,2,0,92,15,15205,14211.4,21227.6,0.789,6,1,0,8,0
benchmarkB:+20,committed,greedy,12,won,48,48,,0,0,0,goblin:conquered:24 archmage:conquered:32 orc:conquered:40 dwarf:conquered:48,1,23,21,0,2,0,78,9,16614.5,15287.9,21227.6,0.843,4,2,0,3,0
benchmarkB:+20,committed,greedy,13,won,69,69,,0,0,0,goblin:conquered:39 archmage:conquered:49 orc:conquered:61 dwarf:conquered:69,1,31,25,1,2,0,95,4,14786.1,14170.2,21227.6,0.829,6,11,1,21,0
benchmarkB:+20,committed,greedy,14,won,58,58,,0,0,0,goblin:conquered:31 archmage:conquered:42 orc:conquered:50 dwarf:conquered:58,1,23,20,0,2,0,80,3,14694.9,13706.8,21227.6,0.783,5,1,0,8,0
benchmarkB:+20,committed,greedy,15,won,69,69,,1,1,0,goblin:conquered:44 orc:conquered:52 archmage:conquered:61 dwarf:conquered:69,2,32,26,2,3,1,105,12,13535,13000.8,21227.6,0.795,6,2,6,20,0
benchmarkB:+20,committed,greedy,16,active,71,,,0,0,0,,5,26,12,0,2,0,130,2,14048.7,13611.9,21227.6,0.81,6,2,1,37,0
benchmarkB:+20,committed,greedy,17,active,71,,,1,1,0,archmage:conquered:70,4,33,23,2,2,0,102,3,13394.5,13003.6,21227.6,0.805,7,1,4,5,0
benchmarkB:+20,committed,greedy,18,active,71,,,0,0,0,archmage:conquered:66,4,34,26,0,2,0,105,2,14194.6,13769.5,21227.6,0.817,6,2,0,14,0
benchmarkB:+20,committed,greedy,19,active,71,,,0,0,0,,5,26,10,1,2,0,118,8,14295.7,13813.4,21227.6,0.788,6,3,0,43,0
benchmarkB:+20,committed,greedy,20,fallen,41,,42,1,0,1,,0,8,0,0,3,1,25,3,10961.9,10677.7,17867.6,0.773,3,2,4,6,0
benchmarkB:+20,committed,greedy,21,active,71,,,0,0,0,,4,29,15,1,2,0,121,12,13687.7,13296.2,21227.6,0.81,6,1,0,27,0
benchmarkB:+20,committed,greedy,22,active,71,,,0,0,0,,4,24,11,2,3,1,121,4,13748.3,13351.7,21227.6,0.8,6,2,0,24,0
benchmarkB:+20,committed,greedy,23,active,71,,,0,0,0,,4,27,14,0,2,0,95,0,14311.9,13885.6,21227.6,0.819,6,2,1,35,0
benchmarkB:+20,committed,greedy,24,active,71,,,0,0,0,,4,22,11,2,2,0,115,4,14505.9,14023.9,21227.6,0.805,6,2,0,42,0
benchmarkB:+20,committed,greedy,25,active,71,,,0,0,0,,4,29,15,1,2,0,102,5,13356.9,12964.5,21227.6,0.793,6,3,0,25,0
benchmarkB:+20,committed,greedy,26,active,71,,,1,1,0,goblin:conquered:55 orc:conquered:64,4,34,26,1,2,0,122,8,13801.9,13375.8,21227.6,0.773,6,1,4,17,0
benchmarkB:+20,committed,greedy,27,won,59,59,,0,0,0,orc:conquered:35 goblin:conquered:43 archmage:conquered:51 dwarf:conquered:59,1,25,21,0,2,0,87,5,14857.9,13986.4,21227.6,0.813,5,1,2,15,0
benchmarkB:+20,committed,greedy,28,active,71,,,0,0,0,goblin:conquered:67,5,36,23,5,2,0,138,8,13459,13057.4,21227.6,0.787,6,2,2,15,0
benchmarkB:+20,committed,greedy,29,won,61,61,,0,0,0,archmage:conquered:34 goblin:conquered:45 orc:conquered:53 dwarf:conquered:61,1,33,30,0,2,0,88,10,15285.7,14312.7,21227.6,0.803,5,1,0,7,0
benchmarkB:+20,committed,greedy,30,active,71,,,0,0,0,goblin:conquered:67,5,32,23,1,2,0,139,11,14121.8,13691,21227.6,0.841,7,2,1,12,0
benchmarkB:+20,steadfast,greedy,1,won,70,70,,0,0,0,archmage:conquered:45 orc:conquered:54 goblin:conquered:62 dwarf:conquered:70,3,32,28,0,2,0,87,4,16359.1,15371.5,21227.6,0.873,8,10,0,4,0
benchmarkB:+20,steadfast,greedy,2,won,62,62,,0,0,0,archmage:conquered:37 goblin:conquered:46 orc:conquered:54 dwarf:conquered:62,1,33,29,1,2,0,88,4,16900,15872,21227.6,0.866,7,2,0,11,0
benchmarkB:+20,steadfast,greedy,3,won,49,49,,0,0,0,archmage:conquered:21 orc:conquered:33 goblin:conquered:41 dwarf:conquered:49,1,25,23,0,2,0,77,4,20644.6,18731.7,21227.6,0.93,6,1,0,6,0
benchmarkB:+20,steadfast,greedy,4,won,54,54,,0,0,0,goblin:conquered:30 archmage:conquered:38 orc:conquered:46 dwarf:conquered:54,1,28,25,0,2,0,75,1,17298.4,16011.6,21227.6,0.848,6,1,0,3,0
benchmarkB:+20,steadfast,greedy,5,won,63,63,,0,0,0,archmage:conquered:38 goblin:conquered:46 orc:conquered:55 dwarf:conquered:63,4,31,29,0,2,0,76,2,18424.7,17065.1,21227.6,0.883,7,1,0,4,0
benchmarkB:+20,steadfast,greedy,6,won,48,48,,0,0,0,goblin:conquered:23 archmage:conquered:32 orc:conquered:40 dwarf:conquered:48,1,22,20,0,3,1,72,3,19122.7,17410.6,21227.6,0.87,7,2,0,4,0
benchmarkB:+20,steadfast,greedy,7,won,48,48,,0,0,0,goblin:conquered:23 orc:conquered:32 archmage:conquered:40 dwarf:conquered:48,1,22,21,0,2,0,72,3,19924.8,18151.5,21227.6,0.912,5,2,0,4,0
benchmarkB:+20,steadfast,greedy,8,won,59,59,,0,0,0,goblin:conquered:35 archmage:conquered:43 orc:conquered:51 dwarf:conquered:59,3,31,28,0,2,0,69,0,19391.6,17758.1,21227.6,0.898,7,1,0,4,0
benchmarkB:+20,steadfast,greedy,9,won,48,48,,0,0,0,goblin:conquered:23 archmage:conquered:32 orc:conquered:40 dwarf:conquered:48,1,24,22,0,3,1,82,8,17786.6,16358,21227.6,0.857,5,2,0,3,0
benchmarkB:+20,steadfast,greedy,10,won,48,48,,0,0,0,goblin:conquered:24 orc:conquered:32 archmage:conquered:40 dwarf:conquered:48,2,20,18,0,2,0,76,7,19836.3,18055.5,21227.6,0.897,6,2,0,3,0
benchmarkB:+20,steadfast,greedy,11,won,54,54,,0,0,0,archmage:conquered:27 orc:conquered:38 goblin:conquered:46 dwarf:conquered:54,1,25,22,0,2,0,78,3,18926.1,17454.9,21227.6,0.868,6,1,0,4,0
benchmarkB:+20,steadfast,greedy,12,won,50,50,,0,0,0,archmage:conquered:26 orc:conquered:34 goblin:conquered:42 dwarf:conquered:50,2,24,22,0,2,0,75,5,20393.7,18539,21227.6,0.916,6,2,0,4,0
benchmarkB:+20,steadfast,greedy,13,won,51,51,,0,0,0,archmage:conquered:25 orc:conquered:35 goblin:conquered:43 dwarf:conquered:51,1,22,20,0,2,0,76,4,19504.9,17916.7,21227.6,0.919,6,11,0,4,0
benchmarkB:+20,steadfast,greedy,14,won,49,49,,0,0,0,goblin:conquered:25 orc:conquered:33 archmage:conquered:41 dwarf:conquered:49,1,21,19,0,2,0,77,4,18721.2,17064.5,21227.6,0.87,6,1,0,2,0
benchmarkB:+20,steadfast,greedy,15,won,49,49,,0,0,0,archmage:conquered:23 goblin:conquered:33 orc:conquered:41 dwarf:conquered:49,1,25,24,0,3,1,74,7,19201.9,17522.8,21227.6,0.884,6,2,0,5,0
benchmarkB:+20,steadfast,greedy,16,won,53,53,,0,0,0,archmage:conquered:27 goblin:conquered:37 orc:conquered:45 dwarf:conquered:53,1,28,25,0,2,0,85,6,18957.8,17414.1,21227.6,0.891,6,2,0,5,0
benchmarkB:+20,steadfast,greedy,17,active,71,,,0,0,0,archmage:conquered:20 goblin:conquered:30 orc:conquered:39,1,21,19,0,2,0,77,4,19208.5,17474.8,21227.6,0.896,9,1,0,3,0
benchmarkB:+20,steadfast,greedy,18,won,50,50,,0,0,0,goblin:conquered:26 archmage:conquered:34 orc:conquered:42 dwarf:conquered:50,2,25,23,0,2,0,77,7,19899.9,18078.4,21227.6,0.9,6,2,0,3,0
benchmarkB:+20,steadfast,greedy,19,won,46,46,,0,0,0,archmage:conquered:22 orc:conquered:30 goblin:conquered:38 dwarf:conquered:46,1,22,20,0,2,0,70,1,19294.7,17556.9,20267.6,0.909,6,3,0,5,0
benchmarkB:+20,steadfast,greedy,20,active,71,,,0,0,0,archmage:conquered:23 goblin:conquered:32 orc:conquered:40,2,23,22,0,2,0,71,3,19433.4,17714.5,21227.6,0.888,9,1,0,2,0
benchmarkB:+20,steadfast,greedy,21,won,51,51,,0,0,0,goblin:conquered:27 orc:conquered:35 archmage:conquered:43 dwarf:conquered:51,4,27,24,0,2,0,77,4,19758.9,17933.2,21227.6,0.895,6,1,0,6,0
benchmarkB:+20,steadfast,greedy,22,active,71,,,0,0,0,goblin:conquered:23 archmage:conquered:32 orc:conquered:40,1,22,21,0,2,0,77,6,19888.1,18046.2,21227.6,0.903,9,2,0,4,0
benchmarkB:+20,steadfast,greedy,23,won,48,48,,0,0,0,goblin:conquered:23 orc:conquered:32 archmage:conquered:40 dwarf:conquered:48,1,20,18,0,2,0,70,0,20243.6,18427.3,21227.6,0.918,6,2,0,3,0
benchmarkB:+20,steadfast,greedy,24,won,47,47,,0,0,0,archmage:conquered:22 orc:conquered:31 goblin:conquered:39 dwarf:conquered:47,1,22,20,0,2,0,69,0,18984.1,17286.7,20747.6,0.884,5,2,0,4,0
benchmarkB:+20,steadfast,greedy,25,won,47,47,,0,0,0,goblin:conquered:20 archmage:conquered:30 orc:conquered:39 dwarf:conquered:47,1,20,18,0,2,0,76,7,17749.8,16196.5,20747.6,0.863,5,2,0,6,0
benchmarkB:+20,steadfast,greedy,26,won,64,64,,0,0,0,goblin:conquered:31 archmage:conquered:48 orc:conquered:56 dwarf:conquered:64,1,26,23,0,2,0,86,1,17427.1,16273,21227.6,0.862,7,1,0,13,0
benchmarkB:+20,steadfast,greedy,27,won,47,47,,0,0,0,archmage:conquered:22 orc:conquered:31 goblin:conquered:39 dwarf:conquered:47,1,22,20,0,2,0,75,4,18709.4,17054.6,20747.6,0.879,5,1,0,4,0
benchmarkB:+20,steadfast,greedy,28,won,50,50,,0,0,0,goblin:conquered:24 archmage:conquered:34 orc:conquered:42 dwarf:conquered:50,1,25,23,0,2,0,73,2,18469.8,16959.9,21227.6,0.876,6,2,0,5,0
benchmarkB:+20,steadfast,greedy,29,won,63,63,,0,0,0,archmage:conquered:38 goblin:conquered:46 orc:conquered:55 dwarf:conquered:63,3,31,28,0,2,0,84,4,18372,16978,21227.6,0.903,8,1,0,4,0
benchmarkB:+20,steadfast,greedy,30,won,48,48,,0,0,0,archmage:conquered:23 goblin:conquered:32 orc:conquered:40 dwarf:conquered:48,1,25,23,0,2,0,71,2,20189.7,18389.4,21227.6,0.928,7,2,0,6,0
garrisonMult:-10,committed,greedy,1,active,71,,,1,0,0,goblin:conquered:43 archmage:conquered:57 orc:conquered:65,1,30,25,1,2,0,89,4,13453.6,12887.1,16741.3,0.782,6,10,5,12,0
garrisonMult:-10,committed,greedy,2,won,69,69,,1,0,0,archmage:conquered:43 orc:conquered:53 goblin:conquered:61 dwarf:conquered:69,2,30,24,0,2,0,83,5,13329.9,12750.9,16741.3,0.765,6,3,4,8,0
garrisonMult:-10,committed,greedy,3,active,71,,,0,0,0,archmage:conquered:60 goblin:conquered:68,7,37,28,2,2,0,110,3,15197.1,14612.5,16741.3,0.856,7,1,3,15,0
garrisonMult:-10,committed,greedy,4,won,62,62,,0,0,0,goblin:conquered:38 archmage:conquered:46 orc:conquered:54 dwarf:conquered:62,2,28,22,1,2,0,85,3,13764.8,13097.5,16741.3,0.763,5,1,1,10,0
garrisonMult:-10,committed,greedy,5,won,70,70,,0,0,0,archmage:conquered:45 orc:conquered:54 goblin:conquered:62 dwarf:conquered:70,5,35,31,0,2,0,88,7,15243.3,14332.2,16741.3,0.821,6,1,0,6,0
garrisonMult:-10,committed,greedy,6,won,68,68,,0,0,0,archmage:conquered:40 orc:conquered:52 goblin:conquered:60 dwarf:conquered:68,3,30,24,0,3,1,88,7,13740.4,13133.6,16741.3,0.801,6,2,2,8,0
garrisonMult:-10,committed,greedy,7,won,63,63,,0,0,0,archmage:conquered:39 goblin:conquered:47 orc:conquered:55 dwarf:conquered:63,4,33,29,0,2,0,87,10,15893.7,14778.3,16741.3,0.827,5,2,0,3,0
garrisonMult:-10,committed,greedy,8,won,59,59,,0,0,0,goblin:conquered:34 archmage:conquered:43 orc:conquered:51 dwarf:conquered:59,2,25,20,0,2,0,84,3,15315.3,14446.6,16741.3,0.817,5,1,0,7,0
garrisonMult:-10,committed,greedy,9,won,63,63,,0,0,0,archmage:conquered:38 goblin:conquered:46 orc:conquered:55 dwarf:conquered:63,2,31,26,0,4,2,88,6,13644.3,13047.1,16741.3,0.765,5,2,2,12,0
garrisonMult:-10,committed,greedy,10,active,71,,,0,0,0,archmage:conquered:65,8,35,27,0,2,0,113,3,14305.6,13865.8,16741.3,0.824,6,2,0,24,0
garrisonMult:-10,committed,greedy,11,won,62,62,,0,0,0,archmage:conquered:38 orc:conquered:46 dwarf:conquered:54 goblin:conquered:62,2,29,25,0,2,0,82,7,14799.2,13820.7,16741.3,0.792,5,1,0,4,0
garrisonMult:-10,committed,greedy,12,won,52,52,,0,0,0,archmage:conquered:26 orc:conquered:36 goblin:conquered:44 dwarf:conquered:52,2,24,22,0,2,0,79,12,16794.8,15448.9,16741.3,0.844,4,2,0,4,0
garrisonMult:-10,committed,greedy,13,active,71,,,0,0,0,archmage:conquered:69,8,35,25,1,2,0,136,7,14748.5,14150.4,16741.3,0.827,6,11,0,28,0
garrisonMult:-10,committed,greedy,14,won,58,58,,0,0,0,goblin:conquered:33 orc:conquered:42 archmage:conquered:50 dwarf:conquered:58,1,23,19,0,2,0,80,5,14678.8,13706.8,16741.3,0.783,5,1,0,6,0
garrisonMult:-10,committed,greedy,15,won,66,66,,1,0,0,orc:conquered:42 goblin:conquered:50 archmage:conquered:58 dwarf:conquered:66,4,31,23,1,3,1,95,11,13433.3,12907,16741.3,0.792,6,2,4,11,0
garrisonMult:-10,committed,greedy,16,won,66,66,,0,0,0,dwarf:conquered:41 archmage:conquered:50 orc:conquered:58 goblin:conquered:66,3,31,24,0,2,0,80,3,14249.8,13596.7,16741.3,0.808,6,2,1,8,0
garrisonMult:-10,committed,greedy,17,active,71,,,0,0,0,archmage:conquered:71,8,38,24,1,2,0,161,16,13509.3,13001.4,16741.3,0.805,7,1,0,27,0
garrisonMult:-10,committed,greedy,18,active,71,,,0,0,0,archmage:conquered:66,7,36,25,0,2,0,121,5,14194.6,13769.5,16741.3,0.817,6,2,0,23,0
garrisonMult:-10,committed,greedy,19,active,71,,,0,0,0,goblin:conquered:59,7,35,21,0,2,0,163,10,14326.5,13812.9,16741.3,0.788,6,3,0,35,0
garrisonMult:-10,committed,greedy,20,active,71,,,0,0,0,,6,24,10,0,3,1,109,4,13183.6,12793.6,16741.3,0.789,6,2,0,36,0
garrisonMult:-10,committed,greedy,21,active,71,,,0,0,0,,7,41,25,2,2,0,150,10,13763.9,13295.2,16741.3,0.81,6,1,0,28,0
garrisonMult:-10,committed,greedy,22,active,71,,,0,0,0,goblin:conquered:55 archmage:conquered:68,6,41,31,2,3,1,114,5,13939.9,13458.7,16741.3,0.8,6,2,1,23,0
garrisonMult:-10,committed,greedy,23,won,68,68,,0,0,0,archmage:conquered:41 goblin:conquered:51 orc:conquered:60 dwarf:conquered:68,3,32,25,0,2,0,84,6,14644.7,14084,16741.3,0.819,6,2,0,15,0
garrisonMult:-10,committed,greedy,24,active,71,,,0,0,0,archmage:conquered:48 goblin:conquered:56 orc:conquered:64,4,34,29,0,2,0,92,12,14633.1,13822.6,16741.3,0.805,6,2,0,7,0
garrisonMult:-10,committed,greedy,25,active,71,,,0,0,0,,7,38,25,0,2,0,153,9,13472.4,12962.8,16741.3,0.793,6,3,0,26,0
garrisonMult:-10,committed,greedy,26,active,71,,,0,0,0,orc:conquered:67,5,41,31,0,2,0,131,11,13952.1,13373.8,16741.3,0.773,6,1,0,25,0
garrisonMult:-10,committed,greedy,27,won,66,66,,0,0,0,goblin:conquered:41 archmage:conquered:50 orc:conquered:58 dwarf:conquered:66,3,31,27,0,2,0,87,5,14831.9,13986.1,16741.3,0.813,6,1,0,17,0
garrisonMult:-10,committed,greedy,28,active,71,,,0,0,0,orc:conquered:70,5,38,23,4,2,0,142,9,13602.3,13066.7,16741.3,0.787,6,2,1,27,0
garrisonMult:-10,committed,greedy,29,won,65,65,,0,0,0,archmage:conquered:41 goblin:conquered:49 orc:conquered:57 dwarf:conquered:65,3,31,28,0,2,0,83,6,15374.1,14311.4,16741.3,0.805,5,1,0,5,0
garrisonMult:-10,committed,greedy,30,won,69,69,,0,0,0,goblin:conquered:38 archmage:conquered:53 orc:conquered:61 dwarf:conquered:69,3,34,28,0,2,0,89,2,14404.5,13698.3,16741.3,0.842,7,2,0,12,0
garrisonMult:-10,steadfast,greedy,1,won,67,67,,0,0,0,archmage:conquered:43 goblin:conquered:51 orc:conquered:59 dwarf:conquered:67,4,32,28,0,2,0,87,2,16366.5,15371.3,16741.3,0.875,8,10,0,5,0
garrisonMult:-10,steadfast,greedy,2,won,66,66,,0,0,0,archmage:conquered:42 orc:conquered:50 goblin:conquered:58 dwarf:conquered:66,5,32,26,0,2,0,83,3,17446,16265,16741.3,0.872,8,2,0,6,0
garrisonMult:-10,steadfast,greedy,3,won,54,54,,0,0,0,archmage:conquered:30 goblin:conquered:38 orc:conquered:46 dwarf:conquered:54,4,26,24,0,2,0,69,1,20624.1,18732.2,16741.3,0.931,7,1,0,4,0
garrisonMult:-10,steadfast,greedy,4,won,60,60,,0,0,0,archmage:conquered:36 orc:conquered:44 goblin:conquered:52 dwarf:conquered:60,4,28,24,0,2,0,77,2,17270.2,16010.8,16741.3,0.841,7,1,0,2,0
garrisonMult:-10,steadfast,greedy,5,won,60,60,,0,0,0,archmage:conquered:36 goblin:conquered:44 orc:conquered:52 dwarf:conquered:60,4,29,25,0,2,0,82,4,18435.8,17064.5,16741.3,0.88,7,1,0,5,0
garrisonMult:-10,steadfast,greedy,6,won,54,54,,0,0,0,archmage:conquered:30 goblin:conquered:38 orc:conquered:46 dwarf:conquered:54,3,26,25,0,3,1,69,1,19364.9,17621.2,16741.3,0.877,7,2,0,4,0
garrisonMult:-10,steadfast,greedy,7,won,46,46,,0,0,0,goblin:conquered:21 archmage:conquered:30 orc:conquered:38 dwarf:conquered:46,2,24,23,0,2,0,70,2,19172,17479.3,15969.3,0.913,5,2,0,5,0
garrisonMult:-10,steadfast,greedy,8,won,54,54,,0,0,0,archmage:conquered:30 goblin:conquered:38 orc:conquered:46 dwarf:conquered:54,4,24,21,0,2,0,71,2,19805,18093.6,16741.3,0.902,6,1,0,3,0
garrisonMult:-10,steadfast,greedy,9,won,57,57,,0,0,0,goblin:conquered:33 archmage:conquered:41 orc:conquered:49 dwarf:conquered:57,4,27,25,0,3,1,85,6,18018.8,16585.2,16741.3,0.859,7,2,0,3,0
garrisonMult:-10,steadfast,greedy,10,won,54,54,,0,0,0,archmage:conquered:30 goblin:conquered:38 orc:conquered:46 dwarf:conquered:54,4,27,26,0,2,0,71,3,20074.8,18281.5,16741.3,0.901,7,2,0,4,0
garrisonMult:-10,steadfast,greedy,11,won,61,61,,0,0,0,archmage:conquered:37 orc:conquered:45 goblin:conquered:53 dwarf:conquered:61,4,30,28,0,2,0,79,3,18638.5,17220.9,16741.3,0.875,7,1,0,3,0
garrisonMult:-10,steadfast,greedy,12,won,54,54,,0,0,0,archmage:conquered:30 goblin:conquered:38 orc:conquered:46 dwarf:conquered:54,4,28,27,0,2,0,68,0,20393.7,18539,16741.3,0.916,7,2,0,4,0
garrisonMult:-10,steadfast,greedy,13,won,56,56,,0,0,0,orc:conquered:32 archmage:conquered:40 goblin:conquered:48 dwarf:conquered:56,4,22,19,0,2,0,80,4,19462.8,17915.6,16741.3,0.917,7,11,0,4,0
garrisonMult:-10,steadfast,greedy,14,won,51,51,,0,0,0,goblin:conquered:26 archmage:conquered:35 orc:conquered:43 dwarf:conquered:51,2,23,21,0,2,0,74,5,18721.2,17064.5,16741.3,0.868,6,1,0,3,0
garrisonMult:-10,steadfast,greedy,15,won,51,51,,0,0,0,archmage:conquered:27 orc:conquered:35 goblin:conquered:43 dwarf:conquered:51,3,25,23,0,3,1,74,6,19182.9,17523.1,16741.3,0.879,6,2,0,5,0
garrisonMult:-10,steadfast,greedy,16,won,60,60,,0,0,0,archmage:conquered:36 goblin:conquered:44 orc:conquered:52 dwarf:conquered:60,5,26,23,0,2,0,75,1,18928.8,17415.1,16741.3,0.896,7,2,0,6,0
garrisonMult:-10,steadfast,greedy,17,won,46,46,,0,0,0,goblin:conquered:21 archmage:conquered:30 orc:conquered:38 dwarf:conquered:46,2,21,20,0,2,0,71,3,17670.2,16149.2,15969.3,0.88,5,1,0,3,0
garrisonMult:-10,steadfast,greedy,18,won,46,46,,0,0,0,archmage:conquered:22 orc:conquered:30 goblin:conquered:38 dwarf:conquered:46,2,22,20,0,2,0,76,4,18935.3,17252.9,15969.3,0.896,6,2,0,5,0
garrisonMult:-10,steadfast,greedy,19,won,49,49,,0,0,0,archmage:conquered:23 orc:conquered:33 goblin:conquered:41 dwarf:conquered:49,2,25,23,0,2,0,70,1,20192.6,18348.8,16741.3,0.909,6,3,0,4,0
garrisonMult:-10,steadfast,greedy,20,won,54,54,,0,0,0,archmage:conquered:30 goblin:conquered:38 orc:conquered:46 dwarf:conquered:54,5,28,26,0,2,0,72,4,19433.4,17714.5,16741.3,0.884,6,1,0,3,0
garrisonMult:-10,steadfast,greedy,21,won,50,50,,0,0,0,orc:conquered:26 archmage:conquered:34 goblin:conquered:42 dwarf:conquered:50,3,22,20,0,2,0,71,3,19731.7,17933.6,16741.3,0.898,6,1,0,3,0
garrisonMult:-10,steadfast,greedy,22,won,48,48,,0,0,0,goblin:conquered:23 archmage:conquered:32 orc:conquered:40 dwarf:conquered:48,3,25,24,0,2,0,73,5,19615.4,17809.1,16741.3,0.903,6,2,0,4,0
garrisonMult:-10,steadfast,greedy,23,won,49,49,,0,0,0,archmage:conquered:23 orc:conquered:33 goblin:conquered:41 dwarf:conquered:49,2,24,22,0,2,0,73,3,20472.1,18639.9,16741.3,0.919,6,2,0,2,0
garrisonMult:-10,steadfast,greedy,24,won,51,51,,0,0,0,archmage:conquered:27 orc:conquered:35 goblin:conquered:43 dwarf:conquered:51,3,25,24,0,2,0,68,0,19508.6,17764.9,16741.3,0.882,6,2,0,4,0
garrisonMult:-10,steadfast,greedy,25,won,55,55,,0,0,0,archmage:conquered:30 goblin:conquered:38 orc:conquered:47 dwarf:conquered:55,3,27,26,0,2,0,67,0,18310.2,16696.9,16741.3,0.861,6,2,0,4,0
garrisonMult:-10,steadfast,greedy,26,won,69,69,,0,0,0,archmage:conquered:45 goblin:conquered:53 orc:conquered:61 dwarf:conquered:69,4,36,32,0,2,0,83,1,17400.8,16272.9,16741.3,0.868,8,1,0,6,0
garrisonMult:-10,steadfast,greedy,27,won,52,52,,0,0,0,archmage:conquered:27 orc:conquered:36 goblin:conquered:44 dwarf:conquered:52,3,27,25,0,2,0,72,1,19298.1,17582.3,16741.3,0.887,6,1,0,4,0
garrisonMult:-10,steadfast,greedy,28,won,55,55,,0,0,0,goblin:conquered:30 archmage:conquered:38 orc:conquered:47 dwarf:conquered:55,2,25,22,0,2,0,74,2,18469.8,16959.9,16741.3,0.881,6,2,0,4,0
garrisonMult:-10,steadfast,greedy,29,won,63,63,,0,0,0,archmage:conquered:38 orc:conquered:47 goblin:conquered:55 dwarf:conquered:63,4,31,28,0,2,0,82,3,18352.9,16977,16741.3,0.903,8,1,0,7,0
garrisonMult:-10,steadfast,greedy,30,won,50,50,,0,0,0,archmage:conquered:26 orc:conquered:34 goblin:conquered:42 dwarf:conquered:50,4,27,25,0,2,0,74,3,20176.8,18372.5,16741.3,0.928,7,2,0,4,0
garrisonMult:-20,committed,greedy,1,won,68,68,,1,0,0,goblin:conquered:40 archmage:conquered:52 orc:conquered:60 dwarf:conquered:68,1,31,25,1,2,0,86,5,13543.6,12886,16741.3,0.782,6,10,4,3,0
garrisonMult:-20,committed,greedy,2,won,68,68,,1,0,0,archmage:conquered:43 orc:conquered:52 goblin:conquered:60 dwarf:conquered:68,2,30,25,0,2,0,83,4,13339.9,12750.6,16741.3,0.765,6,3,4,7,0
garrisonMult:-20,committed,greedy,3,active,71,,,0,0,0,archmage:conquered:56 orc:conquered:64,8,37,28,3,2,0,102,1,15340.9,14710,16741.3,0.856,7,1,3,11,0
garrisonMult:-20,committed,greedy,4,won,65,65,,0,0,0,goblin:conquered:38 archmage:conquered:49 orc:conquered:57 dwarf:conquered:65,3,29,23,1,2,0,87,5,13764.8,13097.5,16741.3,0.767,6,1,1,9,0
garrisonMult:-20,committed,greedy,5,won,64,64,,0,0,0,goblin:conquered:40 archmage:conquered:48 orc:conquered:56 dwarf:conquered:64,4,30,25,0,2,0,88,6,15253.4,14332,16741.3,0.815,6,1,0,5,0
garrisonMult:-20,committed,greedy,6,won,68,68,,0,0,0,archmage:conquered:42 orc:conquered:52 goblin:conquered:60 dwarf:conquered:68,3,31,25,0,3,1,87,5,13740.4,13133.6,16741.3,0.801,6,2,1,8,0
garrisonMult:-20,committed,greedy,7,won,59,59,,0,0,0,archmage:conquered:35 goblin:conquered:43 orc:conquered:51 dwarf:conquered:59,3,27,23,0,2,0,86,8,15893.7,14778.3,16741.3,0.826,5,2,0,3,0
garrisonMult:-20,committed,greedy,8,won,61,61,,0,0,0,goblin:conquered:35 archmage:conquered:44 orc:conquered:53 dwarf:conquered:61,3,27,22,0,2,0,84,3,15347.2,14446.3,16741.3,0.819,5,1,0,6,0
garrisonMult:-20,committed,greedy,9,won,67,67,,0,0,0,archmage:conquered:42 orc:conquered:51 goblin:conquered:59 dwarf:conquered:67,3,30,25,0,4,2,91,7,13665.2,13046.5,16741.3,0.76,6,2,1,10,0
garrisonMult:-20,committed,greedy,10,active,71,,,0,0,0,archmage:conquered:63,8,32,24,0,2,0,104,2,14305.6,13865.8,16741.3,0.824,6,2,0,22,0
garrisonMult:-20,committed,greedy,11,won,62,62,,0,0,0,goblin:conquered:37 archmage:conquered:45 orc:conquered:54 dwarf:conquered:62,2,27,23,0,2,0,83,6,14799.2,13820.7,16741.3,0.792,5,1,0,4,0
garrisonMult:-20,committed,greedy,12,won,51,51,,0,0,0,archmage:conquered:26 goblin:conquered:35 orc:conquered:43 dwarf:conquered:51,2,25,23,0,2,0,79,12,16794.8,15448.9,16741.3,0.844,4,2,0,4,0
garrisonMult:-20,committed,greedy,13,active,71,,,0,0,0,goblin:conquered:43 archmage:conquered:64,5,40,30,1,2,0,124,5,14748.5,14150.4,16741.3,0.827,6,11,0,25,0
garrisonMult:-20,committed,greedy,14,won,58,58,,0,0,0,goblin:conquered:33 orc:conquered:42 archmage:conquered:50 dwarf:conquered:58,1,21,17,0,2,0,77,2,14678.8,13706.8,16741.3,0.783,5,1,0,6,0
garrisonMult:-20,committed,greedy,15,won,67,67,,0,0,0,goblin:conquered:42 archmage:conquered:51 orc:conquered:59 dwarf:conquered:67,3,30,23,1,3,1,100,16,13615.3,13029.3,16741.3,0.793,6,2,2,7,0
garrisonMult:-20,committed,greedy,16,won,64,64,,0,0,0,dwarf:conquered:40 orc:conquered:48 goblin:conquered:56 archmage:conquered:64,4,30,23,1,2,0,82,4,14273.1,13596.1,16741.3,0.815,5,2,1,7,0
garrisonMult:-20,committed,greedy,17,won,70,70,,0,0,0,goblin:conquered:45 archmage:conquered:54 orc:conquered:62 dwarf:conquered:70,5,37,29,0,2,0,96,9,13518.6,12941.7,16741.3,0.806,7,1,3,10,0
garrisonMult:-20,committed,greedy,18,active,71,,,0,0,0,archmage:conquered:64,7,37,27,0,2,0,115,5,14237.2,13769.2,16741.3,0.817,6,2,0,23,0
garrisonMult:-20,committed,greedy,19,active,71,,,0,0,0,goblin:conquered:67,8,41,23,0,2,0,178,6,14435.7,13810.9,16741.3,0.788,6,3,0,33,0
garrisonMult:-20,committed,greedy,20,active,71,,,0,0,0,,6,25,11,0,3,1,111,3,13183.6,12793.6,16741.3,0.789,6,2,0,36,0
garrisonMult:-20,committed,greedy,21,active,71,,,0,0,0,archmage:conquered:70,8,41,24,2,2,0,134,5,13785.1,13294.8,16741.3,0.81,6,1,1,25,0
garrisonMult:-20,committed,greedy,22,active,71,,,0,0,0,goblin:conquered:45 archmage:conquered:55 orc:conquered:63,5,36,28,1,3,1,103,13,13806.1,13264.6,16741.3,0.8,6,2,2,9,0
garrisonMult:-20,committed,greedy,23,won,70,70,,0,0,0,goblin:conquered:46 orc:conquered:54 archmage:conquered:62 dwarf:conquered:70,5,32,25,0,2,0,87,8,14523.8,13904.8,16741.3,0.82,6,2,1,10,0
garrisonMult:-20,committed,greedy,24,won,60,60,,0,0,0,dwarf:conquered:36 orc:conquered:44 archmage:conquered:52 goblin:conquered:60,3,24,19,0,2,0,85,6,14643.1,13822.2,16741.3,0.806,5,2,0,5,0
garrisonMult:-20,committed,greedy,25,won,69,69,,0,0,0,goblin:conquered:41 archmage:conquered:52 orc:conquered:61 dwarf:conquered:69,3,35,28,0,2,0,89,6,13800.5,13150.6,16741.3,0.79,6,3,1,11,0
garrisonMult:-20,committed,greedy,26,active,71,,,0,0,0,archmage:conquered:62 goblin:conquered:70,4,40,29,1,2,0,116,5,13952.1,13373.8,16741.3,0.773,6,1,0,19,0
garrisonMult:-20,committed,greedy,27,won,60,60,,0,0,0,archmage:conquered:35 goblin:conquered:43 orc:conquered:52 dwarf:conquered:60,2,27,23,0,2,0,86,5,14831.9,13986.1,16741.3,0.814,5,1,0,15,0
garrisonMult:-20,committed,greedy,28,won,70,70,,0,0,0,goblin:conquered:42 orc:conquered:54 archmage:conquered:62 dwarf:conquered:70,2,38,33,1,2,0,96,11,13921,13243.1,16741.3,0.788,6,2,1,9,0
garrisonMult:-20,committed,greedy,29,won,70,70,,0,0,0,archmage:conquered:45 goblin:conquered:54 orc:conquered:62 dwarf:conquered:70,5,35,32,0,2,0,87,5,15355.8,14311.1,16741.3,0.81,6,1,0,4,0
garrisonMult:-20,committed,greedy,30,won,66,66,,0,0,0,goblin:conquered:38 archmage:conquered:50 orc:conquered:58 dwarf:conquered:66,3,32,26,0,2,0,93,7,14433.8,13698.5,16741.3,0.838,6,2,0,12,0
garrisonMult:-20,steadfast,greedy,1,won,70,70,,0,0,0,archmage:conquered:46 goblin:conquered:54 orc:conquered:62 dwarf:conquered:70,4,37,32,0,2,0,90,6,16757.5,15695.7,16741.3,0.873,8,10,0,3,0
garrisonMult:-20,steadfast,greedy,2,won,65,65,,0,0,0,archmage:conquered:41 orc:conquered:49 goblin:conquered:57 dwarf:conquered:65,4,32,27,0,2,0,82,2,17446,16265,16741.3,0.87,8,2,0,6,0
garrisonMult:-20,steadfast,greedy,3,won,54,54,,0,0,0,archmage:conquered:30 goblin:conquered:38 orc:conquered:46 dwarf:conquered:54,4,26,24,0,2,0,72,4,20624.1,18732.2,16741.3,0.931,7,1,0,4,0
garrisonMult:-20,steadfast,greedy,4,won,60,60,,0,0,0,archmage:conquered:36 orc:conquered:44 goblin:conquered:52 dwarf:conquered:60,4,29,25,0,2,0,80,4,17270.2,16010.8,16741.3,0.841,7,1,0,3,0
garrisonMult:-20,steadfast,greedy,5,won,61,61,,0,0,0,archmage:conquered:37 goblin:conquered:45 orc:conquered:53 dwarf:conquered:61,4,28,24,0,2,0,80,2,18435.8,17064.5,16741.3,0.881,7,1,0,5,0
garrisonMult:-20,steadfast,greedy,6,won,54,54,,0,0,0,archmage:conquered:30 goblin:conquered:38 orc:conquered:46 dwarf:conquered:54,3,25,24,0,3,1,71,3,19364.9,17621.2,16741.3,0.877,7,2,0,4,0
garrisonMult:-20,steadfast,greedy,7,won,46,46,,0,0,0,goblin:conquered:21 archmage:conquered:30 orc:conquered:38 dwarf:conquered:46,2,22,21,0,2,0,71,3,19172,17479.3,15969.3,0.913,5,2,0,5,0
garrisonMult:-20,steadfast,greedy,8,won,54,54,,0,0,0,archmage:conquered:30 goblin:conquered:38 orc:conquered:46 dwarf:conquered:54,4,24,22,0,2,0,70,1,19805,18093.6,16741.3,0.902,6,1,0,3,0
garrisonMult:-20,steadfast,greedy,9,won,55,55,,0,0,0,archmage:conquered:31 orc:conquered:39 goblin:conquered:47 dwarf:conquered:55,4,25,23,0,3,1,86,7,18028.7,16584.8,16741.3,0.855,6,2,0,3,0
garrisonMult:-20,steadfast,greedy,10,won,51,51,,0,0,0,archmage:conquered:27 goblin:conquered:35 orc:conquered:43 dwarf:conquered:51,3,23,22,0,2,0,70,2,20074.8,18281.5,16741.3,0.9,7,2,0,4,0
garrisonMult:-20,steadfast,greedy,11,won,61,61,,0,0,0,archmage:conquered:37 orc:conquered:45 goblin:conquered:53 dwarf:conquered:61,4,30,28,0,2,0,79,3,18638.5,17220.9,16741.3,0.875,7,1,0,3,0
garrisonMult:-20,steadfast,greedy,12,won,54,54,,0,0,0,archmage:conquered:30 goblin:conquered:38 orc:conquered:46 dwarf:conquered:54,4,27,26,0,2,0,71,3,20393.7,18539,16741.3,0.916,7,2,0,4,0
garrisonMult:-20,steadfast,greedy,13,won,57,57,,0,0,0,archmage:conquered:33 orc:conquered:41 goblin:conquered:49 dwarf:conquered:57,4,26,23,0,2,0,79,4,19462.8,17915.6,16741.3,0.915,7,11,0,4,0
garrisonMult:-20,steadfast,greedy,14,won,54,54,,0,0,0,archmage:conquered:30 goblin:conquered:38 orc:conquered:46 dwarf:conquered:54,4,26,24,0,2,0,73,4,18721.2,17064.5,16741.3,0.867,6,1,0,3,0
garrisonMult:-20,steadfast,greedy,15,won,48,48,,0,0,0,archmage:conquered:24 goblin:conquered:32 orc:conquered:40 dwarf:conquered:48,2,24,22,0,3,1,74,6,18945.1,17316.4,16741.3,0.889,6,2,0,5,0
garrisonMult:-20,steadfast,greedy,16,won,59,59,,0,0,0,archmage:conquered:35 goblin:conquered:43 orc:conquered:51 dwarf:conquered:59,5,25,22,0,2,0,75,1,18928.8,17415.1,16741.3,0.895,7,2,0,6,0
garrisonMult:-20,steadfast,greedy,17,won,46,46,,0,0,0,goblin:conquered:21 archmage:conquered:30 orc:conquered:38 dwarf:conquered:46,2,21,20,0,2,0,71,3,17670.2,16149.2,15969.3,0.88,5,1,0,3,0
garrisonMult:-20,steadfast,greedy,18,won,55,55,,0,0,0,archmage:conquered:30 orc:conquered:39 goblin:conquered:47 dwarf:conquered:55,4,25,22,0,2,0,77,5,19847.1,18077.3,16741.3,0.904,7,2,0,5,0
garrisonMult:-20,steadfast,greedy,19,won,46,46,,0,0,0,archmage:conquered:22 orc:conquered:30 goblin:conquered:38 dwarf:conquered:46,2,22,20,0,2,0,70,0,19282.3,17557.3,15969.3,0.909,6,3,0,4,0
garrisonMult:-20,steadfast,greedy,20,won,54,54,,0,0,0,archmage:conquered:30 goblin:conquered:38 orc:conquered:46 dwarf:conquered:54,5,27,25,0,2,0,70,2,19433.4,17714.5,16741.3,0.884,6,1,0,3,0
garrisonMult:-20,steadfast,greedy,21,won,49,49,,0,0,0,goblin:conquered:25 archmage:conquered:33 orc:conquered:41 dwarf:conquered:49,3,23,21,0,2,0,71,3,19740,17933.7,16741.3,0.9,6,1,0,3,0
garrisonMult:-20,steadfast,greedy,22,won,52,52,,0,0,0,archmage:conquered:27 orc:conquered:36 goblin:conquered:44 dwarf:conquered:52,4,28,27,0,2,0,71,3,19858.4,18044.5,16741.3,0.902,7,2,0,4,0
garrisonMult:-20,steadfast,greedy,23,won,49,49,,0,0,0,archmage:conquered:23 goblin:conquered:33 orc:conquered:41 dwarf:conquered:49,2,25,23,0,2,0,71,1,20472.1,18639.9,16741.3,0.919,6,2,0,2,0
garrisonMult:-20,steadfast,greedy,24,won,49,49,,0,0,0,archmage:conquered:25 orc:conquered:33 goblin:conquered:41 dwarf:conquered:49,3,24,23,0,2,0,68,0,19508.6,17764.9,16741.3,0.88,6,2,0,4,0
garrisonMult:-20,steadfast,greedy,25,won,50,50,,0,0,0,archmage:conquered:26 goblin:conquered:34 orc:conquered:42 dwarf:conquered:50,3,24,23,0,2,0,70,2,18310.2,16696.9,16741.3,0.858,6,2,0,4,0
garrisonMult:-20,steadfast,greedy,26,won,66,66,,0,0,0,archmage:conquered:42 goblin:conquered:50 orc:conquered:58 dwarf:conquered:66,4,33,29,0,2,0,84,1,17412,16272.2,16741.3,0.864,8,1,0,6,0
garrisonMult:-20,steadfast,greedy,27,won,46,46,,0,0,0,archmage:conquered:22 goblin:conquered:30 orc:conquered:38 dwarf:conquered:46,2,23,21,0,2,0,74,4,17705.7,16168.7,15969.3,0.877,5,1,0,5,0
garrisonMult:-20,steadfast,greedy,28,won,57,57,,0,0,0,goblin:conquered:33 archmage:conquered:41 orc:conquered:49 dwarf:conquered:57,3,26,24,0,2,0,74,1,18458.3,16960.3,16741.3,0.884,8,2,0,4,0
garrisonMult:-20,steadfast,greedy,29,won,61,61,,0,0,0,archmage:conquered:37 goblin:conquered:45 orc:conquered:53 dwarf:conquered:61,4,30,27,0,2,0,84,4,18372,16978,16741.3,0.902,8,1,0,6,0
garrisonMult:-20,steadfast,greedy,30,won,46,46,,0,0,0,goblin:conquered:21 archmage:conquered:30 orc:conquered:38 dwarf:conquered:46,3,22,20,0,2,0,73,2,19339.7,17632.1,15969.3,0.928,5,2,0,4,0
garrisonMult:+10,committed,greedy,1,active,71,,,1,1,0,goblin:conquered:40 archmage:conquered:65,1,32,27,0,2,0,100,4,13098.6,12597.8,16741.3,0.782,6,10,6,21,0
garrisonMult:+10,committed,greedy,2,won,68,68,,1,1,0,archmage:conquered:43 goblin:conquered:52 orc:conquered:60 dwarf:conquered:68,2,30,25,0,2,0,88,9,13008.3,12489,16741.3,0.765,6,3,4,10,0
garrisonMult:+10,committed,greedy,3,active,71,,,0,0,0,goblin:conquered:46 archmage:conquered:57 orc:conquered:65,5,34,25,1,2,0,112,5,15149,14613.4,16741.3,0.856,7,1,0,15,0
garrisonMult:+10,committed,greedy,4,won,65,65,,0,0,0,archmage:conquered:40 goblin:conquered:48 orc:conquered:57 dwarf:conquered:65,2,25,19,1,2,0,89,8,13640.4,13099,16741.3,0.767,6,1,2,14,0
garrisonMult:+10,committed,greedy,5,won,62,62,,0,0,0,archmage:conquered:35 orc:conquered:46 goblin:conquered:54 dwarf:conquered:62,2,27,22,0,2,0,88,9,15195.9,14332.8,16741.3,0.814,5,1,0,8,0
garrisonMult:+10,committed,greedy,6,active,71,,,0,0,0,archmage:conquered:43 orc:conquered:55 goblin:conquered:63,3,30,24,0,3,1,95,12,13896.9,13313.9,16741.3,0.804,6,2,0,13,0
garrisonMult:+10,committed,greedy,7,won,59,59,,0,0,0,orc:conquered:35 archmage:conquered:43 goblin:conquered:51 dwarf:conquered:59,3,24,20,0,2,0,84,8,15893.7,14778.3,16741.3,0.826,5,2,0,3,0
garrisonMult:+10,committed,greedy,8,won,62,62,,0,0,0,goblin:conquered:35 archmage:conquered:46 orc:conquered:54 dwarf:conquered:62,2,29,24,0,2,0,91,11,15306.3,14446.5,16741.3,0.819,5,1,0,11,0
garrisonMult:+10,committed,greedy,9,active,71,,,0,0,0,goblin:conquered:42 archmage:conquered:64,2,33,28,0,4,2,94,6,13606,13046.9,16741.3,0.762,6,2,2,21,0
garrisonMult:+10,committed,greedy,10,active,71,,,0,0,0,,8,18,10,1,2,0,101,1,14305.6,13865.8,16741.3,0.824,6,2,0,37,0
garrisonMult:+10,committed,greedy,11,won,60,60,,0,0,0,archmage:conquered:35 orc:conquered:44 goblin:conquered:52 dwarf:conquered:60,1,25,21,0,2,0,82,7,14777.8,13821.1,16741.3,0.791,5,1,2,6,0
garrisonMult:+10,committed,greedy,12,won,52,52,,0,0,0,archmage:conquered:26 orc:conquered:36 goblin:conquered:44 dwarf:conquered:52,2,24,22,0,2,0,78,12,16794.8,15448.9,16741.3,0.844,4,2,0,4,0
garrisonMult:+10,committed,greedy,13,active,71,,,0,0,0,orc:conquered:63,7,30,17,1,2,0,126,4,14735.9,14150.6,16741.3,0.827,6,11,0,37,0
garrisonMult:+10,committed,greedy,14,won,59,59,,0,0,0,goblin:conquered:33 orc:conquered:43 archmage:conquered:51 dwarf:conquered:59,1,23,18,0,2,0,78,3,14658.7,13706.8,16741.3,0.782,5,1,0,6,0
garrisonMult:+10,committed,greedy,15,active,71,,,0,0,0,,7,35,23,1,3,1,121,12,13341.2,12954.6,16741.3,0.797,6,2,0,28,0
garrisonMult:+10,committed,greedy,16,won,66,66,,0,0,0,goblin:conquered:41 dwarf:conquered:49 archmage:conquered:58 orc:conquered:66,3,29,22,1,2,0,83,3,14395,13812.7,16741.3,0.808,6,2,1,17,0
garrisonMult:+10,committed,greedy,17,active,71,,,0,0,0,archmage:conquered:69,8,35,23,1,2,0,109,7,13394.5,13003.6,16741.3,0.805,7,1,0,5,0
garrisonMult:+10,committed,greedy,18,active,71,,,0,0,0,,7,24,12,0,2,0,56,1,14194.6,13769.5,16741.3,0.817,6,2,1,36,0
garrisonMult:+10,committed,greedy,19,active,71,,,0,0,0,,7,23,9,0,2,0,97,4,14295.7,13813.4,16741.3,0.788,6,3,0,43,0
garrisonMult:+10,committed,greedy,20,active,71,,,0,0,0,,6,21,9,0,3,1,109,8,13183.6,12793.6,16741.3,0.789,6,2,0,36,0
garrisonMult:+10,committed,greedy,21,active,71,,,0,0,0,,6,21,9,2,2,0,86,6,13660.5,13270.4,16741.3,0.81,6,1,0,21,0
garrisonMult:+10,committed,greedy,22,active,71,,,0,0,0,,7,28,15,1,3,1,122,9,13748.3,13351.7,16741.3,0.8,6,2,0,31,0
garrisonMult:+10,committed,greedy,23,active,71,,,0,0,0,,7,23,6,0,2,0,108,8,14304.4,13885.5,16741.3,0.819,6,2,0,35,0
garrisonMult:+10,committed,greedy,24,won,59,59,,0,0,0,dwarf:conquered:35 archmage:conquered:43 goblin:conquered:51 orc:conquered:59,3,24,19,0,2,0,85,8,14643.1,13822.2,16741.3,0.806,5,2,3,7,0
garrisonMult:+10,committed,greedy,25,active,71,,,0,0,0,,7,24,13,0,2,0,79,2,13356.9,12964.5,16741.3,0.793,6,3,0,25,0
garrisonMult:+10,committed,greedy,26,active,71,,,0,0,0,,5,24,7,1,2,0,102,4,13801.9,13375.8,16741.3,0.773,6,1,0,21,0
garrisonMult:+10,committed,greedy,27,won,66,66,,0,0,0,goblin:conquered:41 archmage:conquered:50 orc:conquered:58 dwarf:conquered:66,3,30,26,0,2,0,89,5,14802.9,13986.6,16741.3,0.813,6,1,0,16,0
garrisonMult:+10,committed,greedy,28,active,71,,,0,0,0,orc:conquered:67,5,24,13,4,2,0,110,7,13459,13057.4,16741.3,0.787,6,2,0,16,0
garrisonMult:+10,committed,greedy,29,won,56,56,,0,0,0,archmage:conquered:31 goblin:conquered:40 orc:conquered:48 dwarf:conquered:56,1,28,25,0,2,0,86,8,15374.1,14311.4,16741.3,0.805,5,1,0,5,0
garrisonMult:+10,committed,greedy,30,active,71,,,0,0,0,archmage:conquered:69,9,37,28,0,2,0,111,2,14127.7,13696.5,16741.3,0.841,7,2,0,26,0
garrisonMult:+10,steadfast,greedy,1,won,70,70,,0,0,0,archmage:conquered:45 orc:conquered:54 goblin:conquered:62 dwarf:conquered:70,4,34,30,0,2,0,89,5,16730.5,15696.3,16741.3,0.873,8,10,0,3,0
garrisonMult:+10,steadfast,greedy,2,won,58,58,,0,0,0,archmage:conquered:33 orc:conquered:42 goblin:conquered:50 dwarf:conquered:58,3,25,19,0,2,0,84,3,17387.4,16266.8,16741.3,0.859,7,2,0,9,0
garrisonMult:+10,steadfast,greedy,3,won,49,49,,0,0,0,goblin:conquered:25 archmage:conquered:33 orc:conquered:41 dwarf:conquered:49,4,25,23,0,2,0,74,6,20624.1,18732.2,16741.3,0.93,6,1,0,4,0
garrisonMult:+10,steadfast,greedy,4,won,61,61,,0,0,0,archmage:conquered:37 orc:conquered:45 goblin:conquered:53 dwarf:conquered:61,3,29,25,0,2,0,80,5,17270.2,16010.8,16741.3,0.84,7,1,0,4,0
garrisonMult:+10,steadfast,greedy,5,won,59,59,,0,0,0,archmage:conquered:35 goblin:conquered:43 orc:conquered:51 dwarf:conquered:59,5,27,23,0,2,0,79,2,18435.8,17064.5,16741.3,0.881,7,1,0,5,0
garrisonMult:+10,steadfast,greedy,6,won,48,48,,0,0,0,goblin:conquered:24 archmage:conquered:32 orc:conquered:40 dwarf:conquered:48,2,20,19,0,3,1,69,1,19122.7,17410.6,16741.3,0.87,7,2,0,4,0
garrisonMult:+10,steadfast,greedy,7,won,46,46,,0,0,0,goblin:conquered:21 archmage:conquered:30 orc:conquered:38 dwarf:conquered:46,2,21,20,0,2,0,74,6,19172,17479.3,15969.3,0.913,5,2,0,5,0
garrisonMult:+10,steadfast,greedy,8,won,54,54,,0,0,0,archmage:conquered:30 goblin:conquered:38 orc:conquered:46 dwarf:conquered:54,4,23,20,0,2,0,70,1,19805,18093.6,16741.3,0.902,6,1,0,3,0
garrisonMult:+10,steadfast,greedy,9,won,49,49,,0,0,0,goblin:conquered:23 archmage:conquered:33 orc:conquered:41 dwarf:conquered:49,2,22,20,0,3,1,85,8,18052.8,16584.5,16741.3,0.859,6,2,0,3,0
garrisonMult:+10,steadfast,greedy,10,active,71,,,0,0,0,orc:conquered:27,3,18,17,0,2,0,71,3,20064.8,18280.9,16741.3,0.907,9,2,0,4,0
garrisonMult:+10,steadfast,greedy,11,won,64,64,,0,0,0,archmage:conquered:40 orc:conquered:48 goblin:conquered:56 dwarf:conquered:64,5,32,30,0,2,0,78,3,18899.8,17454.3,16741.3,0.878,8,1,0,4,0
garrisonMult:+10,steadfast,greedy,12,won,55,55,,0,0,0,archmage:conquered:30 goblin:conquered:38 orc:conquered:47 dwarf:conquered:55,4,28,27,0,2,0,70,2,20393.7,18539,16741.3,0.917,7,2,0,4,0
garrisonMult:+10,steadfast,greedy,13,won,50,50,,0,0,0,archmage:conquered:26 goblin:conquered:34 orc:conquered:42 dwarf:conquered:50,3,20,17,0,2,0,80,4,19504.9,17916.7,16741.3,0.919,6,11,0,4,0
garrisonMult:+10,steadfast,greedy,14,won,48,48,,0,0,0,orc:conquered:24 goblin:conquered:32 archmage:conquered:40 dwarf:conquered:48,2,17,15,0,2,0,76,6,18574,16954.6,16741.3,0.872,6,1,0,3,0
garrisonMult:+10,steadfast,greedy,15,won,54,54,,0,0,0,goblin:conquered:30 orc:conquered:38 archmage:conquered:46 dwarf:conquered:54,4,24,22,0,3,1,75,8,19182.9,17523.1,16741.3,0.876,6,2,0,5,0
garrisonMult:+10,steadfast,greedy,16,won,60,60,,0,0,0,archmage:conquered:36 goblin:conquered:44 orc:conquered:52 dwarf:conquered:60,5,26,23,0,2,0,76,2,18928.8,17415.1,16741.3,0.896,7,2,0,6,0
garrisonMult:+10,steadfast,greedy,17,won,46,46,,0,0,0,goblin:conquered:21 archmage:conquered:30 orc:conquered:38 dwarf:conquered:46,2,21,20,0,2,0,72,4,17670.2,16149.2,15969.3,0.88,5,1,0,3,0
garrisonMult:+10,steadfast,greedy,18,won,47,47,,0,0,0,archmage:conquered:22 orc:conquered:31 goblin:conquered:39 dwarf:conquered:47,2,23,20,0,2,0,77,5,19313.7,17581.9,16355.3,0.898,6,2,0,6,0
garrisonMult:+10,steadfast,greedy,19,won,46,46,,0,0,0,archmage:conquered:21 orc:conquered:30 goblin:conquered:38 dwarf:conquered:46,2,20,18,0,2,0,70,1,19294.7,17556.9,15969.3,0.909,6,3,0,4,0
garrisonMult:+10,steadfast,greedy,20,won,48,48,,0,0,0,goblin:conquered:24 archmage:conquered:32 orc:conquered:40 dwarf:conquered:48,4,23,21,0,2,0,70,2,19188.7,17496,16741.3,0.88,5,1,0,3,0
garrisonMult:+10,steadfast,greedy,21,won,48,48,,0,0,0,goblin:conquered:24 archmage:conquered:32 orc:conquered:40 dwarf:conquered:48,3,22,20,0,2,0,68,1,19497.2,17722.6,16741.3,0.906,6,1,0,3,0
garrisonMult:+10,steadfast,greedy,22,won,48,48,,0,0,0,goblin:conquered:23 archmage:conquered:32 orc:conquered:40 dwarf:conquered:48,3,24,23,0,2,0,73,5,19615.4,17809.1,16741.3,0.903,6,2,0,4,0
garrisonMult:+10,steadfast,greedy,23,won,47,47,,0,0,0,archmage:conquered:22 orc:conquered:31 goblin:conquered:39 dwarf:conquered:47,1,20,18,0,2,0,70,0,19238.4,17553.3,16355.3,0.917,6,2,0,2,0
garrisonMult:+10,steadfast,greedy,24,won,49,49,,0,0,0,archmage:conquered:24 goblin:conquered:33 orc:conquered:41 dwarf:conquered:49,2,24,23,0,2,0,68,0,19508.6,17764.9,16741.3,0.88,6,2,0,4,0
garrisonMult:+10,steadfast,greedy,25,won,48,48,,0,0,0,goblin:conquered:24 archmage:conquered:32 orc:conquered:40 dwarf:conquered:48,2,19,18,0,2,0,72,4,18075.5,16487.3,16741.3,0.861,5,2,0,4,0
garrisonMult:+10,steadfast,greedy,26,won,69,69,,0,0,0,archmage:conquered:45 goblin:conquered:53 orc:conquered:61 dwarf:conquered:69,4,34,30,0,2,0,87,5,17390.2,16273,16741.3,0.868,8,1,0,7,0
garrisonMult:+10,steadfast,greedy,27,won,46,46,,0,0,0,archmage:conquered:21 goblin:conquered:30 orc:conquered:38 dwarf:conquered:46,2,24,22,0,2,0,75,4,17716.9,16168.5,15969.3,0.877,5,1,0,4,0
garrisonMult:+10,steadfast,greedy,28,won,59,59,,0,0,0,orc:conquered:35 archmage:conquered:43 goblin:conquered:51 dwarf:conquered:59,3,25,22,0,2,0,72,1,18458.7,16959.5,16741.3,0.882,8,2,0,4,0
garrisonMult:+10,steadfast,greedy,29,won,65,65,,0,0,0,archmage:conquered:41 orc:conquered:49 goblin:conquered:57 dwarf:conquered:65,5,34,29,0,2,0,84,5,18336.8,16977.6,16741.3,0.904,8,1,0,6,0
garrisonMult:+10,steadfast,greedy,30,won,46,46,,0,0,0,archmage:conquered:20 orc:conquered:30 goblin:conquered:38 dwarf:conquered:46,3,20,18,0,2,0,74,3,19358.9,17631.9,15969.3,0.928,5,2,0,4,0
garrisonMult:+20,committed,greedy,1,active,71,,,1,0,0,,4,30,25,1,2,0,103,8,13098.6,12597.8,16741.3,0.782,6,10,4,24,0
garrisonMult:+20,committed,greedy,2,active,71,,,1,1,0,archmage:conquered:43 goblin:conquered:63,1,28,23,0,2,0,86,4,12995,12489.2,16741.3,0.766,6,3,4,18,0
garrisonMult:+20,committed,greedy,3,active,71,,,0,0,0,archmage:conquered:71,9,39,30,1,2,0,131,4,15124.5,14613.5,16741.3,0.856,7,1,0,27,0
garrisonMult:+20,committed,greedy,4,active,71,,,0,0,0,archmage:conquered:40 orc:conquered:61 goblin:conquered:69,2,26,20,1,2,0,87,5,13640.4,13099,16741.3,0.776,6,1,2,17,0
garrisonMult:+20,committed,greedy,5,won,62,62,,0,0,0,archmage:conquered:35 orc:conquered:46 goblin:conquered:54 dwarf:conquered:62,2,28,23,0,2,0,85,6,15195.9,14332.8,16741.3,0.814,5,1,0,8,0
garrisonMult:+20,committed,greedy,6,won,69,69,,0,0,0,dwarf:conquered:42 archmage:conquered:53 orc:conquered:61 goblin:conquered:69,2,29,23,0,3,1,97,11,13906.7,13313.9,16741.3,0.802,6,2,2,13,0
garrisonMult:+20,committed,greedy,7,won,59,59,,0,0,0,orc:conquered:35 archmage:conquered:43 goblin:conquered:51 dwarf:conquered:59,3,24,20,0,2,0,87,11,15893.7,14778.3,16741.3,0.826,5,2,0,3,0
garrisonMult:+20,committed,greedy,8,won,63,63,,0,0,0,archmage:conquered:39 goblin:conquered:47 orc:conquered:55 dwarf:conquered:63,3,27,21,1,2,0,96,8,15077.7,14347.5,16741.3,0.818,5,1,2,19,0
garrisonMult:+20,committed,greedy,9,active,71,,,0,0,0,goblin:conquered:55 archmage:conquered:67,4,35,30,0,4,2,99,11,13606,13046.9,16741.3,0.762,6,2,2,22,0
garrisonMult:+20,committed,greedy,10,active,71,,,0,0,0,,8,22,14,0,2,0,120,3,14305.6,13865.8,16741.3,0.824,6,2,0,35,0
garrisonMult:+20,committed,greedy,11,won,60,60,,0,0,0,archmage:conquered:35 goblin:conquered:44 orc:conquered:52 dwarf:conquered:60,1,25,21,0,2,0,84,9,14777.8,13821.1,16741.3,0.791,5,1,0,7,0
garrisonMult:+20,committed,greedy,12,won,52,52,,0,0,0,archmage:conquered:26 goblin:conquered:36 orc:conquered:44 dwarf:conquered:52,2,27,25,0,2,0,78,12,16794.8,15448.9,16741.3,0.844,4,2,0,4,0
garrisonMult:+20,committed,greedy,13,active,71,,,0,0,0,,7,23,11,1,2,0,95,8,14601.5,14152.9,16741.3,0.827,6,11,0,38,0
garrisonMult:+20,committed,greedy,14,won,59,59,,0,0,0,goblin:conquered:33 orc:conquered:43 archmage:conquered:51 dwarf:conquered:59,1,23,18,0,2,0,80,5,14658.7,13706.8,16741.3,0.782,5,1,0,6,0
garrisonMult:+20,committed,greedy,15,active,71,,,0,0,0,goblin:conquered:62,6,30,19,2,3,1,109,7,13341.2,12954.6,16741.3,0.797,6,2,1,34,0
garrisonMult:+20,committed,greedy,16,active,71,,,1,1,0,dwarf:conquered:40 archmage:conquered:55 orc:conquered:63,3,32,25,1,2,0,88,9,14505.5,13811.1,16741.3,0.81,6,2,4,11,0
garrisonMult:+20,committed,greedy,17,active,71,,,0,0,0,goblin:conquered:63,8,35,22,1,2,0,108,4,13394.5,13003.6,16741.3,0.805,7,1,0,11,0
garrisonMult:+20,committed,greedy,18,active,71,,,0,0,0,,8,22,11,0,2,0,52,3,14194.6,13769.5,16741.3,0.817,6,2,1,36,0
garrisonMult:+20,committed,greedy,19,active,71,,,0,0,0,,7,23,8,0,2,0,94,7,14295.7,13813.4,16741.3,0.788,6,3,0,43,0
garrisonMult:+20,committed,greedy,20,active,71,,,0,0,0,,6,21,9,0,3,1,81,5,13183.6,12793.6,16741.3,0.789,6,2,0,36,0
garrisonMult:+20,committed,greedy,21,active,71,,,0,0,0,,7,23,11,2,2,0,62,4,13660.5,13270.4,16741.3,0.81,6,1,0,14,0
garrisonMult:+20,committed,greedy,22,active,71,,,0,0,0,goblin:conquered:66,7,30,17,1,3,1,92,8,13748.3,13351.7,16741.3,0.8,6,2,0,32,0
garrisonMult:+20,committed,greedy,23,active,71,,,0,0,0,,7,24,7,0,2,0,83,0,14304.4,13885.5,16741.3,0.819,6,2,0,35,0
garrisonMult:+20,committed,greedy,24,won,62,62,,0,0,0,dwarf:conquered:35 archmage:conquered:45 orc:conquered:54 goblin:conquered:62,2,26,21,0,2,0,84,6,14633.1,13822.6,16741.3,0.804,5,2,3,5,0
garrisonMult:+20,committed,greedy,25,active,71,,,0,0,0,goblin:conquered:63,7,33,21,0,2,0,121,14,13356.9,12964.5,16741.3,0.793,6,3,0,11,0
garrisonMult:+20,committed,greedy,26,active,71,,,0,0,0,,5,26,14,0,2,0,91,5,13801.9,13375.8,16741.3,0.773,6,1,0,21,0
garrisonMult:+20,committed,greedy,27,active,71,,,0,0,0,archmage:conquered:67,9,34,30,0,2,0,98,12,14716.8,13987.8,16741.3,0.815,6,1,0,27,0
garrisonMult:+20,committed,greedy,28,active,71,,,0,0,0,,5,23,13,4,2,0,62,3,13459,13057.4,16741.3,0.787,6,2,0,16,0
garrisonMult:+20,committed,greedy,29,won,56,56,,0,0,0,archmage:conquered:31 goblin:conquered:40 orc:conquered:48 dwarf:conquered:56,1,25,22,0,2,0,84,6,15374.1,14311.4,16741.3,0.805,5,1,0,5,0
garrisonMult:+20,committed,greedy,30,active,71,,,0,0,0,goblin:conquered:61 archmage:conquered:70,7,34,23,0,2,0,106,4,14127.7,13696.5,16741.3,0.841,7,2,0,30,0
garrisonMult:+20,steadfast,greedy,1,won,68,68,,0,0,0,archmage:conquered:44 goblin:conquered:52 orc:conquered:60 dwarf:conquered:68,4,34,30,0,2,0,89,5,16730.5,15696.3,16741.3,0.874,8,10,0,5,0
garrisonMult:+20,steadfast,greedy,2,won,59,59,,0,0,0,archmage:conquered:33 orc:conquered:43 dwarf:conquered:51 goblin:conquered:59,3,26,20,0,2,0,87,5,17376,16267.2,16741.3,0.861,7,2,0,10,0
garrisonMult:+20,steadfast,greedy,3,won,49,49,,0,0,0,goblin:conquered:25 archmage:conquered:33 orc:conquered:41 dwarf:conquered:49,4,23,21,0,2,0,70,2,20624.1,18732.2,16741.3,0.93,6,1,0,4,0
garrisonMult:+20,steadfast,greedy,4,won,60,60,,0,0,0,archmage:conquered:36 orc:conquered:44 goblin:conquered:52 dwarf:conquered:60,4,29,25,0,2,0,78,3,17270.2,16010.8,16741.3,0.841,7,1,0,4,0
garrisonMult:+20,steadfast,greedy,5,won,59,59,,0,0,0,archmage:conquered:35 orc:conquered:43 goblin:conquered:51 dwarf:conquered:59,5,28,24,0,2,0,81,4,18424.1,17064.3,16741.3,0.881,7,1,0,5,0
garrisonMult:+20,steadfast,greedy,6,won,48,48,,0,0,0,goblin:conquered:24 archmage:conquered:32 orc:conquered:40 dwarf:conquered:48,2,20,19,0,3,1,70,2,19122.7,17410.6,16741.3,0.87,7,2,0,4,0
garrisonMult:+20,steadfast,greedy,7,won,46,46,,0,0,0,goblin:conquered:21 archmage:conquered:30 orc:conquered:38 dwarf:conquered:46,2,20,19,0,2,0,72,4,19172,17479.3,15969.3,0.913,5,2,0,5,0
garrisonMult:+20,steadfast,greedy,8,won,54,54,,0,0,0,archmage:conquered:30 orc:conquered:38 goblin:conquered:46 dwarf:conquered:54,4,22,19,0,2,0,70,1,19805,18093.6,16741.3,0.902,6,1,0,3,0
garrisonMult:+20,steadfast,greedy,9,won,49,49,,0,0,0,goblin:conquered:23 archmage:conquered:33 orc:conquered:41 dwarf:conquered:49,2,23,21,0,3,1,87,10,18052.8,16584.5,16741.3,0.859,6,2,0,3,0
garrisonMult:+20,steadfast,greedy,10,won,51,51,,0,0,0,orc:conquered:27 archmage:conquered:35 goblin:conquered:43 dwarf:conquered:51,3,22,21,0,2,0,72,4,20074.8,18281.5,16741.3,0.9,7,2,0,4,0
garrisonMult:+20,steadfast,greedy,11,won,64,64,,0,0,0,archmage:conquered:40 orc:conquered:48 goblin:conquered:56 dwarf:conquered:64,5,32,30,0,2,0,78,3,18899.8,17454.3,16741.3,0.878,8,1,0,4,0
garrisonMult:+20,steadfast,greedy,12,won,49,49,,0,0,0,archmage:conquered:25 orc:conquered:33 goblin:conquered:41 dwarf:conquered:49,2,23,22,0,2,0,69,1,20393.7,18539,16741.3,0.915,6,2,0,4,0
garrisonMult:+20,steadfast,greedy,13,won,51,51,,0,0,0,archmage:conquered:26 orc:conquered:35 goblin:conquered:43 dwarf:conquered:51,3,20,17,0,2,0,81,5,19504.9,17916.7,16741.3,0.919,6,11,0,4,0
garrisonMult:+20,steadfast,greedy,14,won,48,48,,0,0,0,orc:conquered:24 goblin:conquered:32 archmage:conquered:40 dwarf:conquered:48,2,17,15,0,2,0,76,7,18574,16954.6,16741.3,0.872,6,1,0,3,0
garrisonMult:+20,steadfast,greedy,15,won,54,54,,0,0,0,goblin:conquered:30 archmage:conquered:38 orc:conquered:46 dwarf:conquered:54,4,26,24,0,3,1,74,7,19182.9,17523.1,16741.3,0.876,6,2,0,5,0
garrisonMult:+20,steadfast,greedy,16,won,60,60,,0,0,0,archmage:conquered:36 goblin:conquered:44 orc:conquered:52 dwarf:conquered:60,5,28,25,0,2,0,75,1,18928.8,17415.1,16741.3,0.896,7,2,0,6,0
garrisonMult:+20,steadfast,greedy,17,won,46,46,,0,0,0,goblin:conquered:21 archmage:conquered:30 orc:conquered:38 dwarf:conquered:46,2,21,20,0,2,0,71,3,17670.2,16149.2,15969.3,0.88,5,1,0,3,0
garrisonMult:+20,steadfast,greedy,18,won,47,47,,0,0,0,archmage:conquered:22 orc:conquered:31 goblin:conquered:39 dwarf:conquered:47,2,22,19,0,2,0,77,5,19313.7,17581.9,16355.3,0.898,6,2,0,6,0
garrisonMult:+20,steadfast,greedy,19,won,46,46,,0,0,0,archmage:conquered:21 orc:conquered:30 goblin:conquered:38 dwarf:conquered:46,2,20,18,0,2,0,71,2,19294.7,17556.9,15969.3,0.909,6,3,0,4,0
garrisonMult:+20,steadfast,greedy,20,won,48,48,,0,0,0,goblin:conquered:24 archmage:conquered:32 orc:conquered:40 dwarf:conquered:48,4,23,21,0,2,0,70,2,19188.7,17496,16741.3,0.88,5,1,0,3,0
garrisonMult:+20,steadfast,greedy,21,won,48,48,,0,0,0,goblin:conquered:24 archmage:conquered:32 orc:conquered:40 dwarf:conquered:48,3,22,20,0,2,0,68,1,19497.2,17722.6,16741.3,0.906,6,1,0,3,0
garrisonMult:+20,steadfast,greedy,22,won,48,48,,0,0,0,goblin:conquered:23 archmage:conquered:32 orc:conquered:40 dwarf:conquered:48,3,24,23,0,2,0,74,6,19615.4,17809.1,16741.3,0.903,6,2,0,4,0
garrisonMult:+20,steadfast,greedy,23,won,47,47,,0,0,0,archmage:conquered:22 orc:conquered:31 goblin:conquered:39 dwarf:conquered:47,1,20,18,0,2,0,71,1,19238.4,17553.3,16355.3,0.917,6,2,0,2,0
garrisonMult:+20,steadfast,greedy,24,won,48,48,,0,0,0,archmage:conquered:24 goblin:conquered:32 orc:conquered:40 dwarf:conquered:48,2,24,23,0,2,0,68,0,19263.8,17552.1,16741.3,0.882,6,2,0,4,0
garrisonMult:+20,steadfast,greedy,25,won,48,48,,0,0,0,goblin:conquered:24 archmage:conquered:32 orc:conquered:40 dwarf:conquered:48,2,19,18,0,2,0,72,4,18075.5,16487.3,16741.3,0.861,5,2,0,4,0
garrisonMult:+20,steadfast,greedy,26,won,61,61,,0,0,0,archmage:conquered:34 orc:conquered:45 goblin:conquered:53 dwarf:conquered:61,2,26,22,0,2,0,82,0,17335.1,16274.4,16741.3,0.857,7,1,0,10,0
garrisonMult:+20,steadfast,greedy,27,won,46,46,,0,0,0,archmage:conquered:21 orc:conquered:30 goblin:conquered:38 dwarf:conquered:46,2,21,19,0,2,0,74,3,17716.9,16168.5,15969.3,0.877,5,1,0,5,0
garrisonMult:+20,steadfast,greedy,28,won,55,55,,0,0,0,archmage:conquered:30 orc:conquered:39 goblin:conquered:47 dwarf:conquered:55,2,25,22,0,2,0,72,1,18469.8,16959.9,16741.3,0.881,6,2,0,4,0
garrisonMult:+20,steadfast,greedy,29,won,57,57,,0,0,0,archmage:conquered:31 goblin:conquered:41 orc:conquered:49 dwarf:conquered:57,2,31,26,0,2,0,80,2,18302.1,16979.5,16741.3,0.903,8,1,0,11,0
garrisonMult:+20,steadfast,greedy,30,won,46,46,,0,0,0,archmage:conquered:20 goblin:conquered:30 orc:conquered:38 dwarf:conquered:46,3,22,21,0,2,0,73,2,19358.9,17631.9,15969.3,0.928,5,2,0,4,0
hostShare:-10,committed,greedy,1,active,71,,,1,0,0,goblin:conquered:43 archmage:conquered:66,1,31,26,1,2,0,92,7,13423.4,12887,16741.3,0.782,6,10,5,19,0
hostShare:-10,committed,greedy,2,won,67,67,,1,1,0,archmage:conquered:43 goblin:conquered:51 orc:conquered:59 dwarf:conquered:67,2,27,22,0,2,0,87,7,13319.8,12750.9,16741.3,0.766,6,3,4,9,0
hostShare:-10,committed,greedy,3,active,71,,,0,0,0,goblin:conquered:50 archmage:conquered:62 orc:conquered:71,6,41,30,2,2,0,123,1,15190,14612.7,16741.3,0.856,7,1,1,20,0
hostShare:-10,committed,greedy,4,won,70,70,,0,0,0,archmage:conquered:40 goblin:conquered:52 orc:conquered:62 dwarf:conquered:70,2,28,22,1,2,0,89,7,13640.4,13099,16741.3,0.774,6,1,2,16,0
hostShare:-10,committed,greedy,5,won,63,63,,0,0,0,archmage:conquered:37 orc:conquered:47 goblin:conquered:55 dwarf:conquered:63,2,30,25,0,2,0,91,9,15205.7,14332.6,16741.3,0.814,5,1,0,6,0
hostShare:-10,committed,greedy,6,won,67,67,,0,0,0,archmage:conquered:40 orc:conquered:51 goblin:conquered:59 dwarf:conquered:67,3,28,21,0,3,1,94,8,13906.7,13313.9,16741.3,0.8,6,2,0,11,0
hostShare:-10,committed,greedy,7,won,60,60,,0,0,0,goblin:conquered:35 archmage:conquered:44 orc:conquered:52 dwarf:conquered:60,3,28,25,0,2,0,89,12,15893.7,14778.3,16741.3,0.826,5,2,0,3,0
hostShare:-10,committed,greedy,8,won,60,60,,0,0,0,archmage:conquered:34 goblin:conquered:44 orc:conquered:52 dwarf:conquered:60,2,31,26,0,2,0,88,9,15292.6,14446.7,16741.3,0.818,5,1,0,8,0
hostShare:-10,committed,greedy,9,active,71,,,0,0,0,goblin:conquered:42 archmage:conquered:63,2,33,28,0,4,2,96,9,13615.5,13047.1,16741.3,0.762,6,2,2,18,0
hostShare:-10,committed,greedy,10,active,71,,,0,0,0,,8,18,10,1,2,0,99,0,14305.6,13865.8,16741.3,0.824,6,2,0,37,0
hostShare:-10,committed,greedy,11,won,63,63,,0,0,0,goblin:conquered:39 archmage:conquered:47 orc:conquered:55 dwarf:conquered:63,2,28,24,0,2,0,83,8,14799.2,13820.7,16741.3,0.791,5,1,0,4,0
hostShare:-10,committed,greedy,12,won,51,51,,0,0,0,archmage:conquered:26 orc:conquered:35 goblin:conquered:43 dwarf:conquered:51,2,23,21,0,2,0,81,14,16794.8,15448.9,16741.3,0.844,4,2,0,4,0
hostShare:-10,committed,greedy,13,active,71,,,0,0,0,,7,26,12,1,2,0,96,1,14748.5,14150.4,16741.3,0.827,6,11,0,38,0
hostShare:-10,committed,greedy,14,won,58,58,,0,0,0,goblin:conquered:33 orc:conquered:42 archmage:conquered:50 dwarf:conquered:58,1,21,17,0,2,0,82,7,14678.8,13706.8,16741.3,0.783,5,1,0,6,0
hostShare:-10,committed,greedy,15,active,71,,,0,0,0,goblin:conquered:50 archmage:conquered:63,4,35,26,1,3,1,117,11,13293.2,12872,16741.3,0.797,6,2,2,24,0
hostShare:-10,committed,greedy,16,won,67,67,,0,0,0,goblin:conquered:41 archmage:conquered:51 orc:conquered:59 dwarf:conquered:67,3,32,25,0,2,0,88,8,14239.9,13596.8,16741.3,0.806,6,2,1,9,0
hostShare:-10,committed,greedy,17,active,71,,,0,0,0,,8,28,13,2,2,0,134,8,13509.3,13001.4,16741.3,0.805,7,1,0,35,0
hostShare:-10,committed,greedy,18,active,71,,,0,0,0,,8,26,13,0,2,0,79,3,14194.6,13769.5,16741.3,0.817,6,2,1,36,0
hostShare:-10,committed,greedy,19,active,71,,,0,0,0,,7,26,13,0,2,0,89,1,14326.5,13812.9,16741.3,0.788,6,3,0,43,0
hostShare:-10,committed,greedy,20,active,71,,,0,0,0,,6,24,7,0,3,1,119,4,13183.6,12793.6,16741.3,0.789,6,2,0,36,0
hostShare:-10,committed,greedy,21,active,71,,,0,0,0,,6,25,9,2,2,0,83,6,13700.2,13296,16741.3,0.81,6,1,0,33,0
hostShare:-10,committed,greedy,22,active,71,,,0,0,0,,7,28,8,2,3,1,143,8,13748.3,13351.7,16741.3,0.8,6,2,0,34,0
hostShare:-10,committed,greedy,23,active,71,,,0,0,0,,7,25,10,0,2,0,116,1,14428.9,13884.1,16741.3,0.819,6,2,0,35,0
hostShare:-10,committed,greedy,24,won,63,63,,0,0,0,dwarf:conquered:35 archmage:conquered:47 goblin:conquered:55 orc:conquered:63,2,25,20,0,2,0,86,8,14643.1,13822.2,16741.3,0.802,5,2,2,5,0
hostShare:-10,committed,greedy,25,active,71,,,0,0,0,,7,29,7,0,2,0,108,5,13356.9,12964.5,16741.3,0.793,6,3,0,23,0
hostShare:-10,committed,greedy,26,active,71,,,0,0,0,,4,22,11,0,2,0,102,2,13930.3,13374.1,16741.3,0.773,6,1,1,35,0
hostShare:-10,committed,greedy,27,won,66,66,,0,0,0,goblin:conquered:36 archmage:conquered:50 orc:conquered:58 dwarf:conquered:66,2,31,27,0,2,0,88,6,14893.8,13986.1,16741.3,0.813,6,1,0,15,0
hostShare:-10,committed,greedy,28,active,71,,,0,0,0,archmage:conquered:64,4,40,35,2,2,0,98,10,13504.8,12984.3,16741.3,0.787,6,2,2,20,0
hostShare:-10,committed,greedy,29,won,63,63,,0,0,0,goblin:conquered:39 archmage:conquered:47 orc:conquered:55 dwarf:conquered:63,2,29,26,0,2,0,83,5,15374.1,14311.4,16741.3,0.804,5,1,0,5,0
hostShare:-10,committed,greedy,30,active,71,,,0,0,0,goblin:conquered:39 archmage:conquered:58 orc:conquered:66,3,33,27,0,2,0,94,6,14575.5,13876.6,16741.3,0.841,7,2,1,16,0
hostShare:-10,steadfast,greedy,1,won,66,66,,0,0,0,archmage:conquered:42 orc:conquered:50 goblin:conquered:58 dwarf:conquered:66,3,31,27,0,2,0,88,4,16730.5,15696.3,16741.3,0.877,8,10,0,3,0
hostShare:-10,steadfast,greedy,2,won,66,66,,0,0,0,archmage:conquered:42 goblin:conquered:50 orc:conquered:58 dwarf:conquered:66,4,30,25,0,2,0,85,4,17433.3,16265.6,16741.3,0.872,8,2,0,7,0
hostShare:-10,steadfast,greedy,3,won,54,54,,0,0,0,archmage:conquered:30 goblin:conquered:38 orc:conquered:46 dwarf:conquered:54,4,27,25,0,2,0,73,5,20624.1,18732.2,16741.3,0.931,7,1,0,4,0
hostShare:-10,steadfast,greedy,4,won,60,60,,0,0,0,archmage:conquered:36 orc:conquered:44 goblin:conquered:52 dwarf:conquered:60,4,29,25,0,2,0,77,2,17270.2,16010.8,16741.3,0.841,7,1,0,2,0
hostShare:-10,steadfast,greedy,5,won,57,57,,0,0,0,archmage:conquered:33 orc:conquered:41 goblin:conquered:49 dwarf:conquered:57,3,26,22,0,2,0,80,3,18424.1,17064.3,16741.3,0.885,7,1,0,5,0
hostShare:-10,steadfast,greedy,6,won,48,48,,0,0,0,goblin:conquered:23 archmage:conquered:32 orc:conquered:40 dwarf:conquered:48,2,21,20,0,3,1,70,2,19122.7,17410.6,16741.3,0.87,7,2,0,4,0
hostShare:-10,steadfast,greedy,7,won,46,46,,0,0,0,goblin:conquered:21 archmage:conquered:30 orc:conquered:38 dwarf:conquered:46,2,23,22,0,2,0,72,4,19172,17479.3,15969.3,0.913,5,2,0,5,0
hostShare:-10,steadfast,greedy,8,won,55,55,,0,0,0,archmage:conquered:31 goblin:conquered:39 orc:conquered:47 dwarf:conquered:55,4,25,22,0,2,0,70,1,19805,18093.6,16741.3,0.901,6,1,0,3,0
hostShare:-10,steadfast,greedy,9,won,48,48,,0,0,0,goblin:conquered:24 archmage:conquered:32 orc:conquered:40 dwarf:conquered:48,2,23,20,0,3,1,86,8,17786.6,16358,16741.3,0.857,5,2,0,4,0
hostShare:-10,steadfast,greedy,10,won,55,55,,0,0,0,archmage:conquered:30 goblin:conquered:38 orc:conquered:47 dwarf:conquered:55,4,26,25,0,2,0,75,7,20074.8,18281.5,16741.3,0.901,7,2,0,4,0
hostShare:-10,steadfast,greedy,11,won,61,61,,0,0,0,archmage:conquered:37 orc:conquered:45 goblin:conquered:53 dwarf:conquered:61,4,30,28,0,2,0,80,5,18899.8,17454.3,16741.3,0.875,7,1,0,4,0
hostShare:-10,steadfast,greedy,12,won,54,54,,0,0,0,archmage:conquered:30 goblin:conquered:38 orc:conquered:46 dwarf:conquered:54,4,27,26,0,2,0,73,5,20393.7,18539,16741.3,0.916,7,2,0,4,0
hostShare:-10,steadfast,greedy,13,won,50,50,,0,0,0,archmage:conquered:26 goblin:conquered:34 orc:conquered:42 dwarf:conquered:50,3,21,19,0,2,0,80,4,19504.9,17916.7,16741.3,0.919,6,11,0,4,0
hostShare:-10,steadfast,greedy,14,won,50,50,,0,0,0,goblin:conquered:25 orc:conquered:34 archmage:conquered:42 dwarf:conquered:50,2,21,19,0,2,0,73,4,18721.2,17064.5,16741.3,0.869,6,1,0,3,0
hostShare:-10,steadfast,greedy,15,won,57,57,,0,0,0,goblin:conquered:33 archmage:conquered:41 orc:conquered:49 dwarf:conquered:57,5,27,25,0,3,1,75,8,19182.9,17523.1,16741.3,0.869,7,2,0,5,0
hostShare:-10,steadfast,greedy,16,won,60,60,,0,0,0,archmage:conquered:36 goblin:conquered:44 orc:conquered:52 dwarf:conquered:60,4,25,22,0,2,0,77,3,18928.8,17415.1,16741.3,0.896,7,2,0,6,0
hostShare:-10,steadfast,greedy,17,won,46,46,,0,0,0,goblin:conquered:21 archmage:conquered:30 orc:conquered:38 dwarf:conquered:46,2,20,19,0,2,0,73,5,17670.2,16149.2,15969.3,0.88,5,1,0,3,0
hostShare:-10,steadfast,greedy,18,won,46,46,,0,0,0,archmage:conquered:22 goblin:conquered:30 orc:conquered:38 dwarf:conquered:46,2,24,21,0,2,0,77,5,18935.3,17252.9,15969.3,0.896,6,2,0,6,0
hostShare:-10,steadfast,greedy,19,won,51,51,,0,0,0,archmage:conquered:27 orc:conquered:35 goblin:conquered:43 dwarf:conquered:51,3,24,22,0,2,0,70,1,20190.6,18347.8,16741.3,0.907,6,3,0,4,0
hostShare:-10,steadfast,greedy,20,won,48,48,,0,0,0,goblin:conquered:23 archmage:conquered:32 orc:conquered:40 dwarf:conquered:48,4,23,21,0,2,0,70,2,19188.7,17496,16741.3,0.88,5,1,0,3,0
hostShare:-10,steadfast,greedy,21,won,48,48,,0,0,0,goblin:conquered:23 archmage:conquered:32 orc:conquered:40 dwarf:conquered:48,3,24,22,0,2,0,71,4,19497.2,17722.6,16741.3,0.906,6,1,0,3,0
hostShare:-10,steadfast,greedy,22,won,48,48,,0,0,0,goblin:conquered:23 archmage:conquered:32 orc:conquered:40 dwarf:conquered:48,3,24,23,0,2,0,74,6,19615.4,17809.1,16741.3,0.903,6,2,0,4,0
hostShare:-10,steadfast,greedy,23,won,48,48,,0,0,0,archmage:conquered:23 orc:conquered:32 goblin:conquered:40 dwarf:conquered:48,2,18,17,0,2,0,70,1,20228.4,18427.9,16741.3,0.918,6,2,0,5,0
hostShare:-10,steadfast,greedy,24,won,49,49,,0,0,0,archmage:conquered:25 goblin:conquered:33 orc:conquered:41 dwarf:conquered:49,3,26,25,0,2,0,68,0,19508.6,17764.9,16741.3,0.88,6,2,0,4,0
hostShare:-10,steadfast,greedy,25,won,50,50,,0,0,0,orc:conquered:26 archmage:conquered:34 goblin:conquered:42 dwarf:conquered:50,3,22,21,0,2,0,71,4,18310.2,16696.9,16741.3,0.858,6,2,0,4,0
hostShare:-10,steadfast,greedy,26,won,69,69,,0,0,0,archmage:conquered:45 orc:conquered:53 goblin:conquered:61 dwarf:conquered:69,4,35,31,0,2,0,85,2,17412,16272.2,16741.3,0.868,8,1,0,5,0
hostShare:-10,steadfast,greedy,27,won,46,46,,0,0,0,archmage:conquered:22 goblin:conquered:30 orc:conquered:38 dwarf:conquered:46,2,22,20,0,2,0,76,5,17716.9,16168.5,15969.3,0.877,5,1,0,4,0
hostShare:-10,steadfast,greedy,28,won,58,58,,0,0,0,goblin:conquered:34 archmage:conquered:42 orc:conquered:50 dwarf:conquered:58,3,29,26,0,2,0,74,3,18469.8,16959.9,16741.3,0.883,8,2,0,4,0
hostShare:-10,steadfast,greedy,29,won,62,62,,0,0,0,archmage:conquered:38 goblin:conquered:46 orc:conquered:54 dwarf:conquered:62,4,32,27,0,2,0,84,5,18355.9,16978.6,16741.3,0.902,8,1,0,6,0
hostShare:-10,steadfast,greedy,30,won,46,46,,0,0,0,archmage:conquered:21 goblin:conquered:30 orc:conquered:38 dwarf:conquered:46,3,25,24,0,2,0,73,2,19358.9,17631.9,15969.3,0.928,5,2,0,4,0
hostShare:-20,committed,greedy,1,active,71,,,1,0,0,goblin:conquered:43 archmage:conquered:66,1,31,25,1,2,0,93,7,13423.4,12887,16741.3,0.782,6,10,5,19,0
hostShare:-20,committed,greedy,2,won,67,67,,1,1,0,archmage:conquered:43 goblin:conquered:51 orc:conquered:59 dwarf:conquered:67,2,27,22,0,2,0,87,7,13319.8,12750.9,16741.3,0.766,6,3,4,9,0
hostShare:-20,committed,greedy,3,active,71,,,0,0,0,goblin:conquered:50 archmage:conquered:62 orc:conquered:70,6,40,29,2,2,0,123,1,15190,14612.7,16741.3,0.856,7,1,1,20,0
hostShare:-20,committed,greedy,4,active,71,,,0,0,0,archmage:conquered:40 orc:conquered:56 goblin:conquered:67,2,28,21,1,2,0,86,5,13640.4,13099,16741.3,0.776,6,1,2,26,0
hostShare:-20,committed,greedy,5,won,63,63,,0,0,0,archmage:conquered:37 orc:conquered:47 dwarf:conquered:55 goblin:conquered:63,2,30,25,0,2,0,91,9,15205.7,14332.6,16741.3,0.814,5,1,0,6,0
hostShare:-20,committed,greedy,6,won,68,68,,0,0,0,archmage:conquered:40 orc:conquered:52 goblin:conquered:60 dwarf:conquered:68,3,31,24,0,3,1,96,9,13906.7,13313.9,16741.3,0.801,6,2,0,11,0
hostShare:-20,committed,greedy,7,won,60,60,,0,0,0,goblin:conquered:35 archmage:conquered:44 orc:conquered:52 dwarf:conquered:60,3,28,25,0,2,0,89,12,15893.7,14778.3,16741.3,0.826,5,2,0,3,0
hostShare:-20,committed,greedy,8,won,60,60,,0,0,0,archmage:conquered:34 goblin:conquered:44 orc:conquered:52 dwarf:conquered:60,2,31,26,0,2,0,88,9,15292.6,14446.7,16741.3,0.818,5,1,0,8,0
hostShare:-20,committed,greedy,9,active,71,,,0,0,0,goblin:conquered:42 archmage:conquered:63,2,34,28,0,4,2,95,10,13606,13046.9,16741.3,0.762,6,2,2,18,0
hostShare:-20,committed,greedy,10,active,71,,,0,0,0,,7,21,10,0,2,0,127,0,14305.6,13865.8,16741.3,0.824,6,2,0,35,0
hostShare:-20,committed,greedy,11,won,63,63,,0,0,0,goblin:conquered:39 archmage:conquered:47 orc:conquered:55 dwarf:conquered:63,2,28,24,0,2,0,83,8,14799.2,13820.7,16741.3,0.791,5,1,0,4,0
hostShare:-20,committed,greedy,12,won,51,51,,0,0,0,archmage:conquered:26 orc:conquered:35 goblin:conquered:43 dwarf:conquered:51,2,23,21,0,2,0,81,14,16794.8,15448.9,16741.3,0.844,4,2,0,4,0
hostShare:-20,committed,greedy,13,active,71,,,0,0,0,orc:conquered:59 goblin:conquered:70,8,32,20,1,2,0,129,3,14735.9,14150.6,16741.3,0.827,6,11,0,33,0
hostShare:-20,committed,greedy,14,won,58,58,,0,0,0,goblin:conquered:33 orc:conquered:42 archmage:conquered:50 dwarf:conquered:58,1,21,17,0,2,0,82,7,14678.8,13706.8,16741.3,0.783,5,1,0,6,0
hostShare:-20,committed,greedy,15,active,71,,,0,0,0,goblin:conquered:50 archmage:conquered:63,4,35,26,1,3,1,116,10,13293.2,12872,16741.3,0.797,6,2,2,24,0
hostShare:-20,committed,greedy,16,won,67,67,,0,0,0,goblin:conquered:41 archmage:conquered:51 orc:conquered:59 dwarf:conquered:67,3,32,25,0,2,0,88,8,14239.9,13596.8,16741.3,0.806,6,2,1,9,0
hostShare:-20,committed,greedy,17,active,71,,,0,0,0,,8,28,13,2,2,0,137,8,13509.3,13001.4,16741.3,0.805,7,1,0,35,0
hostShare:-20,committed,greedy,18,active,71,,,0,0,0,,7,24,9,0,2,0,80,3,14194.6,13769.5,16741.3,0.817,6,2,1,36,0
hostShare:-20,committed,greedy,19,active,71,,,0,0,0,,8,27,14,0,2,0,93,1,14315,13813,16741.3,0.788,6,3,0,43,0
hostShare:-20,committed,greedy,20,active,71,,,0,0,0,,6,24,7,0,3,1,119,4,13183.6,12793.6,16741.3,0.789,6,2,0,36,0
hostShare:-20,committed,greedy,21,active,71,,,0,0,0,,6,25,8,2,2,0,94,7,13700.2,13296,16741.3,0.81,6,1,0,33,0
hostShare:-20,committed,greedy,22,active,71,,,0,0,0,,7,29,10,2,3,1,143,8,13748.3,13351.7,16741.3,0.8,6,2,0,34,0
hostShare:-20,committed,greedy,23,active,71,,,0,0,0,,7,25,11,0,2,0,116,1,14428.9,13884.1,16741.3,0.819,6,2,0,35,0
hostShare:-20,committed,greedy,24,won,61,61,,0,0,0,dwarf:conquered:35 orc:conquered:45 archmage:conquered:53 goblin:conquered:61,3,24,19,0,2,0,86,8,14643.1,13822.2,16741.3,0.805,5,2,2,5,0
hostShare:-20,committed,greedy,25,active,71,,,0,0,0,,7,29,7,0,2,0,108,5,13356.9,12964.5,16741.3,0.793,6,3,0,23,0
hostShare:-20,committed,greedy,26,active,71,,,0,0,0,,4,23,12,0,2,0,105,2,13930.3,13374.1,16741.3,0.773,6,1,1,35,0
hostShare:-20,committed,greedy,27,won,66,66,,0,0,0,goblin:conquered:36 archmage:conquered:50 orc:conquered:58 dwarf:conquered:66,2,31,27,0,2,0,88,6,14893.8,13986.1,16741.3,0.813,6,1,0,15,0
hostShare:-20,committed,greedy,28,active,71,,,0,0,0,archmage:conquered:64,4,40,35,2,2,0,98,10,13504.8,12984.3,16741.3,0.787,6,2,2,20,0
hostShare:-20,committed,greedy,29,won,63,63,,0,0,0,goblin:conquered:39 archmage:conquered:47 orc:conquered:55 dwarf:conquered:63,2,29,26,0,2,0,83,5,15374.1,14311.4,16741.3,0.804,5,1,0,5,0
hostShare:-20,committed,greedy,30,active,71,,,0,0,0,goblin:conquered:39 archmage:conquered:55 orc:conquered:63,3,31,24,0,2,0,94,8,14575.5,13876.6,16741.3,0.841,7,2,2,15,0
hostShare:-20,steadfast,greedy,1,won,66,66,,0,0,0,archmage:conquered:42 goblin:conquered:50 orc:conquered:58 dwarf:conquered:66,3,32,28,0,2,0,88,4,16730.5,15696.3,16741.3,0.877,8,10,0,3,0
hostShare:-20,steadfast,greedy,2,won,63,63,,0,0,0,archmage:conquered:39 orc:conquered:47 goblin:conquered:55 dwarf:conquered:63,4,29,24,0,2,0,85,4,17433.3,16265.6,16741.3,0.867,7,2,0,7,0
hostShare:-20,steadfast,greedy,3,won,54,54,,0,0,0,archmage:conquered:30 goblin:conquered:38 orc:conquered:46 dwarf:conquered:54,4,27,25,0,2,0,73,5,20624.1,18732.2,16741.3,0.931,7,1,0,4,0
hostShare:-20,steadfast,greedy,4,won,62,62,,0,0,0,archmage:conquered:38 goblin:conquered:46 orc:conquered:54 dwarf:conquered:62,4,30,26,0,2,0,77,2,17289,16011.8,16741.3,0.841,7,1,0,2,0
hostShare:-20,steadfast,greedy,5,won,60,60,,0,0,0,archmage:conquered:35 orc:conquered:44 goblin:conquered:52 dwarf:conquered:60,5,28,25,0,2,0,78,2,18424.1,17064.3,16741.3,0.88,7,1,0,5,0
hostShare:-20,steadfast,greedy,6,won,48,48,,0,0,0,goblin:conquered:23 archmage:conquered:32 orc:conquered:40 dwarf:conquered:48,2,21,20,0,3,1,70,2,19122.7,17410.6,16741.3,0.87,7,2,0,4,0
hostShare:-20,steadfast,greedy,7,won,46,46,,0,0,0,goblin:conquered:21 archmage:conquered:30 orc:conquered:38 dwarf:conquered:46,2,23,22,0,2,0,72,4,19172,17479.3,15969.3,0.913,5,2,0,5,0
hostShare:-20,steadfast,greedy,8,won,55,55,,0,0,0,archmage:conquered:31 goblin:conquered:39 orc:conquered:47 dwarf:conquered:55,4,26,23,0,2,0,69,0,19805,18093.6,16741.3,0.901,6,1,0,3,0
hostShare:-20,steadfast,greedy,9,won,48,48,,0,0,0,goblin:conquered:24 archmage:conquered:32 orc:conquered:40 dwarf:conquered:48,2,23,20,0,3,1,86,8,17786.6,16358,16741.3,0.857,5,2,0,4,0
hostShare:-20,steadfast,greedy,10,won,49,49,,0,0,0,archmage:conquered:25 goblin:conquered:33 orc:conquered:41 dwarf:conquered:49,2,24,23,0,2,0,73,5,20074.8,18281.5,16741.3,0.899,6,2,0,4,0
hostShare:-20,steadfast,greedy,11,won,61,61,,0,0,0,archmage:conquered:37 goblin:conquered:45 orc:conquered:53 dwarf:conquered:61,4,30,28,0,2,0,80,5,18926.1,17454.9,16741.3,0.875,7,1,0,4,0
hostShare:-20,steadfast,greedy,12,won,55,55,,0,0,0,archmage:conquered:30 goblin:conquered:38 orc:conquered:47 dwarf:conquered:55,4,28,27,0,2,0,73,5,20393.7,18539,16741.3,0.917,7,2,0,4,0
hostShare:-20,steadfast,greedy,13,won,51,51,,0,0,0,archmage:conquered:26 goblin:conquered:35 orc:conquered:43 dwarf:conquered:51,3,22,20,0,2,0,80,4,19504.9,17916.7,16741.3,0.919,6,11,0,4,0
hostShare:-20,steadfast,greedy,14,won,50,50,,0,0,0,goblin:conquered:25 orc:conquered:34 archmage:conquered:42 dwarf:conquered:50,2,21,19,0,2,0,73,4,18721.2,17064.5,16741.3,0.869,6,1,0,3,0
hostShare:-20,steadfast,greedy,15,won,59,59,,0,0,0,archmage:conquered:35 goblin:conquered:43 orc:conquered:51 dwarf:conquered:59,5,32,30,0,3,1,76,9,19201.9,17522.8,16741.3,0.872,7,2,0,5,0
hostShare:-20,steadfast,greedy,16,won,61,61,,0,0,0,archmage:conquered:37 goblin:conquered:45 orc:conquered:53 dwarf:conquered:61,5,28,26,0,2,0,79,3,18636.1,17168.6,16741.3,0.897,7,2,0,5,0
hostShare:-20,steadfast,greedy,17,won,46,46,,0,0,0,goblin:conquered:21 archmage:conquered:30 orc:conquered:38 dwarf:conquered:46,2,21,20,0,2,0,71,3,17670.2,16149.2,15969.3,0.88,5,1,0,3,0
hostShare:-20,steadfast,greedy,18,won,46,46,,0,0,0,archmage:conquered:22 goblin:conquered:30 orc:conquered:38 dwarf:conquered:46,2,24,21,0,2,0,77,5,18935.3,17252.9,15969.3,0.896,6,2,0,6,0
hostShare:-20,steadfast,greedy,19,won,52,52,,0,0,0,archmage:conquered:27 orc:conquered:36 goblin:conquered:44 dwarf:conquered:52,3,24,23,0,2,0,69,1,20181,18347.3,16741.3,0.904,6,3,0,4,0
hostShare:-20,steadfast,greedy,20,won,48,48,,0,0,0,goblin:conquered:24 archmage:conquered:32 orc:conquered:40 dwarf:conquered:48,3,22,21,0,2,0,70,2,19188.7,17496,16741.3,0.88,5,1,0,3,0
hostShare:-20,steadfast,greedy,21,won,49,49,,0,0,0,goblin:conquered:25 archmage:conquered:33 orc:conquered:41 dwarf:conquered:49,3,23,21,0,2,0,68,1,19740,17933.7,16741.3,0.9,6,1,0,3,0
hostShare:-20,steadfast,greedy,22,won,48,48,,0,0,0,goblin:conquered:23 archmage:conquered:32 orc:conquered:40 dwarf:conquered:48,3,24,23,0,2,0,74,6,19615.4,17809.1,16741.3,0.903,6,2,0,4,0
hostShare:-20,steadfast,greedy,23,won,48,48,,0,0,0,archmage:conquered:23 orc:conquered:32 goblin:conquered:40 dwarf:conquered:48,2,18,17,0,2,0,70,1,20228.4,18427.9,16741.3,0.918,6,2,0,5,0
hostShare:-20,steadfast,greedy,24,won,55,55,,0,0,0,archmage:conquered:30 goblin:conquered:38 orc:conquered:47 dwarf:conquered:55,3,26,25,0,2,0,68,0,19508.6,17764.9,16741.3,0.882,6,2,0,4,0
hostShare:-20,steadfast,greedy,25,won,50,50,,0,0,0,orc:conquered:26 archmage:conquered:34 goblin:conquered:42 dwarf:conquered:50,3,22,21,0,2,0,71,4,18310.2,16696.9,16741.3,0.858,6,2,0,4,0
hostShare:-20,steadfast,greedy,26,won,69,69,,0,0,0,archmage:conquered:45 orc:conquered:53 goblin:conquered:61 dwarf:conquered:69,4,35,31,0,2,0,85,2,17412,16272.2,16741.3,0.868,8,1,0,5,0
hostShare:-20,steadfast,greedy,27,won,46,46,,0,0,0,archmage:conquered:22 goblin:conquered:30 orc:conquered:38 dwarf:conquered:46,2,22,20,0,2,0,76,5,17716.9,16168.5,15969.3,0.877,5,1,0,4,0
hostShare:-20,steadfast,greedy,28,won,58,58,,0,0,0,goblin:conquered:34 archmage:conquered:42 orc:conquered:50 dwarf:conquered:58,3,29,26,0,2,0,74,3,18469.8,16959.9,16741.3,0.883,8,2,0,4,0
hostShare:-20,steadfast,greedy,29,won,62,62,,0,0,0,archmage:conquered:38 goblin:conquered:46 orc:conquered:54 dwarf:conquered:62,4,32,27,0,2,0,84,5,18355.9,16978.6,16741.3,0.902,8,1,0,6,0
hostShare:-20,steadfast,greedy,30,won,51,51,,0,0,0,archmage:conquered:26 orc:conquered:35 goblin:conquered:43 dwarf:conquered:51,3,23,22,0,2,0,72,4,20176.8,18372.5,16741.3,0.928,7,2,0,4,0
hostShare:+10,committed,greedy,1,active,71,,,1,0,0,goblin:conquered:43 archmage:conquered:66,1,31,26,1,2,0,92,7,13423.4,12887,16741.3,0.782,6,10,5,19,0
hostShare:+10,committed,greedy,2,won,67,67,,1,1,0,archmage:conquered:43 goblin:conquered:51 orc:conquered:59 dwarf:conquered:67,2,30,25,0,2,0,86,6,13319.8,12750.9,16741.3,0.766,6,3,4,9,0
hostShare:+10,committed,greedy,3,active,71,,,0,0,0,goblin:conquered:50 archmage:conquered:62 orc:conquered:70,6,41,30,2,2,0,123,1,15190,14612.7,16741.3,0.856,7,1,1,20,0
hostShare:+10,committed,greedy,4,won,69,69,,0,0,0,archmage:conquered:40 goblin:conquered:51 orc:conquered:61 dwarf:conquered:69,2,29,23,1,2,0,89,7,13640.4,13099,16741.3,0.773,6,1,2,15,0
hostShare:+10,committed,greedy,5,won,63,63,,0,0,0,archmage:conquered:37 orc:conquered:47 goblin:conquered:55 dwarf:conquered:63,2,30,25,0,2,0,91,9,15205.7,14332.6,16741.3,0.814,5,1,0,6,0
hostShare:+10,committed,greedy,6,won,67,67,,0,0,0,archmage:conquered:40 orc:conquered:51 goblin:conquered:59 dwarf:conquered:67,3,28,21,0,3,1,94,8,13906.7,13313.9,16741.3,0.8,6,2,0,11,0
hostShare:+10,committed,greedy,7,won,60,60,,0,0,0,goblin:conquered:35 archmage:conquered:44 orc:conquered:52 dwarf:conquered:60,3,28,24,0,2,0,89,12,15893.7,14778.3,16741.3,0.826,5,2,0,3,0
hostShare:+10,committed,greedy,8,won,60,60,,0,0,0,goblin:conquered:35 archmage:conquered:43 orc:conquered:52 dwarf:conquered:60,3,29,25,0,2,0,84,3,15306.3,14446.5,16741.3,0.818,5,1,0,9,0
hostShare:+10,committed,greedy,9,active,71,,,0,0,0,goblin:conquered:42 archmage:conquered:63,2,33,28,0,4,2,96,9,13615.5,13047.1,16741.3,0.762,6,2,2,19,0
hostShare:+10,committed,greedy,10,active,71,,,0,0,0,,8,18,10,1,2,0,99,0,14305.6,13865.8,16741.3,0.824,6,2,0,37,0
hostShare:+10,committed,greedy,11,won,63,63,,0,0,0,goblin:conquered:39 archmage:conquered:47 orc:conquered:55 dwarf:conquered:63,2,28,24,0,2,0,83,8,14799.2,13820.7,16741.3,0.791,5,1,0,4,0
hostShare:+10,committed,greedy,12,won,51,51,,0,0,0,archmage:conquered:26 orc:conquered:35 goblin:conquered:43 dwarf:conquered:51,2,23,21,0,2,0,81,14,16794.8,15448.9,16741.3,0.844,4,2,0,4,0
hostShare:+10,committed,greedy,13,active,71,,,0,0,0,,7,26,11,1,2,0,101,1,14748.5,14150.4,16741.3,0.827,6,11,0,38,0
hostShare:+10,committed,greedy,14,won,58,58,,0,0,0,goblin:conquered:33 orc:conquered:42 archmage:conquered:50 dwarf:conquered:58,1,21,17,0,2,0,82,7,14678.8,13706.8,16741.3,0.783,5,1,0,6,0
hostShare:+10,committed,greedy,15,active,71,,,0,0,0,goblin:conquered:50 archmage:conquered:63,4,35,26,1,3,1,117,11,13293.2,12872,16741.3,0.797,6,2,2,24,0
hostShare:+10,committed,greedy,16,won,67,67,,0,0,0,dwarf:conquered:40 archmage:conquered:51 orc:conquered:59 goblin:conquered:67,3,29,22,0,2,0,82,5,14249.8,13596.7,16741.3,0.806,6,2,1,8,0
hostShare:+10,committed,greedy,17,active,71,,,0,0,0,,8,28,13,2,2,0,134,8,13509.3,13001.4,16741.3,0.805,7,1,0,35,0
hostShare:+10,committed,greedy,18,active,71,,,0,0,0,,8,26,13,0,2,0,78,3,14194.6,13769.5,16741.3,0.817,6,2,1,36,0
hostShare:+10,committed,greedy,19,active,71,,,0,0,0,,8,26,14,0,2,0,89,1,14326.5,13812.9,16741.3,0.788,6,3,0,43,0
hostShare:+10,committed,greedy,20,active,71,,,0,0,0,,6,24,7,0,3,1,119,4,13183.6,12793.6,16741.3,0.789,6,2,0,36,0
hostShare:+10,committed,greedy,21,active,71,,,0,0,0,,7,24,9,2,2,0,83,6,13700.2,13296,16741.3,0.81,6,1,0,33,0
hostShare:+10,committed,greedy,22,active,71,,,0,0,0,,7,29,9,2,3,1,143,8,13748.3,13351.7,16741.3,0.8,6,2,0,34,0
hostShare:+10,committed,greedy,23,active,71,,,0,0,0,,7,25,11,0,2,0,116,1,14428.9,13884.1,16741.3,0.819,6,2,0,35,0
hostShare:+10,committed,greedy,24,won,62,62,,0,0,0,dwarf:conquered:35 archmage:conquered:46 goblin:conquered:54 orc:conquered:62,2,27,22,0,2,0,85,7,14643.1,13822.2,16741.3,0.804,5,2,3,5,0
hostShare:+10,committed,greedy,25,active,71,,,0,0,0,,7,28,16,0,2,0,105,6,13356.9,12964.5,16741.3,0.793,6,3,0,36,0
hostShare:+10,committed,greedy,26,active,71,,,0,0,0,,4,26,14,0,2,0,99,2,13930.3,13374.1,16741.3,0.773,6,1,1,35,0
hostShare:+10,committed,greedy,27,won,66,66,,0,0,0,goblin:conquered:40 archmage:conquered:50 orc:conquered:58 dwarf:conquered:66,3,31,28,0,2,0,86,5,14840.2,13986.2,16741.3,0.813,6,1,0,15,0
hostShare:+10,committed,greedy,28,active,71,,,0,0,0,orc:conquered:64,4,41,36,2,2,0,99,10,13504.8,12984.3,16741.3,0.787,6,2,2,20,0
hostShare:+10,committed,greedy,29,won,63,63,,0,0,0,goblin:conquered:39 archmage:conquered:47 orc:conquered:55 dwarf:conquered:63,2,29,26,0,2,0,83,5,15374.1,14311.4,16741.3,0.804,5,1,0,5,0
hostShare:+10,committed,greedy,30,active,71,,,0,0,0,goblin:conquered:39 archmage:conquered:58 orc:conquered:66,3,33,27,0,2,0,94,6,14575.5,13876.6,16741.3,0.841,7,2,1,16,0
hostShare:+10,steadfast,greedy,1,won,66,66,,0,0,0,archmage:conquered:42 orc:conquered:50 goblin:conquered:58 dwarf:conquered:66,4,31,27,0,2,0,88,4,16730.5,15696.3,16741.3,0.877,8,10,0,3,0
hostShare:+10,steadfast,greedy,2,won,63,63,,0,0,0,archmage:conquered:39 orc:conquered:47 dwarf:conquered:55 goblin:conquered:63,4,29,24,0,2,0,85,4,17433.3,16265.6,16741.3,0.867,7,2,0,7,0
hostShare:+10,steadfast,greedy,3,won,54,54,,0,0,0,archmage:conquered:30 goblin:conquered:38 orc:conquered:46 dwarf:conquered:54,4,27,25,0,2,0,73,5,20624.1,18732.2,16741.3,0.931,7,1,0,4,0
hostShare:+10,steadfast,greedy,4,won,60,60,,0,0,0,archmage:conquered:36 orc:conquered:44 goblin:conquered:52 dwarf:conquered:60,4,29,25,0,2,0,77,2,17270.2,16010.8,16741.3,0.841,7,1,0,2,0
hostShare:+10,steadfast,greedy,5,won,57,57,,0,0,0,archmage:conquered:33 orc:conquered:41 goblin:conquered:49 dwarf:conquered:57,3,26,22,0,2,0,80,3,18424.1,17064.3,16741.3,0.885,7,1,0,5,0
hostShare:+10,steadfast,greedy,6,won,48,48,,0,0,0,goblin:conquered:23 archmage:conquered:32 orc:conquered:40 dwarf:conquered:48,2,25,23,0,3,1,72,3,19122.7,17410.6,16741.3,0.87,7,2,0,3,0
hostShare:+10,steadfast,greedy,7,won,48,48,,0,0,0,archmage:conquered:24 goblin:conquered:32 orc:conquered:40 dwarf:conquered:48,2,24,22,0,2,0,69,0,20165.7,18377.4,16741.3,0.912,5,2,0,5,0
hostShare:+10,steadfast,greedy,8,won,55,55,,0,0,0,archmage:conquered:31 orc:conquered:39 goblin:conquered:47 dwarf:conquered:55,4,24,21,0,2,0,70,1,19796.1,18093.2,16741.3,0.901,6,1,0,3,0
hostShare:+10,steadfast,greedy,9,won,48,48,,0,0,0,goblin:conquered:24 archmage:conquered:32 orc:conquered:40 dwarf:conquered:48,2,23,20,0,3,1,86,8,17786.6,16358,16741.3,0.857,5,2,0,4,0
hostShare:+10,steadfast,greedy,10,active,71,,,0,0,0,orc:conquered:27,3,18,17,0,2,0,75,7,20064.8,18280.9,16741.3,0.907,9,2,0,4,0
hostShare:+10,steadfast,greedy,11,won,61,61,,0,0,0,archmage:conquered:37 orc:conquered:45 goblin:conquered:53 dwarf:conquered:61,4,30,28,0,2,0,80,5,18899.8,17454.3,16741.3,0.875,7,1,0,4,0
hostShare:+10,steadfast,greedy,12,won,54,54,,0,0,0,archmage:conquered:30 goblin:conquered:38 orc:conquered:46 dwarf:conquered:54,4,27,26,0,2,0,73,5,20393.7,18539,16741.3,0.916,7,2,0,4,0
hostShare:+10,steadfast,greedy,13,won,57,57,,0,0,0,archmage:conquered:33 goblin:conquered:41 orc:conquered:49 dwarf:conquered:57,4,27,24,0,2,0,80,4,19504.9,17916.7,16741.3,0.915,7,11,0,4,0
hostShare:+10,steadfast,greedy,14,won,49,49,,0,0,0,goblin:conquered:25 archmage:conquered:33 orc:conquered:41 dwarf:conquered:49,2,21,19,0,2,0,73,4,18721.2,17064.5,16741.3,0.87,6,1,0,3,0
hostShare:+10,steadfast,greedy,15,won,61,61,,0,0,0,archmage:conquered:36 orc:conquered:45 goblin:conquered:53 dwarf:conquered:61,5,32,30,0,3,1,80,7,19180.2,17522.4,16741.3,0.872,7,2,0,2,0
hostShare:+10,steadfast,greedy,16,won,60,60,,0,0,0,archmage:conquered:36 goblin:conquered:44 orc:conquered:52 dwarf:conquered:60,5,25,22,0,2,0,76,2,18928.8,17415.1,16741.3,0.896,7,2,0,6,0
hostShare:+10,steadfast,greedy,17,won,46,46,,0,0,0,goblin:conquered:20 archmage:conquered:30 orc:conquered:38 dwarf:conquered:46,1,20,18,0,2,0,71,1,17690.3,16148.8,15969.3,0.88,5,1,0,3,0
hostShare:+10,steadfast,greedy,18,won,46,46,,0,0,0,archmage:conquered:22 orc:conquered:30 goblin:conquered:38 dwarf:conquered:46,2,23,20,0,2,0,77,5,18935.3,17252.9,15969.3,0.896,6,2,0,6,0
hostShare:+10,steadfast,greedy,19,won,51,51,,0,0,0,archmage:conquered:27 orc:conquered:35 goblin:conquered:43 dwarf:conquered:51,3,24,22,0,2,0,70,1,20190.6,18347.8,16741.3,0.907,6,3,0,4,0
hostShare:+10,steadfast,greedy,20,won,48,48,,0,0,0,archmage:conquered:23 goblin:conquered:32 orc:conquered:40 dwarf:conquered:48,4,24,22,0,2,0,71,3,19188.7,17496,16741.3,0.88,5,1,0,3,0
hostShare:+10,steadfast,greedy,21,won,48,48,,0,0,0,goblin:conquered:24 archmage:conquered:32 orc:conquered:40 dwarf:conquered:48,3,24,22,0,2,0,71,1,19668.6,17873.9,16741.3,0.906,6,1,0,4,0
hostShare:+10,steadfast,greedy,22,won,49,49,,0,0,0,goblin:conquered:23 orc:conquered:33 archmage:conquered:41 dwarf:conquered:49,2,25,23,0,2,0,76,5,19908.6,18045.8,16741.3,0.904,6,2,0,3,0
hostShare:+10,steadfast,greedy,23,won,48,48,,0,0,0,archmage:conquered:23 orc:conquered:32 goblin:conquered:40 dwarf:conquered:48,2,20,18,0,2,0,71,1,20243.6,18427.3,16741.3,0.918,6,2,0,2,0
hostShare:+10,steadfast,greedy,24,won,48,48,,0,0,0,archmage:conquered:24 goblin:conquered:32 orc:conquered:40 dwarf:conquered:48,2,24,23,0,2,0,68,0,19263.8,17552.1,16741.3,0.882,6,2,0,4,0
hostShare:+10,steadfast,greedy,25,won,54,54,,0,0,0,archmage:conquered:30 orc:conquered:38 goblin:conquered:46 dwarf:conquered:54,3,27,24,0,2,0,77,7,18304.5,16696.6,16741.3,0.862,6,2,0,4,0
hostShare:+10,steadfast,greedy,26,won,69,69,,0,0,0,archmage:conquered:45 orc:conquered:53 goblin:conquered:61 dwarf:conquered:69,4,35,31,0,2,0,85,2,17412,16272.2,16741.3,0.868,8,1,0,5,0
hostShare:+10,steadfast,greedy,27,won,46,46,,0,0,0,archmage:conquered:22 goblin:conquered:30 orc:conquered:38 dwarf:conquered:46,2,22,20,0,2,0,76,5,17716.9,16168.5,15969.3,0.877,5,1,0,4,0
hostShare:+10,steadfast,greedy,28,won,58,58,,0,0,0,goblin:conquered:34 archmage:conquered:42 orc:conquered:50 dwarf:conquered:58,3,29,26,0,2,0,74,3,18469.8,16959.9,16741.3,0.883,8,2,0,4,0
hostShare:+10,steadfast,greedy,29,won,63,63,,0,0,0,archmage:conquered:38 orc:conquered:47 goblin:conquered:55 dwarf:conquered:63,4,32,27,0,2,0,84,5,18336.8,16977.6,16741.3,0.903,8,1,0,6,0
hostShare:+10,steadfast,greedy,30,won,46,46,,0,0,0,archmage:conquered:21 orc:conquered:30 goblin:conquered:38 dwarf:conquered:46,3,24,23,0,2,0,73,2,19358.9,17631.9,15969.3,0.928,5,2,0,4,0
hostShare:+20,committed,greedy,1,active,71,,,1,0,0,goblin:conquered:43 archmage:conquered:66,1,31,26,1,2,0,92,7,13423.4,12887,16741.3,0.782,6,10,5,19,0
hostShare:+20,committed,greedy,2,won,67,67,,1,1,0,archmage:conquered:43 goblin:conquered:51 orc:conquered:59 dwarf:conquered:67,2,30,25,0,2,0,86,6,13319.8,12750.9,16741.3,0.766,6,3,4,9,0
hostShare:+20,committed,greedy,3,active,71,,,0,0,0,goblin:conquered:50 archmage:conquered:62 orc:conquered:70,6,41,30,2,2,0,123,1,15190,14612.7,16741.3,0.856,7,1,1,20,0
hostShare:+20,committed,greedy,4,won,69,69,,0,0,0,archmage:conquered:40 goblin:conquered:51 orc:conquered:61 dwarf:conquered:69,2,29,23,1,2,0,89,7,13640.4,13099,16741.3,0.773,6,1,2,15,0
hostShare:+20,committed,greedy,5,won,63,63,,0,0,0,archmage:conquered:37 orc:conquered:47 goblin:conquered:55 dwarf:conquered:63,2,30,25,0,2,0,91,9,15205.7,14332.6,16741.3,0.814,5,1,0,6,0
hostShare:+20,committed,greedy,6,won,67,67,,0,0,0,archmage:conquered:40 orc:conquered:51 goblin:conquered:59 dwarf:conquered:67,3,28,21,0,3,1,94,8,13906.7,13313.9,16741.3,0.8,6,2,0,11,0
hostShare:+20,committed,greedy,7,won,60,60,,0,0,0,goblin:conquered:35 archmage:conquered:44 orc:conquered:52 dwarf:conquered:60,3,28,24,0,2,0,89,12,15893.7,14778.3,16741.3,0.826,5,2,0,3,0
hostShare:+20,committed,greedy,8,won,60,60,,0,0,0,goblin:conquered:35 archmage:conquered:43 orc:conquered:52 dwarf:conquered:60,2,28,24,0,2,0,84,3,15306.3,14446.5,16741.3,0.818,5,1,0,9,0
hostShare:+20,committed,greedy,9,active,71,,,0,0,0,goblin:conquered:42 archmage:conquered:63,2,33,28,0,4,2,96,9,13615.5,13047.1,16741.3,0.762,6,2,2,19,0
hostShare:+20,committed,greedy,10,active,71,,,0,0,0,,8,18,10,1,2,0,99,0,14305.6,13865.8,16741.3,0.824,6,2,0,37,0
hostShare:+20,committed,greedy,11,won,61,61,,0,0,0,archmage:conquered:35 orc:conquered:45 dwarf:conquered:53 goblin:conquered:61,1,27,22,0,2,0,88,12,14789.4,13820.8,16741.3,0.793,5,1,2,4,0
hostShare:+20,committed,greedy,12,won,51,51,,0,0,0,archmage:conquered:26 orc:conquered:35 goblin:conquered:43 dwarf:conquered:51,2,23,21,0,2,0,81,14,16794.8,15448.9,16741.3,0.844,4,2,0,4,0
hostShare:+20,committed,greedy,13,active,71,,,0,0,0,,7,26,11,1,2,0,99,1,14748.5,14150.4,16741.3,0.827,6,11,0,38,0
hostShare:+20,committed,greedy,14,won,58,58,,0,0,0,goblin:conquered:33 orc:conquered:42 archmage:conquered:50 dwarf:conquered:58,1,21,17,0,2,0,82,7,14678.8,13706.8,16741.3,0.783,5,1,0,6,0
hostShare:+20,committed,greedy,15,active,71,,,0,0,0,goblin:conquered:50 archmage:conquered:63,4,35,26,1,3,1,117,11,13293.2,12872,16741.3,0.797,6,2,2,24,0
hostShare:+20,committed,greedy,16,won,67,67,,0,0,0,goblin:conquered:41 archmage:conquered:51 orc:conquered:59 dwarf:conquered:67,3,32,25,0,2,0,88,8,14239.9,13596.8,16741.3,0.806,6,2,1,9,0
hostShare:+20,committed,greedy,17,active,71,,,0,0,0,,8,28,13,2,2,0,134,8,13509.3,13001.4,16741.3,0.805,7,1,0,35,0
hostShare:+20,committed,greedy,18,active,71,,,0,0,0,,8,26,13,0,2,0,78,3,14194.6,13769.5,16741.3,0.817,6,2,1,36,0
hostShare:+20,committed,greedy,19,active,71,,,0,0,0,,8,26,14,0,2,0,89,1,14326.5,13812.9,16741.3,0.788,6,3,0,43,0
hostShare:+20,committed,greedy,20,active,71,,,0,0,0,,6,24,7,0,3,1,119,4,13183.6,12793.6,16741.3,0.789,6,2,0,36,0
hostShare:+20,committed,greedy,21,active,71,,,0,0,0,,7,24,9,2,2,0,83,6,13700.2,13296,16741.3,0.81,6,1,0,33,0
hostShare:+20,committed,greedy,22,active,71,,,0,0,0,,7,29,9,2,3,1,143,8,13748.3,13351.7,16741.3,0.8,6,2,0,34,0
hostShare:+20,committed,greedy,23,active,71,,,0,0,0,,7,25,11,0,2,0,116,1,14428.9,13884.1,16741.3,0.819,6,2,0,35,0
hostShare:+20,committed,greedy,24,won,62,62,,0,0,0,dwarf:conquered:35 archmage:conquered:46 goblin:conquered:54 orc:conquered:62,2,27,22,0,2,0,85,7,14643.1,13822.2,16741.3,0.804,5,2,3,5,0
hostShare:+20,committed,greedy,25,active,71,,,0,0,0,,7,28,16,0,2,0,105,6,13356.9,12964.5,16741.3,0.793,6,3,0,36,0
hostShare:+20,committed,greedy,26,active,71,,,0,0,0,,4,26,14,0,2,0,102,2,13930.3,13374.1,16741.3,0.773,6,1,1,35,0
hostShare:+20,committed,greedy,27,won,66,66,,0,0,0,goblin:conquered:40 archmage:conquered:50 orc:conquered:58 dwarf:conquered:66,3,31,28,0,2,0,86,5,14840.2,13986.2,16741.3,0.813,6,1,0,15,0
hostShare:+20,committed,greedy,28,active,71,,,0,0,0,orc:conquered:64,4,41,36,2,2,0,99,10,13504.8,12984.3,16741.3,0.787,6,2,2,20,0
hostShare:+20,committed,greedy,29,won,63,63,,0,0,0,goblin:conquered:39 archmage:conquered:47 orc:conquered:55 dwarf:conquered:63,2,29,26,0,2,0,83,5,15374.1,14311.4,16741.3,0.804,5,1,0,5,0
hostShare:+20,committed,greedy,30,active,71,,,0,0,0,goblin:conquered:39 archmage:conquered:58 orc:conquered:66,3,33,27,0,2,0,94,6,14575.5,13876.6,16741.3,0.841,7,2,1,16,0
hostShare:+20,steadfast,greedy,1,won,66,66,,0,0,0,archmage:conquered:42 orc:conquered:50 goblin:conquered:58 dwarf:conquered:66,4,31,27,0,2,0,88,4,16730.5,15696.3,16741.3,0.877,8,10,0,3,0
hostShare:+20,steadfast,greedy,2,won,63,63,,0,0,0,archmage:conquered:39 orc:conquered:47 dwarf:conquered:55 goblin:conquered:63,4,29,24,0,2,0,85,4,17433.3,16265.6,16741.3,0.867,7,2,0,7,0
hostShare:+20,steadfast,greedy,3,won,54,54,,0,0,0,archmage:conquered:30 goblin:conquered:38 orc:conquered:46 dwarf:conquered:54,4,27,25,0,2,0,73,5,20624.1,18732.2,16741.3,0.931,7,1,0,4,0
hostShare:+20,steadfast,greedy,4,won,61,61,,0,0,0,archmage:conquered:37 orc:conquered:45 goblin:conquered:53 dwarf:conquered:61,4,31,26,0,2,0,78,2,17270.2,16010.8,16741.3,0.84,7,1,0,2,0
hostShare:+20,steadfast,greedy,5,won,57,57,,0,0,0,archmage:conquered:33 orc:conquered:41 goblin:conquered:49 dwarf:conquered:57,3,26,22,0,2,0,80,3,18424.1,17064.3,16741.3,0.885,7,1,0,5,0
hostShare:+20,steadfast,greedy,6,won,48,48,,0,0,0,goblin:conquered:23 archmage:conquered:32 orc:conquered:40 dwarf:conquered:48,2,21,20,0,3,1,70,2,19122.7,17410.6,16741.3,0.87,7,2,0,4,0
hostShare:+20,steadfast,greedy,7,won,48,48,,0,0,0,archmage:conquered:24 goblin:conquered:32 orc:conquered:40 dwarf:conquered:48,2,24,22,0,2,0,69,0,20165.7,18377.4,16741.3,0.912,5,2,0,5,0
hostShare:+20,steadfast,greedy,8,won,50,50,,0,0,0,goblin:conquered:25 archmage:conquered:34 orc:conquered:42 dwarf:conquered:50,2,23,20,0,2,0,70,1,19805,18093.6,16741.3,0.902,6,1,0,3,0
hostShare:+20,steadfast,greedy,9,won,48,48,,0,0,0,goblin:conquered:24 archmage:conquered:32 orc:conquered:40 dwarf:conquered:48,2,23,20,0,3,1,86,8,17786.6,16358,16741.3,0.857,5,2,0,4,0
hostShare:+20,steadfast,greedy,10,active,71,,,0,0,0,orc:conquered:27,3,18,17,0,2,0,75,7,20085.6,18280.4,16741.3,0.907,9,2,0,4,0
hostShare:+20,steadfast,greedy,11,won,61,61,,0,0,0,archmage:conquered:37 orc:conquered:45 goblin:conquered:53 dwarf:conquered:61,4,30,28,0,2,0,80,5,18899.8,17454.3,16741.3,0.875,7,1,0,4,0
hostShare:+20,steadfast,greedy,12,won,55,55,,0,0,0,archmage:conquered:30 goblin:conquered:38 orc:conquered:47 dwarf:conquered:55,4,28,27,0,2,0,73,5,20393.7,18539,16741.3,0.917,7,2,0,4,0
hostShare:+20,steadfast,greedy,13,won,59,59,,0,0,0,archmage:conquered:35 orc:conquered:43 goblin:conquered:51 dwarf:conquered:59,5,30,27,0,2,0,81,5,19462.8,17915.6,16741.3,0.911,7,11,0,4,0
hostShare:+20,steadfast,greedy,14,won,49,49,,0,0,0,orc:conquered:25 goblin:conquered:33 archmage:conquered:41 dwarf:conquered:49,2,22,20,0,2,0,74,5,18721.2,17064.5,16741.3,0.87,6,1,0,3,0
hostShare:+20,steadfast,greedy,15,won,60,60,,0,0,0,archmage:conquered:36 goblin:conquered:44 orc:conquered:52 dwarf:conquered:60,5,32,30,0,3,1,80,7,19201.9,17522.8,16741.3,0.873,7,2,0,2,0
hostShare:+20,steadfast,greedy,16,won,55,55,,0,0,0,archmage:conquered:31 orc:conquered:39 goblin:conquered:47 dwarf:conquered:55,3,23,20,0,2,0,76,2,18918.5,17414.7,16741.3,0.892,7,2,0,6,0
hostShare:+20,steadfast,greedy,17,won,46,46,,0,0,0,goblin:conquered:20 archmage:conquered:30 orc:conquered:38 dwarf:conquered:46,1,20,18,0,2,0,71,1,17690.3,16148.8,15969.3,0.88,5,1,0,3,0
hostShare:+20,steadfast,greedy,18,won,46,46,,0,0,0,archmage:conquered:22 goblin:conquered:30 orc:conquered:38 dwarf:conquered:46,2,24,21,0,2,0,77,5,18935.3,17252.9,15969.3,0.896,6,2,0,6,0
hostShare:+20,steadfast,greedy,19,won,51,51,,0,0,0,archmage:conquered:27 orc:conquered:35 goblin:conquered:43 dwarf:conquered:51,3,24,22,0,2,0,70,1,20190.6,18347.8,16741.3,0.907,6,3,0,4,0
hostShare:+20,steadfast,greedy,20,won,48,48,,0,0,0,archmage:conquered:23 goblin:conquered:32 orc:conquered:40 dwarf:conquered:48,4,24,22,0,2,0,71,3,19188.7,17496,16741.3,0.88,5,1,0,3,0
hostShare:+20,steadfast,greedy,21,won,48,48,,0,0,0,goblin:conquered:24 archmage:conquered:32 orc:conquered:40 dwarf:conquered:48,3,24,22,0,2,0,71,1,19668.6,17873.9,16741.3,0.906,6,1,0,4,0
hostShare:+20,steadfast,greedy,22,won,48,48,,0,0,0,goblin:conquered:23 archmage:conquered:32 orc:conquered:40 dwarf:conquered:48,2,25,23,0,2,0,76,5,19635.9,17808.7,16741.3,0.903,6,2,0,3,0
hostShare:+20,steadfast,greedy,23,won,48,48,,0,0,0,archmage:conquered:23 orc:conquered:32 goblin:conquered:40 dwarf:conquered:48,2,20,18,0,2,0,71,1,20243.6,18427.3,16741.3,0.918,6,2,0,2,0
hostShare:+20,steadfast,greedy,24,won,49,49,,0,0,0,archmage:conquered:25 goblin:conquered:33 orc:conquered:41 dwarf:conquered:49,3,25,24,0,2,0,68,0,19508.6,17764.9,16741.3,0.88,6,2,0,4,0
hostShare:+20,steadfast,greedy,25,won,54,54,,0,0,0,archmage:conquered:30 goblin:conquered:38 orc:conquered:46 dwarf:conquered:54,3,27,24,0,2,0,77,7,18304.5,16696.6,16741.3,0.862,6,2,0,4,0
hostShare:+20,steadfast,greedy,26,won,69,69,,0,0,0,archmage:conquered:45 goblin:conquered:53 orc:conquered:61 dwarf:conquered:69,4,36,32,0,2,0,85,2,17412,16272.2,16741.3,0.868,8,1,0,5,0
hostShare:+20,steadfast,greedy,27,won,49,49,,0,0,0,archmage:conquered:22 orc:conquered:33 goblin:conquered:41 dwarf:conquered:49,2,23,21,0,2,0,76,4,19309.3,17582.1,16741.3,0.883,6,1,0,5,0
hostShare:+20,steadfast,greedy,28,won,58,58,,0,0,0,goblin:conquered:34 archmage:conquered:42 orc:conquered:50 dwarf:conquered:58,3,29,26,0,2,0,74,3,18469.8,16959.9,16741.3,0.883,8,2,0,4,0
hostShare:+20,steadfast,greedy,29,won,63,63,,0,0,0,archmage:conquered:38 orc:conquered:47 goblin:conquered:55 dwarf:conquered:63,4,32,27,0,2,0,84,5,18336.8,16977.6,16741.3,0.903,8,1,0,6,0
hostShare:+20,steadfast,greedy,30,won,46,46,,0,0,0,archmage:conquered:21 orc:conquered:30 goblin:conquered:38 dwarf:conquered:46,3,24,23,0,2,0,73,2,19358.9,17631.9,15969.3,0.928,5,2,0,4,0
income,committed,greedy,1,active,49,,,2,2,0,,0,8,3,1,2,0,42,3,12698.3,12698.3,16741.3,0.778,4,10,7,1,0
income,committed,greedy,2,active,49,,,2,2,0,,0,8,4,0,2,0,30,1,12565.8,12565.8,16741.3,0.75,4,3,7,0,0
income,committed,greedy,3,active,49,,,0,0,0,,2,15,9,0,2,0,73,4,14711.7,14711.7,16741.3,0.861,5,1,2,8,0
income,committed,greedy,4,fallen,41,,42,1,0,1,,1,7,1,1,2,0,41,2,10696.7,10696.7,14039.3,0.777,3,1,4,1,0
income,committed,greedy,5,active,49,,,0,0,0,archmage:conquered:45,2,15,10,0,2,0,61,1,13836.3,13836.3,16741.3,0.824,4,1,2,0,0
income,committed,greedy,6,active,49,,,2,2,0,archmage:conquered:48,1,15,9,0,3,1,57,8,13130.1,13130.1,16741.3,0.782,5,2,7,1,0
income,committed,greedy,7,active,49,,,2,1,0,goblin:conquered:44,2,14,9,0,2,0,48,3,14506.4,14506.4,16741.3,0.828,4,2,4,0,0
income,committed,greedy,8,active,49,,,0,0,0,archmage:conquered:37,2,12,7,0,2,0,53,5,14158.6,14158.6,16741.3,0.824,4,1,2,2,0
income,committed,greedy,9,active,49,,,2,2,0,,0,9,5,0,4,2,33,3,13029.8,13029.8,16741.3,0.76,4,2,7,2,0
income,committed,greedy,10,active,49,,,1,1,0,archmage:conquered:48,3,16,10,0,2,0,57,6,13675.3,13675.3,16741.3,0.82,4,2,4,0,0
income,committed,greedy,11,active,49,,,1,1,0,goblin:conquered:45,1,15,12,0,2,0,58,9,13806.1,13806.1,16741.3,0.792,4,1,4,2,0
income,committed,greedy,12,active,49,,,0,0,0,archmage:conquered:36 goblin:conquered:44,1,15,12,0,2,0,67,8,15440.5,15440.5,16741.3,0.843,4,2,0,1,0
income,committed,greedy,13,active,49,,,1,1,0,archmage:conquered:45,3,20,14,1,2,0,53,1,14071.9,14071.9,16741.3,0.841,4,11,4,1,0
income,committed,greedy,14,active,49,,,2,2,0,archmage:conquered:46,1,14,10,0,2,0,50,8,13876.6,13876.6,16741.3,0.792,4,1,6,0,0
income,committed,greedy,15,active,49,,,1,1,0,,2,12,1,0,3,1,51,8,12954.7,12954.7,16741.3,0.803,4,2,4,15,0
income,committed,greedy,16,active,49,,,1,1,0,,1,8,3,0,2,0,40,1,13608.9,13608.9,16741.3,0.809,4,2,4,1,0
income,committed,greedy,17,active,49,,,0,0,0,,3,10,1,0,2,0,52,8,13002.7,13002.7,16741.3,0.799,4,1,0,14,0
income,committed,greedy,18,active,49,,,1,1,0,archmage:conquered:47,3,17,11,0,2,0,49,3,13863.6,13863.6,16741.3,0.821,4,2,4,1,0
income,committed,greedy,19,active,49,,,1,1,0,archmage:conquered:48,3,15,10,0,2,0,71,9,13626.9,13626.9,16741.3,0.805,4,3,4,1,0
income,committed,greedy,20,active,49,,,2,2,0,,0,8,4,0,3,1,39,2,12794.3,12794.3,16741.3,0.772,4,2,7,1,0
income,committed,greedy,21,active,49,,,1,1,0,archmage:conquered:46,3,18,12,0,2,0,56,7,13188.7,13188.7,16741.3,0.807,4,1,4,3,0
income,committed,greedy,22,active,49,,,1,0,0,,2,9,0,0,3,1,49,3,13351.5,13351.5,16741.3,0.81,4,2,4,12,0
income,committed,greedy,23,active,49,,,1,1,0,archmage:conquered:45,3,15,9,0,2,0,44,1,13988.3,13988.3,16741.3,0.82,4,2,4,1,0
income,committed,greedy,24,active,49,,,1,1,0,archmage:conquered:48,2,13,7,0,2,0,59,10,13822.1,13822.1,16741.3,0.809,4,2,4,2,0
income,committed,greedy,25,active,49,,,1,1,0,,2,9,3,0,2,0,35,2,12963.8,12963.8,16741.3,0.777,4,3,4,2,0
income,committed,greedy,26,active,49,,,2,2,0,,0,8,4,0,2,0,32,1,13373.4,13373.4,16741.3,0.771,5,1,7,1,0
income,committed,greedy,27,active,49,,,1,1,0,goblin:conquered:45,1,13,10,0,2,0,50,2,13872.7,13872.7,16741.3,0.806,4,1,4,1,0
income,committed,greedy,28,active,49,,,3,2,0,,0,13,7,1,2,0,34,1,13068,13068,16741.3,0.789,4,2,7,1,0
income,committed,greedy,29,active,49,,,0,0,0,archmage:conquered:43,1,12,8,0,2,0,65,3,14024.1,14024.1,16741.3,0.803,4,1,1,1,0
income,committed,greedy,30,active,49,,,0,0,0,,2,10,1,0,2,0,41,3,13695.4,13695.4,16741.3,0.83,4,2,3,16,0
income,committed,greedy,31,active,49,,,1,1,0,archmage:conquered:46,1,16,11,0,2,0,60,3,14569.3,14569.3,16741.3,0.833,4,2,4,3,0
income,committed,greedy,32,active,49,,,2,2,0,,0,10,5,1,2,0,54,2,13357.6,13357.6,16741.3,0.807,5,1,7,1,0
income,committed,greedy,33,active,49,,,0,0,0,archmage:conquered:44,1,12,8,0,2,0,60,5,14140.9,14140.9,16741.3,0.809,4,2,1,0,0
income,committed,greedy,34,active,49,,,1,1,0,dwarf:conquered:47,3,17,10,0,2,0,59,3,14055.2,14055.2,16741.3,0.838,5,10,4,4,0
income,committed,greedy,35,active,49,,,1,1,0,,1,10,5,0,2,0,51,4,13942.9,13942.9,16741.3,0.828,4,1,4,1,0
income,committed,greedy,36,active,49,,,0,0,0,,2,16,7,0,2,0,60,0,14209.6,14209.6,16741.3,0.85,5,1,1,8,0
income,committed,greedy,37,fallen,41,,42,1,0,1,,1,7,1,0,2,0,39,2,11043,11043,14039.3,0.807,3,1,4,1,0
income,committed,greedy,38,active,49,,,2,2,0,,0,8,3,0,2,0,38,0,12656.3,12656.3,16741.3,0.761,4,7,7,1,0
income,committed,greedy,39,active,49,,,1,1,0,goblin:conquered:44,1,14,10,0,2,0,73,10,14532.4,14532.4,16741.3,0.825,5,2,4,0,0
income,committed,greedy,40,active,49,,,1,1,0,,2,11,5,0,2,0,37,0,12820.4,12820.4,16741.3,0.775,4,1,4,1,0
income,committed,greedy,41,active,49,,,1,1,0,,1,11,6,0,2,0,40,2,13728.6,13728.6,16741.3,0.823,4,1,4,1,0
income,committed,greedy,42,active,49,,,1,1,0,,0,8,4,0,4,2,63,6,13665.3,13665.3,16741.3,0.791,4,1,4,0,0
income,committed,greedy,43,active,49,,,1,1,0,,2,18,11,0,2,0,52,4,13523.1,13523.1,16741.3,0.825,4,3,4,2,0
income,committed,greedy,44,active,49,,,1,1,0,goblin:conquered:45,1,14,11,0,6,4,53,8,13401.7,13401.7,16741.3,0.779,4,2,4,0,0
income,committed,greedy,45,active,49,,,0,0,0,,1,8,1,0,4,2,49,5,12784.8,12784.8,16741.3,0.768,4,4,3,11,0
income,committed,greedy,46,active,49,,,1,1,0,archmage:conquered:47,3,15,9,1,2,0,59,5,13528.8,13528.8,16741.3,0.83,4,3,4,3,0
income,committed,greedy,47,active,49,,,1,1,0,archmage:conquered:45,2,16,11,0,4,2,51,5,13926.3,13926.3,16741.3,0.825,4,9,4,2,0
income,committed,greedy,48,active,49,,,1,1,0,,1,10,4,0,2,0,35,1,12925.3,12925.3,16741.3,0.786,4,2,4,1,0
income,committed,greedy,49,active,49,,,0,0,0,,2,10,1,1,3,1,38,2,13674.2,13674.2,16741.3,0.835,4,1,0,12,0
income,committed,greedy,50,active,49,,,1,1,0,archmage:conquered:46,4,17,11,1,2,0,59,10,14125.5,14125.5,16741.3,0.847,4,2,4,3,0
income,steadfast,greedy,1,active,49,,,0,0,0,dwarf:conquered:38 archmage:conquered:46,2,22,17,0,2,0,95,9,15377.6,15377.6,16741.3,0.864,5,10,0,0,0
income,steadfast,greedy,2,active,49,,,0,0,0,goblin:conquered:36 archmage:conquered:45,2,18,14,0,2,0,77,4,15631.4,15631.4,16741.3,0.865,6,2,1,1,0
income,steadfast,greedy,3,active,49,,,0,0,0,archmage:conquered:33 goblin:conquered:41,1,18,16,0,2,0,65,2,18475,18475,16741.3,0.93,6,1,0,0,0
income,steadfast,greedy,4,active,49,,,0,0,0,goblin:conquered:36 archmage:conquered:44,2,17,13,0,2,0,76,2,16017.5,16017.5,16741.3,0.851,6,1,0,0,0
income,steadfast,greedy,5,active,49,,,0,0,0,archmage:conquered:39 goblin:conquered:47,2,16,13,0,2,0,71,4,16846.6,16846.6,16741.3,0.888,6,1,0,0,0
income,steadfast,greedy,6,active,49,,,0,0,0,goblin:conquered:35 archmage:conquered:44,1,16,13,0,3,1,69,5,17148.8,17148.8,16741.3,0.872,7,2,0,0,0
income,steadfast,greedy,7,active,49,,,0,0,0,goblin:conquered:32 archmage:conquered:40 orc:conquered:48,1,18,15,0,2,0,71,4,18246.4,18246.4,16741.3,0.913,5,2,0,0,0
income,steadfast,greedy,8,active,49,,,0,0,0,archmage:conquered:37 orc:conquered:45,1,15,12,0,2,0,68,1,17409.3,17409.3,16741.3,0.901,6,1,2,0,0
income,steadfast,greedy,9,active,49,,,0,0,0,archmage:conquered:43,2,18,12,0,3,1,74,6,16698.3,16698.3,16741.3,0.859,6,2,0,1,0
income,steadfast,greedy,10,active,49,,,0,0,0,orc:conquered:34 goblin:conquered:44,1,13,10,0,2,0,63,3,18059.5,18059.5,16741.3,0.899,6,2,1,0,0
income,steadfast,greedy,11,active,49,,,0,0,0,goblin:conquered:37 archmage:conquered:45,2,17,13,0,2,0,79,12,17116.4,17116.4,16741.3,0.88,6,1,0,1,0
income,steadfast,greedy,12,active,49,,,0,0,0,archmage:conquered:34 orc:conquered:42,1,19,17,0,2,0,69,0,18072.2,18072.2,16741.3,0.915,6,2,0,0,0
income,steadfast,greedy,13,active,49,,,0,0,0,archmage:conquered:32 goblin:conquered:43,2,18,16,0,2,0,75,6,17481.9,17481.9,16741.3,0.919,6,11,0,0,0
income,steadfast,greedy,14,active,49,,,1,1,0,goblin:conquered:45,1,14,11,0,2,0,64,5,17083.3,17083.3,16741.3,0.87,6,1,4,0,0
income,steadfast,greedy,15,active,49,,,0,0,0,goblin:conquered:36 archmage:conquered:44,1,15,12,0,3,1,70,5,17205.2,17205.2,16741.3,0.884,6,2,0,1,0
income,steadfast,greedy,16,active,49,,,0,0,0,archmage:conquered:42,2,17,13,0,2,0,63,3,17079.5,17079.5,16741.3,0.887,6,2,1,0,0
income,steadfast,greedy,17,active,49,,,0,0,0,archmage:conquered:35 goblin:conquered:44,1,14,13,0,2,0,70,1,17248.8,17248.8,16741.3,0.884,6,1,2,0,0
income,steadfast,greedy,18,active,49,,,0,0,0,archmage:conquered:35 goblin:conquered:45,1,15,12,0,2,0,65,1,17844.4,17844.4,16741.3,0.899,6,2,0,1,0
income,steadfast,greedy,19,active,49,,,0,0,0,goblin:conquered:37 archmage:conquered:45,1,15,13,0,2,0,67,1,18207,18207,16741.3,0.909,6,3,0,1,0
income,steadfast,greedy,20,active,49,,,0,0,0,goblin:conquered:36 archmage:conquered:45,1,16,14,0,2,0,68,3,17491.3,17491.3,16741.3,0.881,6,1,0,0,0
income,steadfast,greedy,21,active,49,,,0,0,0,goblin:conquered:37 archmage:conquered:45,1,14,13,0,2,0,62,1,17805.8,17805.8,16741.3,0.9,6,1,0,0,0
income,steadfast,greedy,22,active,49,,,0,0,0,archmage:conquered:36 goblin:conquered:44,1,15,13,0,2,0,65,0,17937.2,17937.2,16741.3,0.904,6,2,3,1,0
income,steadfast,greedy,23,active,49,,,0,0,0,archmage:conquered:35 goblin:conquered:43,1,17,14,0,2,0,64,1,18084.8,18084.8,16741.3,0.919,6,2,1,0,0
income,steadfast,greedy,24,active,49,,,0,0,0,goblin:conquered:32 archmage:conquered:42,1,16,15,0,2,0,69,2,17203.1,17203.1,16741.3,0.88,6,2,0,0,0
income,steadfast,greedy,25,active,49,,,0,0,0,goblin:conquered:37 archmage:conquered:46,1,16,13,0,2,0,67,3,16523.2,16523.2,16741.3,0.859,6,2,1,0,0
income,steadfast,greedy,26,active,49,,,0,0,0,dwarf:conquered:35 archmage:conquered:43,1,19,15,0,2,0,77,2,16381.9,16381.9,16741.3,0.861,7,1,0,0,0
income,steadfast,greedy,27,active,49,,,1,1,0,archmage:conquered:37 goblin:conquered:45,1,16,14,0,2,0,63,1,17006.8,17006.8,16741.3,0.883,6,1,4,0,0
income,steadfast,greedy,28,active,49,,,0,0,0,goblin:conquered:31 archmage:conquered:39 orc:conquered:47,1,16,15,0,2,0,84,7,16744.9,16744.9,16741.3,0.875,6,2,0,0,0
income,steadfast,greedy,29,active,49,,,0,0,0,archmage:conquered:44,3,18,13,0,2,0,84,5,16958.5,16958.5,16741.3,0.904,7,1,0,1,0
income,steadfast,greedy,30,active,49,,,0,0,0,archmage:conquered:31 goblin:conquered:39 orc:conquered:47,1,17,15,0,2,0,74,7,18426.8,18426.8,16741.3,0.928,7,2,0,0,0
income,steadfast,greedy,31,active,49,,,0,0,0,goblin:conquered:34 archmage:conquered:42,1,16,15,0,2,0,66,1,18836.9,18836.9,16741.3,0.926,6,2,0,0,0
income,steadfast,greedy,32,active,49,,,1,0,0,goblin:conquered:40,1,10,7,0,2,0,63,0,17611.5,17611.5,16741.3,0.891,7,1,4,0,0
income,steadfast,greedy,33,active,49,,,0,0,0,archmage:conquered:37 goblin:conquered:45,1,15,13,0,2,0,65,4,18032,18032,16741.3,0.905,6,2,1,1,0
income,steadfast,greedy,34,active,49,,,0,0,0,goblin:conquered:33 archmage:conquered:41,1,17,15,0,2,0,67,4,18045.3,18045.3,16741.3,0.914,7,9,0,0,0
income,steadfast,greedy,35,active,49,,,0,0,0,goblin:conquered:35 orc:conquered:44,2,18,15,0,2,0,74,3,16888.5,16888.5,16741.3,0.897,7,1,0,0,0
income,steadfast,greedy,36,active,49,,,0,0,0,archmage:conquered:35 orc:conquered:43,1,15,12,0,2,0,65,3,18440.9,18440.9,16741.3,0.922,6,1,3,0,0
income,steadfast,greedy,37,active,49,,,0,0,0,archmage:conquered:35 goblin:conquered:44,1,16,13,0,2,0,73,1,16965.9,16965.9,16741.3,0.869,6,1,0,1,0
income,steadfast,greedy,38,active,49,,,1,1,0,goblin:conquered:46,2,17,14,0,2,0,61,3,15859.1,15859.1,16741.3,0.87,7,2,4,0,0
income,steadfast,greedy,39,active,49,,,0,0,0,orc:conquered:42,2,16,12,0,2,0,63,4,17505.5,17505.5,16741.3,0.898,7,2,1,1,0
income,steadfast,greedy,40,active,49,,,0,0,0,archmage:conquered:40 goblin:conquered:48,2,17,12,0,2,0,80,4,16247.9,16247.9,16741.3,0.863,6,1,0,0,0
income,steadfast,greedy,41,active,49,,,0,0,0,archmage:conquered:37 goblin:conquered:45,1,18,16,0,2,0,64,1,17798.3,17798.3,16741.3,0.894,5,1,1,1,0
income,steadfast,greedy,42,active,49,,,0,0,0,archmage:conquered:35 goblin:conquered:43,2,17,13,0,2,0,75,3,16985.2,16985.2,16741.3,0.883,6,1,0,0,0
income,steadfast,greedy,43,active,49,,,0,0,0,goblin:conquered:36 archmage:conquered:44,1,14,12,0,2,0,63,1,17955.6,17955.6,16741.3,0.912,6,3,0,0,0
income,steadfast,greedy,44,active,49,,,0,0,0,archmage:conquered:34 goblin:conquered:42,1,16,13,0,2,0,73,4,17066.2,17066.2,16741.3,0.872,6,1,1,0,0
income,steadfast,greedy,45,active,49,,,0,0,0,goblin:conquered:37 archmage:conquered:45,2,19,15,0,3,1,84,9,15481,15481,16741.3,0.843,6,4,0,1,0
income,steadfast,greedy,46,active,49,,,0,0,0,archmage:conquered:33 goblin:conquered:41,1,16,13,0,2,0,78,8,17927.4,17927.4,16741.3,0.907,6,3,0,0,0
income,steadfast,greedy,47,active,49,,,0,0,0,archmage:conquered:32 goblin:conquered:41,1,20,15,0,3,1,81,4,18006.5,18006.5,16741.3,0.904,6,9,0,0,0
income,steadfast,greedy,48,active,49,,,0,0,0,goblin:conquered:45,2,19,15,0,2,0,69,2,15878.1,15878.1,16741.3,0.866,6,2,1,1,0
income,steadfast,greedy,49,active,49,,,0,0,0,archmage:conquered:34 goblin:conquered:42,1,16,13,0,2,0,66,3,17931.5,17931.5,16741.3,0.913,6,1,1,0,0
income,steadfast,greedy,50,active,49,,,0,0,0,goblin:conquered:37 archmage:conquered:45,1,15,12,0,2,0,66,1,18199.9,18199.9,16741.3,0.915,6,2,1,0,0
income,steadfastPlateau,greedy,1,active,49,,,0,0,0,goblin:conquered:43,1,14,10,0,2,0,61,2,15356.6,15356.6,16741.3,0.864,3,10,1,1,0
income,steadfastPlateau,greedy,2,active,49,,,0,0,0,,4,8,0,0,2,0,44,4,14680.7,14680.7,16741.3,0.865,3,2,0,12,0
income,steadfastPlateau,greedy,3,active,49,,,0,0,0,goblin:conquered:34 archmage:conquered:42,1,16,14,0,2,0,74,1,18257.3,18257.3,16741.3,0.93,5,1,0,0,0
income,steadfastPlateau,greedy,4,active,49,,,0,0,0,archmage:conquered:35 goblin:conquered:43,2,16,13,0,2,0,68,2,15882.4,15882.4,16741.3,0.851,2,1,0,2,0
income,steadfastPlateau,greedy,5,active,49,,,0,0,0,archmage:conquered:40 goblin:conquered:48,2,18,14,0,2,0,66,1,16497.4,16497.4,16741.3,0.888,3,1,0,3,0
income,steadfastPlateau,greedy,6,active,49,,,0,0,0,goblin:conquered:37 archmage:conquered:45,1,12,11,0,3,1,50,4,16663.9,16663.9,16741.3,0.872,4,2,1,0,0
income,steadfastPlateau,greedy,7,active,49,,,0,0,0,archmage:conquered:33 goblin:conquered:41,1,17,14,0,2,0,53,4,17942.1,17942.1,16741.3,0.913,4,2,0,0,0
income,steadfastPlateau,greedy,8,active,49,,,1,1,0,goblin:conquered:43,1,16,12,0,2,0,47,0,17301.4,17301.4,16741.3,0.901,4,1,4,0,0
income,steadfastPlateau,greedy,9,active,49,,,0,0,0,goblin:conquered:35 archmage:conquered:43,2,18,14,0,3,1,69,4,16162.3,16162.3,16741.3,0.859,2,2,0,0,0
income,steadfastPlateau,greedy,10,active,49,,,0,0,0,goblin:conquered:36 archmage:conquered:44,1,14,11,0,2,0,60,2,17798.9,17798.9,16741.3,0.899,3,2,2,1,0
income,steadfastPlateau,greedy,11,active,49,,,0,0,0,archmage:conquered:35 goblin:conquered:43,3,17,14,0,2,0,57,1,16289.2,16289.2,16741.3,0.88,3,1,0,1,0
income,steadfastPlateau,greedy,12,active,49,,,0,0,0,archmage:conquered:35 orc:conquered:43,1,16,14,0,2,0,78,2,17941.5,17941.5,16741.3,0.915,3,2,0,1,0
income,steadfastPlateau,greedy,13,active,49,,,0,0,0,archmage:conquered:37 goblin:conquered:45,2,16,13,0,2,0,65,1,17695.9,17695.9,16741.3,0.919,5,11,1,0,0
income,steadfastPlateau,greedy,14,active,49,,,0,0,0,archmage:conquered:36 goblin:conquered:44,1,15,12,0,2,0,60,3,16197.9,16197.9,16741.3,0.87,2,1,2,1,0
income,steadfastPlateau,greedy,15,active,49,,,0,0,0,goblin:conquered:35 archmage:conquered:43,1,12,8,0,3,1,56,2,16642,16642,16741.3,0.884,4,2,0,0,0
income,steadfastPlateau,greedy,16,active,49,,,0,0,0,goblin:conquered:36 archmage:conquered:44,2,20,16,0,2,0,66,1,16581.4,16581.4,16741.3,0.887,4,2,0,1,0
income,steadfastPlateau,greedy,17,active,49,,,0,0,0,archmage:conquered:36 goblin:conquered:44,1,13,12,0,2,0,65,5,16770.6,16770.6,16741.3,0.884,3,1,3,1,0
income,steadfastPlateau,greedy,18,active,49,,,0,0,0,archmage:conquered:36 goblin:conquered:44,1,16,12,0,2,0,50,1,17533.8,17533.8,16741.3,0.899,4,2,2,0,0
income,steadfastPlateau,greedy,19,active,49,,,0,0,0,archmage:conquered:34 goblin:conquered:42,1,15,13,0,2,0,63,0,18102.2,18102.2,16741.3,0.909,3,3,1,0,0
income,steadfastPlateau,greedy,20,active,49,,,0,0,0,archmage:conquered:34 goblin:conquered:42,1,15,12,0,2,0,62,1,16876.3,16876.3,16741.3,0.881,2,1,1,1,0
income,steadfastPlateau,greedy,21,active,49,,,0,0,0,archmage:conquered:34 goblin:conquered:44,1,18,16,0,2,0,63,0,17529.3,17529.3,16741.3,0.9,4,1,0,1,0
income,steadfastPlateau,greedy,22,active,49,,,0,0,0,goblin:conquered:36 archmage:conquered:44,1,14,12,0,2,0,53,0,17614.5,17614.5,16741.3,0.904,4,2,0,0,0
income,steadfastPlateau,greedy,23,active,49,,,0,0,0,archmage:conquered:36 goblin:conquered:46,1,15,13,0,2,0,65,2,17928.7,17928.7,16741.3,0.919,5,2,2,0,0
income,steadfastPlateau,greedy,24,active,49,,,0,0,0,orc:conquered:34 archmage:conquered:42,1,14,13,0,2,0,71,3,16996.6,16996.6,16741.3,0.88,2,2,3,2,0
income,steadfastPlateau,greedy,25,active,49,,,0,0,0,archmage:conquered:34 goblin:conquered:42,1,14,11,0,2,0,53,1,16196.6,16196.6,16741.3,0.859,2,2,2,0,0
income,steadfastPlateau,greedy,26,active,49,,,0,0,0,dwarf:conquered:40,2,18,13,0,2,0,61,2,15549.9,15549.9,16741.3,0.861,4,1,0,2,0
income,steadfastPlateau,greedy,27,active,49,,,0,0,0,archmage:conquered:34 orc:conquered:42,1,17,15,0,2,0,67,0,16886.2,16886.2,16741.3,0.883,3,1,0,0,0
income,steadfastPlateau,greedy,28,active,49,,,1,1,0,archmage:conquered:39 goblin:conquered:47,1,15,12,0,2,0,56,3,16270.3,16270.3,16741.3,0.875,3,2,4,0,0
income,steadfastPlateau,greedy,29,active,49,,,0,0,0,archmage:conquered:34 goblin:conquered:42,2,13,9,0,2,0,60,0,16559.9,16559.9,16741.3,0.904,4,1,0,0,0
income,steadfastPlateau,greedy,30,active,49,,,0,0,0,goblin:conquered:30 archmage:conquered:41,1,16,14,0,2,0,74,6,18090.1,18090.1,16741.3,0.928,6,2,0,0,0
income,steadfastPlateau,greedy,31,active,49,,,0,0,0,goblin:conquered:34 archmage:conquered:42,1,16,15,0,2,0,68,2,18000.5,18000.5,16741.3,0.926,6,2,0,0,0
income,steadfastPlateau,greedy,32,active,49,,,0,0,0,goblin:conquered:38 archmage:conquered:46,1,15,12,0,2,0,63,1,17125.2,17125.2,16741.3,0.891,5,1,0,1,0
income,steadfastPlateau,greedy,33,active,49,,,0,0,0,archmage:conquered:34 goblin:conquered:42,1,16,14,0,2,0,48,0,17855.9,17855.9,16741.3,0.905,4,2,3,0,0
income,steadfastPlateau,greedy,34,active,49,,,0,0,0,archmage:conquered:34 orc:conquered:42,1,18,15,0,2,0,58,2,17938.7,17938.7,16741.3,0.914,5,9,0,1,0
income,steadfastPlateau,greedy,35,active,49,,,0,0,0,orc:conquered:36 archmage:conquered:44,2,17,14,0,2,0,57,2,16431.3,16431.3,16741.3,0.897,5,1,0,2,0
income,steadfastPlateau,greedy,36,active,49,,,0,0,0,archmage:conquered:34 orc:conquered:42,1,15,13,0,2,0,46,0,18414.8,18414.8,16741.3,0.922,4,1,2,0,0
income,steadfastPlateau,greedy,37,active,49,,,0,0,0,archmage:conquered:35 goblin:conquered:43,1,12,9,0,2,0,63,0,16443.4,16443.4,16741.3,0.869,3,1,0,1,0
income,steadfastPlateau,greedy,38,active,49,,,0,0,0,goblin:conquered:37 archmage:conquered:45,2,17,14,0,2,0,61,4,15554.1,15554.1,16741.3,0.87,2,2,0,0,0
income,steadfastPlateau,greedy,39,active,49,,,0,0,0,goblin:conquered:35 archmage:conquered:43,2,17,14,0,2,0,63,0,17070.1,17070.1,16741.3,0.898,3,2,0,0,0
income,steadfastPlateau,greedy,40,active,49,,,0,0,0,goblin:conquered:35 archmage:conquered:43,2,15,11,0,2,0,64,2,15954,15954,16741.3,0.863,2,1,0,1,0
income,steadfastPlateau,greedy,41,active,49,,,0,0,0,archmage:conquered:35 goblin:conquered:43,1,18,16,0,2,0,66,3,17580.5,17580.5,16741.3,0.894,2,1,2,0,0
income,steadfastPlateau,greedy,42,active,49,,,0,0,0,archmage:conquered:35 goblin:conquered:43,2,14,10,0,2,0,63,3,16495.3,16495.3,16741.3,0.883,3,1,0,2,0
income,steadfastPlateau,greedy,43,active,49,,,0,0,0,goblin:conquered:37 archmage:conquered:48,1,16,13,0,2,0,63,0,17833.3,17833.3,16741.3,0.912,5,3,1,1,0
income,steadfastPlateau,greedy,44,active,49,,,1,1,0,archmage:conquered:37 goblin:conquered:45,1,15,13,0,2,0,52,6,16598.7,16598.7,16741.3,0.872,3,1,4,1,0
income,steadfastPlateau,greedy,45,active,49,,,0,0,0,,3,9,0,0,3,1,32,3,14326.7,14326.7,16741.3,0.843,2,4,0,12,0
income,steadfastPlateau,greedy,46,active,49,,,0,0,0,orc:conquered:27 archmage:conquered:35 dwarf:conquered:43,1,15,12,0,2,0,68,4,17344,17344,16741.3,0.907,5,3,0,0,0
income,steadfastPlateau,greedy,47,active,49,,,0,0,0,archmage:conquered:32 goblin:conquered:40,1,15,12,0,3,1,79,10,17329,17329,16741.3,0.904,4,9,0,0,0
income,steadfastPlateau,greedy,48,active,49,,,0,0,0,archmage:conquered:34 goblin:conquered:42,3,17,14,0,2,0,66,4,15643.8,15643.8,16741.3,0.866,2,2,0,1,0
income,steadfastPlateau,greedy,49,active,49,,,0,0,0,archmage:conquered:34 goblin:conquered:42,1,16,14,0,2,0,67,3,17797.7,17797.7,16741.3,0.913,5,1,2,0,0
income,steadfastPlateau,greedy,50,active,49,,,0,0,0,archmage:conquered:34 goblin:conquered:42,1,16,14,0,2,0,51,2,17701.6,17701.6,16741.3,0.915,4,2,3,0,0
income,wavering,greedy,1,fallen,41,,42,1,0,1,,0,6,0,1,2,0,2,0,7964,7964,14039.3,0.646,2,12,4,0,0
income,wavering,greedy,2,fallen,41,,42,1,0,1,,0,6,0,0,2,0,2,0,7625.2,7625.2,14039.3,0.605,2,19,4,0,0
income,wavering,greedy,3,active,49,,,0,0,0,,0,6,0,2,3,1,12,1,10415.2,10415.2,16741.3,0.724,3,1,3,0,0
income,wavering,greedy,4,fallen,41,,42,1,0,1,,0,6,0,0,2,0,2,0,7903.9,7903.9,14039.3,0.646,2,1,4,0,0
income,wavering,greedy,5,fallen,41,,42,1,0,1,,0,6,0,0,2,0,2,0,8064.2,8064.2,14039.3,0.66,2,1,4,0,0
income,wavering,greedy,6,fallen,41,,42,1,0,1,,0,6,0,0,3,1,3,1,7937.5,7937.5,14039.3,0.641,2,2,4,0,0
income,wavering,greedy,7,active,49,,,1,1,0,,0,7,1,0,4,2,24,6,10894.1,10894.1,16741.3,0.699,2,2,4,13,0
income,wavering,greedy,8,fallen,41,,42,1,0,1,,0,6,0,0,6,4,6,4,8254.4,8254.4,14039.3,0.663,2,1,4,0,0
income,wavering,greedy,9,fallen,41,,42,1,0,1,,0,6,0,0,3,1,3,1,7670.7,7670.7,14039.3,0.61,2,2,4,0,0
income,wavering,greedy,10,fallen,44,,45,1,0,1,,0,6,0,0,5,3,5,3,9227.1,9227.1,15197.3,0.689,3,2,4,0,0
income,wavering,greedy,11,active,49,,,1,1,0,,0,7,1,0,3,1,27,9,10108.6,10108.6,16741.3,0.663,3,3,4,10,0
income,wavering,greedy,12,active,49,,,1,1,0,,0,7,2,0,3,1,27,8,10746.2,10746.2,16741.3,0.704,3,2,4,13,0
income,wavering,greedy,13,fallen,41,,42,1,0,1,,0,6,0,1,3,1,3,1,9016.5,9016.5,14039.3,0.715,2,11,4,0,0
income,wavering,greedy,14,fallen,41,,42,1,0,1,,0,6,0,0,2,0,36,3,8411.9,8411.9,14039.3,0.662,2,1,6,0,0
income,wavering,greedy,15,fallen,45,,46,1,0,1,,0,6,0,0,3,1,3,1,9160.2,9160.2,15583.3,0.688,2,2,4,0,0
income,wavering,greedy,16,fallen,41,,42,1,0,1,,0,6,0,1,2,0,2,0,8269.3,8269.3,14039.3,0.671,2,2,4,0,0
income,wavering,greedy,17,fallen,41,,42,1,0,1,,0,6,0,0,6,4,6,4,7919.8,7919.8,14039.3,0.654,2,2,4,0,0
income,wavering,greedy,18,fallen,41,,42,1,0,1,,0,6,0,0,2,0,2,0,8397.6,8397.6,14039.3,0.67,2,2,4,0,0
income,wavering,greedy,19,fallen,41,,42,1,0,1,,0,6,0,0,3,1,3,1,8151.4,8151.4,14039.3,0.647,2,3,4,0,0
income,wavering,greedy,20,fallen,41,,42,1,0,1,,0,6,0,0,5,3,5,3,7881.6,7881.6,14039.3,0.634,2,2,4,0,0
income,wavering,greedy,21,fallen,41,,42,1,0,1,,0,6,0,0,2,0,2,0,8221.2,8221.2,14039.3,0.653,2,1,4,0,0
income,wavering,greedy,22,fallen,41,,42,1,0,1,,0,6,0,0,3,1,3,1,8136.4,8136.4,14039.3,0.664,2,2,4,0,0
income,wavering,greedy,23,fallen,41,,42,1,0,1,,0,6,0,1,2,0,2,0,8546.5,8546.5,14039.3,0.679,2,2,4,0,0
income,wavering,greedy,24,fallen,41,,42,1,0,1,,0,6,0,0,3,1,3,1,8095.7,8095.7,14039.3,0.654,2,2,4,0,0
income,wavering,greedy,25,fallen,41,,42,1,0,1,,0,6,0,0,2,0,2,0,8195.3,8195.3,14039.3,0.652,2,3,4,0,0
income,wavering,greedy,26,fallen,41,,42,1,0,1,,0,6,0,0,3,1,3,1,7925.1,7925.1,14039.3,0.618,2,6,4,0,0
income,wavering,greedy,27,fallen,41,,42,1,0,1,,0,6,0,0,4,2,4,2,8270.7,8270.7,14039.3,0.658,2,1,4,0,0
income,wavering,greedy,28,fallen,41,,42,1,0,1,,0,6,0,3,4,2,20,8,7888.6,7888.6,14039.3,0.651,2,2,4,0,0
income,wavering,greedy,29,fallen,41,,42,1,0,1,,0,6,0,1,3,1,34,10,8710.3,8710.3,14039.3,0.668,2,1,4,7,0
income,wavering,greedy,30,fallen,41,,42,1,0,1,,0,6,0,0,3,1,3,1,8453.8,8453.8,14039.3,0.676,2,2,4,0,0
income,wavering,greedy,31,active,49,,,1,1,0,,0,7,1,0,2,0,25,6,10391.8,10391.8,16741.3,0.677,3,2,4,10,0
income,wavering,greedy,32,fallen,44,,45,2,1,1,,0,7,1,2,2,0,33,9,8629.9,8629.9,15197.3,0.642,2,1,7,9,0
income,wavering,greedy,33,fallen,41,,42,1,0,1,,0,6,0,1,2,0,2,0,8192.8,8192.8,14039.3,0.672,2,2,4,0,0
income,wavering,greedy,34,active,49,,,0,0,0,,0,6,0,0,3,1,3,1,10345.3,10345.3,16741.3,0.698,2,10,1,0,0
income,wavering,greedy,35,fallen,41,,42,1,0,1,,0,6,0,0,5,3,5,3,8385.1,8385.1,14039.3,0.682,2,21,4,0,0
income,wavering,greedy,36,active,49,,,2,2,0,,0,8,4,0,3,1,46,3,10959.3,10959.3,16741.3,0.702,3,1,7,1,0
income,wavering,greedy,37,fallen,41,,42,1,0,1,,0,6,0,1,4,2,4,2,7896.4,7896.4,14039.3,0.646,2,2,4,0,0
income,wavering,greedy,38,fallen,41,,42,1,0,1,,0,6,0,0,4,2,4,2,7367.8,7367.8,14039.3,0.598,2,7,4,0,0
income,wavering,greedy,39,active,49,,,2,2,0,,0,8,3,0,2,0,43,4,10545.3,10545.3,16741.3,0.675,3,2,7,1,0
income,wavering,greedy,40,fallen,41,,42,1,0,1,,0,6,0,0,3,1,3,1,8218.5,8218.5,14039.3,0.676,2,5,4,0,0
income,wavering,greedy,41,fallen,41,,42,1,0,1,,0,6,0,0,2,0,2,0,8225.5,8225.5,14039.3,0.662,2,1,4,0,0
income,wavering,greedy,42,fallen,44,,45,2,1,1,,0,7,1,0,5,3,42,14,9053.8,9053.8,15197.3,0.65,2,1,9,2,0
income,wavering,greedy,43,fallen,46,,47,1,0,1,,0,7,0,1,6,4,6,4,9611.9,9611.9,15969.3,0.684,2,4,4,0,0
income,wavering,greedy,44,fallen,42,,43,1,0,1,,0,6,0,0,5,3,5,3,8285.9,8285.9,14425.3,0.649,2,2,4,0,0
income,wavering,greedy,45,fallen,41,,42,1,0,1,,0,6,0,0,5,3,5,3,7792.9,7792.9,14039.3,0.633,2,4,4,0,0
income,wavering,greedy,46,fallen,41,,42,1,0,1,,0,6,0,1,2,0,2,0,8111.9,8111.9,14039.3,0.66,2,3,4,0,0
income,wavering,greedy,47,fallen,41,,42,1,0,1,,0,6,0,0,4,2,4,2,8182.8,8182.8,14039.3,0.658,2,9,4,0,0
income,wavering,greedy,48,active,49,,,0,0,0,,0,6,0,1,4,2,12,2,9398.2,9398.2,16741.3,0.64,3,2,3,0,0
income,wavering,greedy,49,active,49,,,0,0,0,,0,6,0,1,4,2,17,4,10120.7,10120.7,16741.3,0.701,3,2,2,0,0
income,wavering,greedy,50,fallen,41,,42,1,0,1,,0,6,0,0,3,1,3,1,8643.1,8643.1,14039.3,0.701,2,2,4,0,0
payoutStart:-10,committed,greedy,1,active,71,,,1,0,0,goblin:conquered:43 archmage:conquered:65,1,30,25,1,2,0,99,6,13522.2,12935.7,16860.4,0.782,6,10,4,20,0
payoutStart:-10,committed,greedy,2,won,69,69,,1,1,0,archmage:conquered:43 goblin:conquered:53 orc:conquered:61 dwarf:conquered:69,1,31,26,0,2,0,86,6,13368.9,12797.4,16860.4,0.765,6,3,4,9,0
payoutStart:-10,committed,greedy,3,active,71,,,0,0,0,goblin:conquered:54 archmage:conquered:65,6,41,29,3,2,0,124,0,15259.2,14649.4,16860.4,0.856,7,1,2,24,0
payoutStart:-10,committed,greedy,4,won,69,69,,0,0,0,archmage:conquered:40 orc:conquered:53 goblin:conquered:61 dwarf:conquered:69,3,28,22,1,2,0,92,9,13730.7,13141.6,16860.4,0.773,6,1,2,10,0
payoutStart:-10,committed,greedy,5,won,62,62,,0,0,0,archmage:conquered:35 orc:conquered:46 goblin:conquered:54 dwarf:conquered:62,2,28,23,0,2,0,88,8,15248.4,14381.2,16860.4,0.814,5,1,0,7,0
payoutStart:-10,committed,greedy,6,active,71,,,0,0,0,archmage:conquered:41 goblin:conquered:56 orc:conquered:64,2,30,23,0,3,1,93,6,13915.5,13369.5,16860.4,0.804,6,2,0,16,0
payoutStart:-10,committed,greedy,7,won,61,61,,0,0,0,orc:conquered:37 goblin:conquered:45 archmage:conquered:53 dwarf:conquered:61,4,29,25,0,2,0,89,13,15963.2,14841.2,16860.4,0.826,5,2,0,3,0
payoutStart:-10,committed,greedy,8,won,63,63,,0,0,0,archmage:conquered:37 goblin:conquered:47 orc:conquered:55 dwarf:conquered:63,2,33,27,0,2,0,96,8,15319.4,14494.6,16860.4,0.818,5,1,0,8,0
payoutStart:-10,committed,greedy,9,active,71,,,0,0,0,goblin:conquered:41 archmage:conquered:63,1,28,23,0,4,2,100,9,13660.2,13091.6,16860.4,0.762,6,2,3,18,0
payoutStart:-10,committed,greedy,10,active,71,,,0,0,0,,8,25,14,1,2,0,67,0,14378.3,13901.9,16860.4,0.824,6,2,0,37,0
payoutStart:-10,committed,greedy,11,won,61,61,,0,0,0,goblin:conquered:37 archmage:conquered:45 orc:conquered:53 dwarf:conquered:61,1,25,21,0,2,0,91,16,14863.6,13873.6,16860.4,0.793,5,1,0,4,0
payoutStart:-10,committed,greedy,12,won,51,51,,0,0,0,archmage:conquered:26 orc:conquered:35 goblin:conquered:43 dwarf:conquered:51,2,23,21,0,2,0,81,14,16864.9,15512.4,16860.4,0.844,4,2,0,4,0
payoutStart:-10,committed,greedy,13,active,71,,,0,0,0,archmage:conquered:49 goblin:conquered:57 orc:conquered:65,5,35,28,1,2,0,94,11,14886.7,14205.3,16860.4,0.827,6,11,0,7,0
payoutStart:-10,committed,greedy,14,won,62,62,,0,0,0,archmage:conquered:38 orc:conquered:46 goblin:conquered:54 dwarf:conquered:62,2,28,24,0,2,0,80,5,14732.6,13756.6,16860.4,0.781,5,1,0,4,0
payoutStart:-10,committed,greedy,15,active,71,,,0,0,0,archmage:conquered:66,7,39,25,1,3,1,130,9,13436.7,13006.6,16860.4,0.797,6,2,2,24,0
payoutStart:-10,committed,greedy,16,active,71,,,0,0,0,,7,28,12,0,2,0,116,3,14110.9,13649.5,16860.4,0.81,6,2,0,37,0
payoutStart:-10,committed,greedy,17,active,71,,,0,0,0,,7,30,17,1,2,0,113,8,13560.7,13050.4,16860.4,0.805,7,1,0,37,0
payoutStart:-10,committed,greedy,18,active,71,,,0,0,0,,7,28,14,0,2,0,86,5,14237,13810.4,16860.4,0.817,6,2,1,36,0
payoutStart:-10,committed,greedy,19,active,71,,,0,0,0,,7,26,13,0,2,0,86,1,14381,13865.1,16860.4,0.788,6,3,0,43,0
payoutStart:-10,committed,greedy,20,active,71,,,0,0,0,,6,23,5,0,3,1,125,6,13230.3,12838.8,16860.4,0.789,6,2,0,36,0
payoutStart:-10,committed,greedy,21,active,71,,,0,0,0,,7,24,9,2,2,0,83,6,13746.1,13340.2,16860.4,0.81,6,1,0,33,0
payoutStart:-10,committed,greedy,22,active,71,,,0,0,0,,7,22,9,1,3,1,108,8,13903.7,13391.1,16860.4,0.8,6,2,0,34,0
payoutStart:-10,committed,greedy,23,active,71,,,0,0,0,orc:conquered:68,8,28,13,0,2,0,132,3,14469.9,13922.9,16860.4,0.819,6,2,0,35,0
payoutStart:-10,committed,greedy,24,won,60,60,,0,0,0,archmage:conquered:35 orc:conquered:44 dwarf:conquered:52 goblin:conquered:60,2,24,19,0,2,0,85,5,14639.4,13865.3,16860.4,0.806,5,2,0,7,0
payoutStart:-10,committed,greedy,25,active,71,,,0,0,0,,7,27,13,0,2,0,92,6,13403.1,13009,16860.4,0.793,6,3,0,36,0
payoutStart:-10,committed,greedy,26,active,71,,,0,0,0,,5,29,13,0,2,0,119,3,13842.2,13414.8,16860.4,0.773,6,1,0,35,0
payoutStart:-10,committed,greedy,27,won,59,59,,0,0,0,orc:conquered:35 archmage:conquered:43 goblin:conquered:51 dwarf:conquered:59,2,25,20,0,2,0,87,5,14856.2,14036.5,16860.4,0.813,5,1,0,16,0
payoutStart:-10,committed,greedy,28,active,71,,,0,0,0,goblin:conquered:38 archmage:conquered:63,1,34,28,2,2,0,98,9,13958.8,13286.3,16860.4,0.787,6,2,3,19,0
payoutStart:-10,committed,greedy,29,won,66,66,,0,0,0,archmage:conquered:42 goblin:conquered:50 orc:conquered:58 dwarf:conquered:66,3,32,29,0,2,0,83,5,15437.7,14369.7,16860.4,0.805,6,1,0,5,0
payoutStart:-10,committed,greedy,30,active,71,,,0,0,0,goblin:conquered:40 archmage:conquered:57 orc:conquered:65,3,33,27,0,2,0,96,6,14605.8,13921.4,16860.4,0.841,7,2,1,16,0
payoutStart:-10,steadfast,greedy,1,won,67,67,,0,0,0,archmage:conquered:43 goblin:conquered:51 orc:conquered:59 dwarf:conquered:67,4,33,29,0,2,0,86,1,16392.1,15402.4,16860.4,0.875,8,10,0,5,0
payoutStart:-10,steadfast,greedy,2,won,63,63,,0,0,0,archmage:conquered:38 orc:conquered:47 dwarf:conquered:55 goblin:conquered:63,3,29,24,0,2,0,84,4,17454.7,16296.9,16860.4,0.867,7,2,0,8,0
payoutStart:-10,steadfast,greedy,3,won,54,54,,0,0,0,archmage:conquered:30 orc:conquered:38 goblin:conquered:46 dwarf:conquered:54,5,28,26,0,2,0,78,5,20621.4,18760.3,16860.4,0.931,7,1,0,5,0
payoutStart:-10,steadfast,greedy,4,won,62,62,,0,0,0,archmage:conquered:38 orc:conquered:46 goblin:conquered:54 dwarf:conquered:62,5,30,25,0,2,0,86,5,17307.7,16045,16860.4,0.841,7,1,0,3,0
payoutStart:-10,steadfast,greedy,5,won,61,61,,0,0,0,archmage:conquered:37 goblin:conquered:45 orc:conquered:53 dwarf:conquered:61,4,32,28,0,2,0,82,3,18466,17092.6,16860.4,0.881,7,1,0,5,0
payoutStart:-10,steadfast,greedy,6,won,48,48,,0,0,0,goblin:conquered:24 archmage:conquered:32 orc:conquered:40 dwarf:conquered:48,2,21,20,0,3,1,70,2,19178.4,17461.3,16860.4,0.87,7,2,0,4,0
payoutStart:-10,steadfast,greedy,7,won,46,46,,0,0,0,goblin:conquered:21 archmage:conquered:30 orc:conquered:38 dwarf:conquered:46,2,23,22,0,2,0,72,4,19213.5,17516.6,16084.4,0.913,5,2,0,5,0
payoutStart:-10,steadfast,greedy,8,won,55,55,,0,0,0,archmage:conquered:31 goblin:conquered:39 orc:conquered:47 dwarf:conquered:55,4,25,22,0,2,0,71,1,19837.7,18123.4,16860.4,0.901,6,1,0,3,0
payoutStart:-10,steadfast,greedy,9,won,49,49,,0,0,0,goblin:conquered:23 archmage:conquered:33 orc:conquered:41 dwarf:conquered:49,2,23,21,0,3,1,86,6,18086.9,16626.8,16860.4,0.859,6,2,0,3,0
payoutStart:-10,steadfast,greedy,10,won,51,51,,0,0,0,archmage:conquered:26 orc:conquered:35 goblin:conquered:43 dwarf:conquered:51,3,23,22,0,2,0,74,6,20132.4,18314.4,16860.4,0.9,7,2,0,4,0
payoutStart:-10,steadfast,greedy,11,won,61,61,,0,0,0,archmage:conquered:36 orc:conquered:45 goblin:conquered:53 dwarf:conquered:61,4,28,26,0,2,0,82,5,18932.5,17484,16860.4,0.875,7,1,0,5,0
payoutStart:-10,steadfast,greedy,12,won,54,54,,0,0,0,archmage:conquered:30 goblin:conquered:38 orc:conquered:46 dwarf:conquered:54,4,27,26,0,2,0,73,5,20430.7,18572.3,16860.4,0.916,7,2,0,4,0
payoutStart:-10,steadfast,greedy,13,won,53,53,,0,0,0,archmage:conquered:26 orc:conquered:37 goblin:conquered:45 dwarf:conquered:53,3,27,24,0,2,0,80,5,19538.1,17947.1,16860.4,0.919,6,11,0,4,0
payoutStart:-10,steadfast,greedy,14,won,48,48,,0,0,0,goblin:conquered:24 archmage:conquered:32 orc:conquered:40 dwarf:conquered:48,2,23,21,0,2,0,74,5,18634.2,16990.6,16860.4,0.872,6,1,0,3,0
payoutStart:-10,steadfast,greedy,15,won,48,48,,0,0,0,archmage:conquered:23 goblin:conquered:32 orc:conquered:40 dwarf:conquered:48,2,22,20,0,3,1,74,6,19002,17367.3,16860.4,0.889,6,2,0,5,0
payoutStart:-10,steadfast,greedy,16,won,52,52,,0,0,0,archmage:conquered:26 orc:conquered:36 goblin:conquered:44 dwarf:conquered:52,3,25,22,0,2,0,86,8,18704.5,17203.3,16860.4,0.89,6,2,0,4,0
payoutStart:-10,steadfast,greedy,17,won,46,46,,0,0,0,archmage:conquered:22 goblin:conquered:30 orc:conquered:38 dwarf:conquered:46,1,18,16,0,2,0,69,1,17942.7,16403.2,16084.4,0.88,5,1,0,4,0
payoutStart:-10,steadfast,greedy,18,won,51,51,,0,0,0,archmage:conquered:27 orc:conquered:35 goblin:conquered:43 dwarf:conquered:51,3,24,21,0,2,0,80,8,19941.3,18115.8,16860.4,0.901,6,2,0,3,0
payoutStart:-10,steadfast,greedy,19,won,50,50,,0,0,0,archmage:conquered:26 orc:conquered:34 goblin:conquered:42 dwarf:conquered:50,3,24,22,0,2,0,70,1,20232.5,18380.8,16860.4,0.909,6,3,0,4,0
payoutStart:-10,steadfast,greedy,20,won,48,48,,0,0,0,goblin:conquered:23 archmage:conquered:32 orc:conquered:40 dwarf:conquered:48,4,23,21,0,2,0,70,2,19233.2,17535.9,16860.4,0.88,5,1,0,3,0
payoutStart:-10,steadfast,greedy,21,won,48,48,,0,0,0,goblin:conquered:24 archmage:conquered:32 orc:conquered:40 dwarf:conquered:48,3,23,21,0,2,0,70,3,19536.4,17758.2,16860.4,0.906,6,1,0,4,0
payoutStart:-10,steadfast,greedy,22,won,48,48,,0,0,0,goblin:conquered:23 archmage:conquered:32 orc:conquered:40 dwarf:conquered:48,3,24,23,0,2,0,74,6,19657.6,17847.2,16860.4,0.903,6,2,0,4,0
payoutStart:-10,steadfast,greedy,23,won,48,48,,0,0,0,archmage:conquered:23 orc:conquered:32 goblin:conquered:40 dwarf:conquered:48,2,18,16,0,2,0,71,0,20264.2,18460.5,16860.4,0.918,6,2,0,2,0
payoutStart:-10,steadfast,greedy,24,won,49,49,,0,0,0,archmage:conquered:25 goblin:conquered:33 orc:conquered:41 dwarf:conquered:49,3,26,25,0,2,0,68,0,19551.3,17803.7,16860.4,0.88,6,2,0,4,0
payoutStart:-10,steadfast,greedy,25,won,51,51,,0,0,0,archmage:conquered:27 goblin:conquered:35 orc:conquered:43 dwarf:conquered:51,3,22,21,0,2,0,70,3,18349.7,16732.5,16860.4,0.86,6,2,0,4,0
payoutStart:-10,steadfast,greedy,26,won,66,66,,0,0,0,archmage:conquered:42 orc:conquered:50 goblin:conquered:58 dwarf:conquered:66,4,33,29,0,2,0,87,3,17436,16294.6,16860.4,0.864,8,1,0,6,0
payoutStart:-10,steadfast,greedy,27,won,46,46,,0,0,0,archmage:conquered:21 orc:conquered:30 goblin:conquered:38 dwarf:conquered:46,2,21,19,0,2,0,76,5,17758.2,16206,16084.4,0.877,5,1,0,4,0
payoutStart:-10,steadfast,greedy,28,won,58,58,,0,0,0,archmage:conquered:34 goblin:conquered:42 orc:conquered:50 dwarf:conquered:58,3,30,28,0,2,0,73,2,18516.9,17002.8,16860.4,0.883,8,2,0,4,0
payoutStart:-10,steadfast,greedy,29,won,62,62,,0,0,0,archmage:conquered:38 goblin:conquered:46 orc:conquered:54 dwarf:conquered:62,4,32,27,0,2,0,84,5,18387.9,17007.7,16860.4,0.902,8,1,0,6,0
payoutStart:-10,steadfast,greedy,30,won,46,46,,0,0,0,archmage:conquered:21 orc:conquered:30 goblin:conquered:38 dwarf:conquered:46,3,25,24,0,2,0,73,2,19396.6,17665.7,16084.4,0.928,5,2,0,4,0
payoutStart:-20,committed,greedy,1,active,71,,,1,0,0,goblin:conquered:43 archmage:conquered:66,1,31,26,1,2,0,93,7,13521,12980,16965.8,0.782,6,10,5,19,0
payoutStart:-20,committed,greedy,2,won,68,68,,1,1,0,archmage:conquered:42 goblin:conquered:52 orc:conquered:60 dwarf:conquered:68,2,30,25,0,2,0,85,8,13413.6,12839.9,16965.8,0.765,6,3,4,9,0
payoutStart:-20,committed,greedy,3,active,71,,,0,0,0,archmage:conquered:57 goblin:conquered:65,7,42,31,3,2,0,101,0,15481.6,14781.5,16965.8,0.856,7,1,0,12,0
payoutStart:-20,committed,greedy,4,won,69,69,,0,0,0,goblin:conquered:38 archmage:conquered:46 orc:conquered:54 dwarf:conquered:69,2,25,17,1,2,0,91,8,13732,13182.4,16965.8,0.773,6,1,1,31,0
payoutStart:-20,committed,greedy,5,won,60,60,,0,0,0,archmage:conquered:35 goblin:conquered:44 orc:conquered:52 dwarf:conquered:60,3,26,22,0,2,0,86,5,15364,14423.3,16965.8,0.814,5,1,0,7,0
payoutStart:-20,committed,greedy,6,active,71,,,0,0,0,,6,20,8,0,3,1,78,8,13679.4,13228.7,16965.8,0.804,6,2,1,37,0
payoutStart:-20,committed,greedy,7,won,65,65,,0,0,0,archmage:conquered:41 goblin:conquered:49 orc:conquered:57 dwarf:conquered:65,4,35,31,0,2,0,90,13,16024.2,14896.3,16965.8,0.825,6,2,0,3,0
payoutStart:-20,committed,greedy,8,won,62,62,,0,0,0,goblin:conquered:35 archmage:conquered:45 orc:conquered:54 dwarf:conquered:62,3,32,27,0,2,0,92,7,15402.6,14535.5,16965.8,0.819,5,1,0,9,0
payoutStart:-20,committed,greedy,9,active,71,,,0,0,0,goblin:conquered:41 archmage:conquered:63,1,28,23,0,4,2,98,9,13730.3,13130,16965.8,0.762,6,2,3,20,0
payoutStart:-20,committed,greedy,10,active,71,,,0,0,0,,8,25,14,1,2,0,67,0,14412.9,13935.1,16965.8,0.824,6,2,0,37,0
payoutStart:-20,committed,greedy,11,won,61,61,,0,0,0,goblin:conquered:37 archmage:conquered:45 orc:conquered:53 dwarf:conquered:61,1,25,21,0,2,0,91,16,14914.6,13920.7,16965.8,0.793,5,1,0,4,0
payoutStart:-20,committed,greedy,12,won,51,51,,0,0,0,archmage:conquered:26 orc:conquered:35 goblin:conquered:43 dwarf:conquered:51,2,23,21,0,2,0,81,14,16926.3,15568.1,16965.8,0.844,4,2,0,4,0
payoutStart:-20,committed,greedy,13,active,71,,,0,0,0,archmage:conquered:49 goblin:conquered:57 orc:conquered:65,5,38,32,1,2,0,90,8,14920.3,14236.9,16965.8,0.827,6,11,0,7,0
payoutStart:-20,committed,greedy,14,won,62,62,,0,0,0,archmage:conquered:38 orc:conquered:46 goblin:conquered:54 dwarf:conquered:62,2,26,22,0,2,0,84,9,14779.9,13800.1,16965.8,0.781,5,1,0,4,0
payoutStart:-20,committed,greedy,15,active,71,,,0,0,0,goblin:conquered:42 archmage:conquered:57 orc:conquered:65,3,33,26,2,3,1,102,15,13556.8,12997.8,16965.8,0.797,6,2,0,14,0
payoutStart:-20,committed,greedy,16,won,70,70,,0,0,0,goblin:conquered:43 archmage:conquered:54 orc:conquered:62 dwarf:conquered:70,4,35,29,0,2,0,86,6,14297,13672.9,16965.8,0.809,6,2,2,13,0
payoutStart:-20,committed,greedy,17,active,71,,,0,0,0,,6,28,14,1,2,0,141,11,13606.1,13093,16965.8,0.805,7,1,0,35,0
payoutStart:-20,committed,greedy,18,active,71,,,0,0,0,,7,26,12,0,2,0,77,2,14275.6,13847.4,16965.8,0.817,6,2,2,36,0
payoutStart:-20,committed,greedy,19,active,71,,,0,0,0,,7,26,12,0,2,0,93,3,14429.1,13911,16965.8,0.788,6,3,0,43,0
payoutStart:-20,committed,greedy,20,active,71,,,0,0,0,,6,26,8,0,3,1,130,6,13273.6,12880.8,16965.8,0.789,6,2,0,35,0
payoutStart:-20,committed,greedy,21,active,71,,,0,0,0,,7,24,9,2,2,0,82,7,13786.9,13379.4,16965.8,0.81,6,1,0,33,0
payoutStart:-20,committed,greedy,22,active,71,,,0,0,0,,7,15,4,2,3,1,108,5,13891.7,13428.6,16965.8,0.8,6,2,0,34,0
payoutStart:-20,committed,greedy,23,won,70,70,,0,0,0,orc:conquered:42 dwarf:conquered:54 goblin:conquered:62 archmage:conquered:70,5,31,22,0,2,0,90,9,14726.2,14164.2,16965.8,0.82,6,2,0,11,0
payoutStart:-20,committed,greedy,24,won,63,63,,0,0,0,goblin:conquered:38 archmage:conquered:47 orc:conquered:55 dwarf:conquered:63,2,27,19,0,2,0,87,6,14709.1,13902.4,16965.8,0.802,5,2,0,8,0
payoutStart:-20,committed,greedy,25,active,71,,,0,0,0,,7,29,16,0,2,0,89,7,13444.3,13048.4,16965.8,0.793,6,3,0,36,0
payoutStart:-20,committed,greedy,26,active,71,,,0,0,0,,5,31,17,0,2,0,118,3,13880.6,13451.6,16965.8,0.773,6,1,0,35,0
payoutStart:-20,committed,greedy,27,won,61,61,,0,0,0,goblin:conquered:34 archmage:conquered:42 orc:conquered:53 dwarf:conquered:61,2,28,24,0,2,0,88,5,15006.3,14081.2,16965.8,0.815,5,1,0,16,0
payoutStart:-20,committed,greedy,28,active,71,,,0,0,0,goblin:conquered:39 archmage:conquered:64,1,33,27,2,2,0,100,9,13989.1,13324.6,16965.8,0.787,6,2,2,20,0
payoutStart:-20,committed,greedy,29,won,64,64,,0,0,0,goblin:conquered:40 archmage:conquered:48 orc:conquered:56 dwarf:conquered:64,3,32,29,0,2,0,82,5,15078.1,14056.3,16965.8,0.805,5,1,0,5,0
payoutStart:-20,committed,greedy,30,active,71,,,0,0,0,,7,28,12,1,2,0,132,4,14349.7,13770.7,16965.8,0.841,7,2,0,38,0
payoutStart:-20,steadfast,greedy,1,won,69,69,,0,0,0,archmage:conquered:45 goblin:conquered:53 orc:conquered:61 dwarf:conquered:69,4,34,30,0,2,0,89,4,16810.6,15760.2,16965.8,0.873,8,10,0,3,0
payoutStart:-20,steadfast,greedy,2,won,65,65,,0,0,0,archmage:conquered:41 goblin:conquered:49 orc:conquered:57 dwarf:conquered:65,4,33,28,0,2,0,82,2,17507.9,16322.4,16965.8,0.87,8,2,0,8,0
payoutStart:-20,steadfast,greedy,3,won,55,55,,0,0,0,archmage:conquered:30 goblin:conquered:38 orc:conquered:47 dwarf:conquered:55,4,30,28,0,2,0,81,6,20708.6,18789.5,16965.8,0.931,7,1,0,5,0
payoutStart:-20,steadfast,greedy,4,won,61,61,,0,0,0,archmage:conquered:37 orc:conquered:45 goblin:conquered:53 dwarf:conquered:61,4,29,25,0,2,0,78,1,17342.2,16076.4,16965.8,0.84,7,1,0,3,0
payoutStart:-20,steadfast,greedy,5,won,61,61,,0,0,0,archmage:conquered:37 goblin:conquered:45 orc:conquered:53 dwarf:conquered:61,4,30,27,0,2,0,78,3,18238.1,16881.1,16965.8,0.881,7,1,0,4,0
payoutStart:-20,steadfast,greedy,6,won,48,48,,0,0,0,goblin:conquered:24 archmage:conquered:32 orc:conquered:40 dwarf:conquered:48,2,21,20,0,3,1,70,2,19227.4,17505.6,16965.8,0.87,7,2,0,4,0
payoutStart:-20,steadfast,greedy,7,won,46,46,,0,0,0,goblin:conquered:21 archmage:conquered:30 orc:conquered:38 dwarf:conquered:46,2,23,22,0,2,0,72,4,19250,17549.6,16186.2,0.913,5,2,0,5,0
payoutStart:-20,steadfast,greedy,8,won,55,55,,0,0,0,archmage:conquered:31 orc:conquered:39 goblin:conquered:47 dwarf:conquered:55,4,24,21,0,2,0,71,1,19857.9,18149.4,16965.8,0.901,6,1,0,3,0
payoutStart:-20,steadfast,greedy,9,won,48,48,,0,0,0,goblin:conquered:23 archmage:conquered:32 orc:conquered:40 dwarf:conquered:48,2,26,24,0,3,1,89,8,17887.4,16438.1,16965.8,0.857,5,2,0,3,0
payoutStart:-20,steadfast,greedy,10,won,50,50,,0,0,0,archmage:conquered:25 orc:conquered:34 goblin:conquered:42 dwarf:conquered:50,2,24,23,0,2,0,73,5,20164.6,18343.5,16965.8,0.9,6,2,0,4,0
payoutStart:-20,steadfast,greedy,11,won,59,59,,0,0,0,archmage:conquered:35 orc:conquered:43 goblin:conquered:51 dwarf:conquered:59,4,26,24,0,2,0,80,4,18699.5,17276.3,16965.8,0.873,7,1,0,4,0
payoutStart:-20,steadfast,greedy,12,won,46,46,,0,0,0,archmage:conquered:21 orc:conquered:30 goblin:conquered:38 dwarf:conquered:46,2,23,21,0,2,0,79,5,18917.6,17251.8,16186.2,0.914,5,2,0,4,0
payoutStart:-20,steadfast,greedy,13,won,51,51,,0,0,0,archmage:conquered:25 orc:conquered:35 goblin:conquered:43 dwarf:conquered:51,3,25,22,0,2,0,81,6,19567,17973.2,16965.8,0.919,6,11,0,4,0
payoutStart:-20,steadfast,greedy,14,won,49,49,,0,0,0,goblin:conquered:25 archmage:conquered:33 orc:conquered:41 dwarf:conquered:49,2,20,18,0,2,0,73,4,18796.5,17133.3,16965.8,0.87,6,1,0,3,0
payoutStart:-20,steadfast,greedy,15,won,59,59,,0,0,0,archmage:conquered:35 goblin:conquered:43 orc:conquered:51 dwarf:conquered:59,5,28,25,0,3,1,75,7,19289.9,17619,16965.8,0.872,7,2,0,4,0
payoutStart:-20,steadfast,greedy,16,won,51,51,,0,0,0,archmage:conquered:26 orc:conquered:35 dwarf:conquered:43 goblin:conquered:51,3,22,19,0,2,0,87,8,18719.7,17234.6,16965.8,0.889,6,2,0,4,0
payoutStart:-20,steadfast,greedy,17,won,46,46,,0,0,0,goblin:conquered:22 archmage:conquered:30 orc:conquered:38 dwarf:conquered:46,1,19,17,0,2,0,71,2,17982.4,16439,16186.2,0.88,5,1,0,4,0
payoutStart:-20,steadfast,greedy,18,won,52,52,,0,0,0,archmage:conquered:27 orc:conquered:36 goblin:conquered:44 dwarf:conquered:52,3,24,21,0,2,0,80,8,19978,18148.7,16965.8,0.902,6,2,0,3,0
payoutStart:-20,steadfast,greedy,19,won,50,50,,0,0,0,archmage:conquered:26 orc:conquered:34 goblin:conquered:42 dwarf:conquered:50,2,24,23,0,2,0,69,1,20265,18410.2,16965.8,0.909,6,3,0,5,0
payoutStart:-20,steadfast,greedy,20,won,48,48,,0,0,0,archmage:conquered:23 goblin:conquered:32 orc:conquered:40 dwarf:conquered:48,3,25,24,0,2,0,71,3,19272.7,17571.4,16965.8,0.88,5,1,0,4,0
payoutStart:-20,steadfast,greedy,21,won,48,48,,0,0,0,goblin:conquered:24 archmage:conquered:32 orc:conquered:40 dwarf:conquered:48,3,23,21,0,2,0,70,3,19570.3,17788.7,16965.8,0.906,6,1,0,4,0
payoutStart:-20,steadfast,greedy,22,won,48,48,,0,0,0,goblin:conquered:23 archmage:conquered:32 orc:conquered:40 dwarf:conquered:48,2,22,21,0,2,0,73,5,19694.6,17880.8,16965.8,0.903,6,2,0,4,0
payoutStart:-20,steadfast,greedy,23,won,48,48,,0,0,0,archmage:conquered:23 orc:conquered:32 goblin:conquered:40 dwarf:conquered:48,2,18,16,0,2,0,73,2,20295.5,18488.7,16965.8,0.918,6,2,0,2,0
payoutStart:-20,steadfast,greedy,24,won,49,49,,0,0,0,archmage:conquered:25 goblin:conquered:33 orc:conquered:41 dwarf:conquered:49,3,26,25,0,2,0,68,0,19589,17837.7,16965.8,0.88,6,2,0,4,0
payoutStart:-20,steadfast,greedy,25,won,56,56,,0,0,0,archmage:conquered:31 goblin:conquered:39 orc:conquered:48 dwarf:conquered:56,4,27,25,0,2,0,74,5,18384.3,16763.9,16965.8,0.86,6,2,0,4,0
payoutStart:-20,steadfast,greedy,26,won,68,68,,0,0,0,archmage:conquered:44 goblin:conquered:52 orc:conquered:60 dwarf:conquered:68,4,36,32,0,2,0,88,3,17460.5,16317.6,16965.8,0.866,8,1,0,6,0
payoutStart:-20,steadfast,greedy,27,won,46,46,,0,0,0,archmage:conquered:21 orc:conquered:30 goblin:conquered:38 dwarf:conquered:46,2,22,20,0,2,0,77,6,17794.8,16239.5,16186.2,0.877,5,1,0,4,0
payoutStart:-20,steadfast,greedy,28,won,58,58,,0,0,0,archmage:conquered:34 orc:conquered:42 goblin:conquered:50 dwarf:conquered:58,3,29,27,0,2,0,73,2,18548,17040.9,16965.8,0.883,8,2,0,4,0
payoutStart:-20,steadfast,greedy,29,won,62,62,,0,0,0,archmage:conquered:38 goblin:conquered:46 orc:conquered:54 dwarf:conquered:62,4,31,27,0,2,0,86,5,18434.2,17034.9,16965.8,0.902,8,1,0,5,0
payoutStart:-20,steadfast,greedy,30,won,51,51,,0,0,0,archmage:conquered:26 orc:conquered:35 goblin:conquered:43 dwarf:conquered:51,3,23,22,0,2,0,72,4,20247.9,18436.7,16965.8,0.928,7,2,0,4,0
payoutStart:+10,committed,greedy,1,active,71,,,1,0,0,goblin:conquered:43 archmage:conquered:66,1,31,26,1,2,0,92,7,13367.7,12834.1,16604,0.782,6,10,5,19,0
payoutStart:+10,committed,greedy,2,won,70,70,,1,0,0,archmage:conquered:42 goblin:conquered:54 orc:conquered:62 dwarf:conquered:70,2,31,26,0,2,0,85,9,13278,12702.4,16604,0.764,6,3,4,8,0
payoutStart:+10,committed,greedy,3,active,71,,,0,0,0,archmage:conquered:71,7,37,26,1,2,0,131,1,15152.5,14570.1,16604,0.856,7,1,0,28,0
payoutStart:+10,committed,greedy,4,won,69,69,,0,0,0,archmage:conquered:40 orc:conquered:53 goblin:conquered:61 dwarf:conquered:69,3,28,22,1,2,0,94,12,13634.3,13051.3,16604,0.773,6,1,2,9,0
payoutStart:+10,committed,greedy,5,active,71,,,0,0,0,archmage:conquered:36,3,23,19,0,2,0,84,5,15192.9,14275.8,16604,0.822,7,1,0,6,0
payoutStart:+10,committed,greedy,6,won,69,69,,0,0,0,archmage:conquered:41 dwarf:conquered:53 orc:conquered:61 goblin:conquered:69,2,33,26,0,3,1,97,9,13842.1,13253.1,16604,0.802,6,2,0,11,0
payoutStart:+10,committed,greedy,7,won,53,53,,0,0,0,goblin:conquered:27 orc:conquered:37 archmage:conquered:45 dwarf:conquered:53,2,27,23,0,2,0,90,11,15814.5,14706.5,16604,0.827,5,2,0,3,0
payoutStart:+10,committed,greedy,8,won,63,63,,0,0,0,goblin:conquered:37 archmage:conquered:47 orc:conquered:55 dwarf:conquered:63,2,33,28,0,2,0,87,3,15248.8,14393.5,16604,0.818,5,1,1,8,0
payoutStart:+10,committed,greedy,9,active,71,,,0,0,0,goblin:conquered:42 archmage:conquered:63,1,32,27,0,4,2,94,9,13611.4,12997.6,16604,0.762,6,2,3,17,0
payoutStart:+10,committed,greedy,10,active,71,,,0,0,0,,7,25,12,0,2,0,88,0,14284.3,13823.6,16604,0.824,6,2,0,37,0
payoutStart:+10,committed,greedy,11,won,62,62,,0,0,0,goblin:conquered:38 archmage:conquered:46 orc:conquered:54 dwarf:conquered:62,2,28,24,0,2,0,86,12,14766.1,13758.9,16604,0.792,5,1,0,4,0
payoutStart:+10,committed,greedy,12,won,51,51,,0,0,0,archmage:conquered:26 orc:conquered:35 goblin:conquered:43 dwarf:conquered:51,2,23,21,0,2,0,81,14,16715.1,15376.5,16604,0.844,4,2,0,4,0
payoutStart:+10,committed,greedy,13,active,71,,,0,0,0,,8,26,13,1,2,0,108,4,14584.6,14110.4,16604,0.827,6,11,0,38,0
payoutStart:+10,committed,greedy,14,won,58,58,,0,0,0,goblin:conquered:33 orc:conquered:42 archmage:conquered:50 dwarf:conquered:58,1,21,17,0,2,0,82,7,14618.1,13650.7,16604,0.783,5,1,0,6,0
payoutStart:+10,committed,greedy,15,active,71,,,0,0,0,,7,26,5,3,3,1,141,7,13278.3,12893.8,16604,0.797,6,2,0,37,0
payoutStart:+10,committed,greedy,16,active,71,,,0,0,0,goblin:conquered:42 archmage:conquered:55 orc:conquered:63,3,35,28,0,2,0,83,5,14192.1,13551.8,16604,0.81,6,2,2,10,0
payoutStart:+10,committed,greedy,17,active,71,,,0,0,0,,8,27,13,2,2,0,130,11,13451.6,12947.1,16604,0.805,7,1,0,35,0
payoutStart:+10,committed,greedy,18,active,71,,,0,0,0,,7,26,13,0,2,0,83,5,14146.8,13723.5,16604,0.817,6,2,0,36,0
payoutStart:+10,committed,greedy,19,active,71,,,0,0,0,,8,27,12,0,2,0,96,3,14264.5,13753.7,16604,0.788,6,3,0,43,0
payoutStart:+10,committed,greedy,20,active,71,,,0,0,0,archmage:conquered:58,5,35,22,0,3,1,139,8,13135.7,12747.4,16604,0.789,6,2,0,27,0
payoutStart:+10,committed,greedy,21,active,71,,,0,0,0,,7,22,6,1,2,0,80,4,13668.4,13245.4,16604,0.81,6,1,0,35,0
payoutStart:+10,committed,greedy,22,active,71,,,0,0,0,,7,26,9,1,3,1,118,7,13699.4,13304.4,16604,0.8,6,2,0,25,0
payoutStart:+10,committed,greedy,23,active,71,,,0,0,0,,7,25,1,0,2,0,109,1,14260.7,13843.7,16604,0.819,6,2,0,35,0
payoutStart:+10,committed,greedy,24,won,62,62,,0,0,0,archmage:conquered:36 orc:conquered:46 goblin:conquered:54 dwarf:conquered:62,2,26,21,0,2,0,86,6,14531.1,13775,16604,0.804,5,2,0,7,0
payoutStart:+10,committed,greedy,25,active,71,,,0,0,0,,7,28,15,0,2,0,104,6,13304,12914.1,16604,0.793,6,3,0,36,0
payoutStart:+10,committed,greedy,26,active,71,,,0,0,0,,4,24,10,0,2,0,108,2,13885.6,13331.5,16604,0.773,6,1,0,35,0
payoutStart:+10,committed,greedy,27,won,59,59,,0,0,0,goblin:conquered:35 archmage:conquered:43 orc:conquered:51 dwarf:conquered:59,2,25,20,0,2,0,90,6,14841.8,13929.1,16604,0.813,5,1,0,13,0
payoutStart:+10,committed,greedy,28,active,71,,,0,0,0,orc:conquered:64,4,41,36,2,2,0,97,9,13460.5,12942.3,16604,0.787,6,2,2,20,0
payoutStart:+10,committed,greedy,29,won,64,64,,0,0,0,archmage:conquered:40 goblin:conquered:48 orc:conquered:56 dwarf:conquered:64,3,29,26,0,2,0,84,5,15301.9,14245.2,16604,0.805,5,1,0,5,0
payoutStart:+10,committed,greedy,30,active,71,,,0,0,0,goblin:conquered:45 archmage:conquered:62 orc:conquered:70,4,35,27,0,2,0,107,6,14015.3,13458.2,16604,0.841,7,2,0,22,0
payoutStart:+10,steadfast,greedy,1,won,68,68,,0,0,0,archmage:conquered:44 orc:conquered:52 goblin:conquered:60 dwarf:conquered:68,5,34,30,0,2,0,88,4,16702.5,15659.7,16604,0.874,8,10,0,3,0
payoutStart:+10,steadfast,greedy,2,won,66,66,,0,0,0,archmage:conquered:42 orc:conquered:50 goblin:conquered:58 dwarf:conquered:66,4,32,26,0,2,0,84,3,17398.1,16233.3,16604,0.872,8,2,0,7,0
payoutStart:+10,steadfast,greedy,3,won,54,54,,0,0,0,archmage:conquered:30 goblin:conquered:38 orc:conquered:46 dwarf:conquered:54,4,27,25,0,2,0,73,5,20585.4,18697,16604,0.931,7,1,0,4,0
payoutStart:+10,steadfast,greedy,4,won,61,61,,0,0,0,archmage:conquered:37 goblin:conquered:45 orc:conquered:53 dwarf:conquered:61,4,28,25,0,2,0,76,1,17246.6,15973.2,16604,0.84,7,1,0,2,0
payoutStart:+10,steadfast,greedy,5,won,58,58,,0,0,0,orc:conquered:34 goblin:conquered:42 archmage:conquered:50 dwarf:conquered:58,4,22,19,0,2,0,76,2,18401.7,17033.2,16604,0.883,7,1,0,5,0
payoutStart:+10,steadfast,greedy,6,won,55,55,,0,0,0,archmage:conquered:31 orc:conquered:39 goblin:conquered:47 dwarf:conquered:55,4,27,25,0,3,1,75,2,19301.8,17563.9,16604,0.878,7,2,0,4,0
payoutStart:+10,steadfast,greedy,7,won,47,47,,0,0,0,goblin:conquered:21 archmage:conquered:30 orc:conquered:39 dwarf:conquered:47,2,23,22,0,2,0,73,5,19499.6,17771.2,16220.4,0.912,5,2,0,4,0
payoutStart:+10,steadfast,greedy,8,won,51,51,,0,0,0,archmage:conquered:25 goblin:conquered:35 orc:conquered:43 dwarf:conquered:51,2,26,23,0,2,0,72,2,19768.5,18061,16604,0.903,6,1,0,3,0
payoutStart:+10,steadfast,greedy,9,won,49,49,,0,0,0,goblin:conquered:23 archmage:conquered:33 orc:conquered:41 dwarf:conquered:49,2,22,20,0,3,1,84,7,17999.5,16536.4,16604,0.859,6,2,0,3,0
payoutStart:+10,steadfast,greedy,10,active,71,,,0,0,0,orc:conquered:27,3,18,17,0,2,0,75,7,20023.4,18243.5,16604,0.907,9,2,0,4,0
payoutStart:+10,steadfast,greedy,11,won,61,61,,0,0,0,archmage:conquered:36 orc:conquered:45 goblin:conquered:53 dwarf:conquered:61,4,28,26,0,2,0,82,5,18863.3,17421.2,16604,0.875,7,1,0,5,0
payoutStart:+10,steadfast,greedy,12,won,46,46,,0,0,0,archmage:conquered:21 orc:conquered:30 goblin:conquered:38 dwarf:conquered:46,2,22,20,0,2,0,79,5,18817.7,17161,15836.8,0.914,5,2,0,4,0
payoutStart:+10,steadfast,greedy,13,won,57,57,,0,0,0,archmage:conquered:33 goblin:conquered:41 orc:conquered:49 dwarf:conquered:57,4,28,26,0,2,0,80,4,19467.5,17883,16604,0.915,7,11,0,4,0
payoutStart:+10,steadfast,greedy,14,won,48,48,,0,0,0,goblin:conquered:24 archmage:conquered:32 orc:conquered:40 dwarf:conquered:48,2,20,19,0,2,0,73,5,18548.5,16912.4,16604,0.872,6,1,0,4,0
payoutStart:+10,steadfast,greedy,15,won,57,57,,0,0,0,goblin:conquered:33 archmage:conquered:41 orc:conquered:49 dwarf:conquered:57,5,27,25,0,3,1,75,8,19118,17465.2,16604,0.869,7,2,0,5,0
payoutStart:+10,steadfast,greedy,16,won,60,60,,0,0,0,archmage:conquered:36 orc:conquered:44 goblin:conquered:52 dwarf:conquered:60,4,27,24,0,2,0,78,4,18849.2,17375.5,16604,0.896,7,2,0,6,0
payoutStart:+10,steadfast,greedy,17,won,46,46,,0,0,0,goblin:conquered:21 archmage:conquered:30 orc:conquered:38 dwarf:conquered:46,2,21,20,0,2,0,71,3,17620.5,16104.3,15836.8,0.88,5,1,0,3,0
payoutStart:+10,steadfast,greedy,18,won,51,51,,0,0,0,archmage:conquered:27 orc:conquered:35 goblin:conquered:43 dwarf:conquered:51,3,26,23,0,2,0,74,6,19852.3,18035.8,16604,0.901,6,2,0,4,0
payoutStart:+10,steadfast,greedy,19,won,49,49,,0,0,0,archmage:conquered:23 orc:conquered:33 goblin:conquered:41 dwarf:conquered:49,2,24,22,0,2,0,70,1,20162.7,18310.3,16604,0.909,6,3,0,4,0
payoutStart:+10,steadfast,greedy,20,won,48,48,,0,0,0,goblin:conquered:24 archmage:conquered:32 orc:conquered:40 dwarf:conquered:48,4,23,21,0,2,0,70,2,19137.7,17450,16604,0.88,5,1,0,3,0
payoutStart:+10,steadfast,greedy,21,won,48,48,,0,0,0,goblin:conquered:23 archmage:conquered:32 orc:conquered:40 dwarf:conquered:48,3,24,23,0,2,0,71,4,19453.1,17682.8,16604,0.906,6,1,0,4,0
payoutStart:+10,steadfast,greedy,22,won,48,48,,0,0,0,goblin:conquered:23 archmage:conquered:32 orc:conquered:40 dwarf:conquered:48,3,24,23,0,2,0,74,6,19567.6,17766.1,16604,0.903,6,2,0,3,0
payoutStart:+10,steadfast,greedy,23,won,47,47,,0,0,0,archmage:conquered:22 orc:conquered:31 goblin:conquered:39 dwarf:conquered:47,2,22,20,0,2,0,72,1,19201.5,17520,16220.4,0.917,6,2,0,3,0
payoutStart:+10,steadfast,greedy,24,won,54,54,,0,0,0,archmage:conquered:30 goblin:conquered:38 orc:conquered:46 dwarf:conquered:54,3,25,24,0,2,0,68,0,19459.9,17721,16604,0.883,6,2,0,4,0
payoutStart:+10,steadfast,greedy,25,won,51,51,,0,0,0,archmage:conquered:27 goblin:conquered:35 orc:conquered:43 dwarf:conquered:51,3,22,21,0,2,0,70,3,18265.6,16656.4,16604,0.86,6,2,0,4,0
payoutStart:+10,steadfast,greedy,26,won,68,68,,0,0,0,archmage:conquered:44 goblin:conquered:52 orc:conquered:60 dwarf:conquered:68,4,36,32,0,2,0,85,2,17387,16248.8,16604,0.866,8,1,0,5,0
payoutStart:+10,steadfast,greedy,27,won,49,49,,0,0,0,archmage:conquered:22 orc:conquered:33 goblin:conquered:41 dwarf:conquered:49,2,22,20,0,2,0,76,5,19258.9,17536.4,16604,0.883,6,1,0,4,0
payoutStart:+10,steadfast,greedy,28,won,58,58,,0,0,0,goblin:conquered:34 archmage:conquered:42 orc:conquered:50 dwarf:conquered:58,3,29,26,0,2,0,74,3,18417.7,16912.8,16604,0.883,8,2,0,4,0
payoutStart:+10,steadfast,greedy,29,won,61,61,,0,0,0,archmage:conquered:37 goblin:conquered:45 orc:conquered:53 dwarf:conquered:61,5,28,25,0,2,0,84,4,18335.6,16944.8,16604,0.902,8,1,0,5,0
payoutStart:+10,steadfast,greedy,30,won,46,46,,0,0,0,archmage:conquered:20 orc:conquered:30 goblin:conquered:38 dwarf:conquered:46,2,21,19,0,2,0,74,3,19315.4,17592.5,15836.8,0.928,5,2,0,5,0
payoutStart:+20,committed,greedy,1,active,71,,,0,0,0,,4,13,7,1,2,0,111,2,13095.3,12591.5,16444.9,0.782,6,10,2,36,0
payoutStart:+20,committed,greedy,2,won,70,70,,1,0,0,archmage:conquered:42 goblin:conquered:54 orc:conquered:62 dwarf:conquered:70,2,31,25,0,2,0,86,10,13221.2,12649.1,16444.9,0.764,6,3,4,8,0
payoutStart:+20,committed,greedy,3,active,71,,,0,0,0,goblin:conquered:44 archmage:conquered:55 orc:conquered:64,4,34,24,3,2,0,98,0,14970.6,14333.8,16444.9,0.856,7,1,0,14,0
payoutStart:+20,committed,greedy,4,active,71,,,0,0,0,archmage:conquered:40 orc:conquered:61 goblin:conquered:69,2,29,23,1,2,0,89,6,13533.1,12997.6,16444.9,0.776,6,1,1,16,0
payoutStart:+20,committed,greedy,5,active,71,,,0,0,0,archmage:conquered:36,3,23,19,0,2,0,83,5,15123.7,14211.8,16444.9,0.822,7,1,0,6,0
payoutStart:+20,committed,greedy,6,active,71,,,0,0,0,archmage:conquered:41 orc:conquered:55 goblin:conquered:63,2,32,25,0,3,1,94,10,13777.4,13183,16444.9,0.804,6,2,0,10,0
payoutStart:+20,committed,greedy,7,won,53,53,,0,0,0,goblin:conquered:27 orc:conquered:37 archmage:conquered:45 dwarf:conquered:53,2,27,24,0,2,0,89,10,15722.4,14622.8,16444.9,0.827,5,2,0,3,0
payoutStart:+20,committed,greedy,8,won,61,61,,0,0,0,archmage:conquered:35 goblin:conquered:45 orc:conquered:53 dwarf:conquered:61,3,28,23,0,2,0,87,5,15181.4,14331.4,16444.9,0.819,5,1,0,10,0
payoutStart:+20,committed,greedy,9,active,71,,,0,0,0,goblin:conquered:41 archmage:conquered:63,2,35,30,0,4,2,94,9,13507.2,12944.6,16444.9,0.762,6,2,2,18,0
payoutStart:+20,committed,greedy,10,active,71,,,0,0,0,,8,17,10,1,2,0,94,0,14212.3,13775.5,16444.9,0.824,6,2,0,37,0
payoutStart:+20,committed,greedy,11,won,62,62,,0,0,0,goblin:conquered:38 archmage:conquered:46 orc:conquered:54 dwarf:conquered:62,2,27,23,0,2,0,86,12,14689.6,13688.9,16444.9,0.792,5,1,0,4,0
payoutStart:+20,committed,greedy,12,won,52,52,,0,0,0,archmage:conquered:26 orc:conquered:36 goblin:conquered:44 dwarf:conquered:52,2,23,21,0,2,0,81,14,16623.1,15292.9,16444.9,0.844,4,2,0,4,0
payoutStart:+20,committed,greedy,13,active,71,,,0,0,0,,8,26,13,1,2,0,107,2,14534.3,14061.9,16444.9,0.827,6,11,0,38,0
payoutStart:+20,committed,greedy,14,active,71,,,0,0,0,archmage:conquered:38,2,21,17,0,2,0,80,5,14540.7,13589.1,16444.9,0.777,6,1,0,6,0
payoutStart:+20,committed,greedy,15,active,71,,,1,0,0,,7,21,8,2,3,1,121,11,13259.2,12823.4,16444.9,0.797,6,2,4,37,0
payoutStart:+20,committed,greedy,16,won,70,70,,0,0,0,goblin:conquered:44 archmage:conquered:54 orc:conquered:62 dwarf:conquered:70,4,33,25,1,2,0,84,5,14128.4,13500,16444.9,0.809,6,2,1,12,0
payoutStart:+20,committed,greedy,17,active,71,,,0,0,0,goblin:conquered:41 archmage:conquered:56 orc:conquered:64,4,32,24,0,2,0,95,7,13424.5,12834.2,16444.9,0.805,7,1,1,13,0
payoutStart:+20,committed,greedy,18,active,71,,,0,0,0,,8,29,17,0,2,0,82,3,14091.8,13670.3,16444.9,0.817,6,2,0,36,0
payoutStart:+20,committed,greedy,19,active,71,,,0,0,0,,7,26,12,0,2,0,112,2,14192.3,13684.6,16444.9,0.788,6,3,0,43,0
payoutStart:+20,committed,greedy,20,active,71,,,0,0,0,,7,30,13,1,3,1,116,7,13083,12696.8,16444.9,0.789,6,2,0,35,0
payoutStart:+20,committed,greedy,21,active,71,,,0,0,0,,7,25,9,1,2,0,91,9,13575.2,13187.8,16444.9,0.81,6,1,0,34,0
payoutStart:+20,committed,greedy,22,active,71,,,0,0,0,,8,27,12,2,3,1,92,6,13677.2,13249.6,16444.9,0.8,6,2,0,34,0
payoutStart:+20,committed,greedy,23,active,71,,,0,0,0,,7,26,5,0,2,0,108,1,14211,13795.6,16444.9,0.819,6,2,0,35,0
payoutStart:+20,committed,greedy,24,active,71,,,0,0,0,dwarf:conquered:35 orc:conquered:44,3,22,17,0,2,0,89,11,14520.6,13718.1,16444.9,0.805,6,2,0,5,0
payoutStart:+20,committed,greedy,25,active,71,,,0,0,0,,7,29,16,0,2,0,102,7,13243.5,12855.4,16444.9,0.793,6,3,0,36,0
payoutStart:+20,committed,greedy,26,active,71,,,0,0,0,,4,25,15,0,2,0,104,2,13834,13282.3,16444.9,0.773,6,1,0,35,0
payoutStart:+20,committed,greedy,27,won,62,62,,0,0,0,archmage:conquered:36 goblin:conquered:45 orc:conquered:54 dwarf:conquered:62,1,25,21,0,2,0,88,10,14793,13862.6,16444.9,0.816,5,1,0,8,0
payoutStart:+20,committed,greedy,28,active,71,,,0,0,0,orc:conquered:64,4,39,34,2,2,0,96,9,13409.5,12893.9,16444.9,0.787,6,2,2,20,0
payoutStart:+20,committed,greedy,29,won,63,63,,0,0,0,goblin:conquered:39 archmage:conquered:47 orc:conquered:55 dwarf:conquered:63,2,29,26,0,2,0,83,4,15218.4,14168.8,16444.9,0.804,5,1,0,5,0
payoutStart:+20,committed,greedy,30,active,71,,,0,0,0,goblin:conquered:45 archmage:conquered:62 orc:conquered:70,4,35,27,0,2,0,106,6,13963.4,13408.7,16444.9,0.841,7,2,1,22,0
payoutStart:+20,steadfast,greedy,1,won,65,65,,0,0,0,archmage:conquered:41 orc:conquered:49 goblin:conquered:57 dwarf:conquered:65,3,31,27,0,2,0,85,0,16282.9,15300.9,16444.9,0.878,8,10,0,4,0
payoutStart:+20,steadfast,greedy,2,won,62,62,,0,0,0,archmage:conquered:38 goblin:conquered:46 orc:conquered:54 dwarf:conquered:62,3,29,24,0,2,0,83,3,17408.4,16195.5,16444.9,0.866,7,2,0,8,0
payoutStart:+20,steadfast,greedy,3,won,54,54,,0,0,0,archmage:conquered:30 goblin:conquered:38 orc:conquered:46 dwarf:conquered:54,4,27,25,0,2,0,73,5,20540.5,18656.2,16444.9,0.931,7,1,0,4,0
payoutStart:+20,steadfast,greedy,4,won,63,63,,0,0,0,archmage:conquered:38 orc:conquered:47 goblin:conquered:55 dwarf:conquered:63,4,28,25,0,2,0,79,2,17189.1,15928.2,16444.9,0.843,7,1,0,4,0
payoutStart:+20,steadfast,greedy,5,won,58,58,,0,0,0,orc:conquered:34 goblin:conquered:42 archmage:conquered:50 dwarf:conquered:58,4,22,19,0,2,0,75,2,18361.8,16996.5,16444.9,0.883,7,1,0,5,0
payoutStart:+20,steadfast,greedy,6,won,50,50,,0,0,0,goblin:conquered:25 archmage:conquered:34 orc:conquered:42 dwarf:conquered:50,2,26,24,0,3,1,75,2,19228.8,17497.8,16444.9,0.873,7,2,0,5,0
payoutStart:+20,steadfast,greedy,7,won,47,47,,0,0,0,goblin:conquered:21 archmage:conquered:30 orc:conquered:39 dwarf:conquered:47,2,23,22,0,2,0,73,5,19445.1,17721.9,16064,0.912,5,2,0,4,0
payoutStart:+20,steadfast,greedy,8,won,58,58,,0,0,0,archmage:conquered:34 goblin:conquered:42 orc:conquered:50 dwarf:conquered:58,5,30,28,0,2,0,68,0,19317.1,17690.3,16444.9,0.898,7,1,0,4,0
payoutStart:+20,steadfast,greedy,9,won,51,51,,0,0,0,goblin:conquered:23 archmage:conquered:35 orc:conquered:43 dwarf:conquered:51,2,25,22,0,3,1,86,7,17925.5,16480.3,16444.9,0.859,6,2,0,4,0
payoutStart:+20,steadfast,greedy,10,won,51,51,,0,0,0,archmage:conquered:26 orc:conquered:35 goblin:conquered:43 dwarf:conquered:51,4,24,22,0,2,0,74,6,19985.5,18201.1,16444.9,0.9,7,2,0,4,0
payoutStart:+20,steadfast,greedy,11,won,62,62,,0,0,0,archmage:conquered:38 goblin:conquered:46 orc:conquered:54 dwarf:conquered:62,4,31,29,0,2,0,82,4,18846.6,17382.9,16444.9,0.876,7,1,0,5,0
payoutStart:+20,steadfast,greedy,12,won,46,46,,0,0,0,archmage:conquered:21 orc:conquered:30 goblin:conquered:38 dwarf:conquered:46,2,22,20,0,2,0,79,5,18774.4,17121.8,15683.1,0.914,5,2,0,4,0
payoutStart:+20,steadfast,greedy,13,won,50,50,,0,0,0,archmage:conquered:26 orc:conquered:34 goblin:conquered:42 dwarf:conquered:50,3,23,21,0,2,0,80,4,19424.1,17843.4,16444.9,0.919,6,11,0,4,0
payoutStart:+20,steadfast,greedy,14,won,49,49,,0,0,0,orc:conquered:25 goblin:conquered:33 archmage:conquered:41 dwarf:conquered:49,2,19,18,0,2,0,73,5,18623,16975,16444.9,0.87,6,1,0,4,0
payoutStart:+20,steadfast,greedy,15,won,48,48,,0,0,0,archmage:conquered:23 orc:conquered:32 goblin:conquered:40 dwarf:conquered:48,2,21,19,0,3,1,73,5,18805.2,17191.5,16444.9,0.889,6,2,0,5,0
payoutStart:+20,steadfast,greedy,16,won,60,60,,0,0,0,archmage:conquered:36 goblin:conquered:44 orc:conquered:52 dwarf:conquered:60,4,25,22,0,2,0,77,3,18836.6,17331.7,16444.9,0.896,7,2,0,5,0
payoutStart:+20,steadfast,greedy,17,won,46,46,,0,0,0,goblin:conquered:21 archmage:conquered:30 orc:conquered:38 dwarf:conquered:46,2,21,20,0,2,0,71,3,17563.2,16052.7,15683.1,0.88,5,1,0,3,0
payoutStart:+20,steadfast,greedy,18,won,51,51,,0,0,0,archmage:conquered:27 goblin:conquered:35 orc:conquered:43 dwarf:conquered:51,3,27,24,0,2,0,74,6,19797.5,17986.4,16444.9,0.901,6,2,0,4,0
payoutStart:+20,steadfast,greedy,19,won,51,51,,0,0,0,archmage:conquered:27 goblin:conquered:35 orc:conquered:43 dwarf:conquered:51,3,25,24,0,2,0,69,1,20113.9,18266.3,16444.9,0.907,6,3,0,5,0
payoutStart:+20,steadfast,greedy,20,won,48,48,,0,0,0,archmage:conquered:23 goblin:conquered:32 orc:conquered:40 dwarf:conquered:48,4,24,22,0,2,0,71,3,19079,17397,16444.9,0.88,5,1,0,3,0
payoutStart:+20,steadfast,greedy,21,won,46,46,,0,0,0,goblin:conquered:22 archmage:conquered:30 orc:conquered:38 dwarf:conquered:46,3,22,20,0,2,0,72,4,19023.2,17307.4,15683.1,0.915,6,1,0,4,0
payoutStart:+20,steadfast,greedy,22,won,48,48,,0,0,0,goblin:conquered:23 archmage:conquered:32 orc:conquered:40 dwarf:conquered:48,3,24,23,0,2,0,74,6,19512.2,17716.2,16444.9,0.903,6,2,0,4,0
payoutStart:+20,steadfast,greedy,23,won,46,46,,0,0,0,archmage:conquered:22 goblin:conquered:30 orc:conquered:38 dwarf:conquered:46,2,21,19,0,2,0,71,1,18780,17151.9,15683.1,0.916,6,2,0,2,0
payoutStart:+20,steadfast,greedy,24,won,54,54,,0,0,0,archmage:conquered:30 goblin:conquered:38 orc:conquered:46 dwarf:conquered:54,3,25,24,0,2,0,68,0,19403.7,17670.4,16444.9,0.883,6,2,0,3,0
payoutStart:+20,steadfast,greedy,25,won,50,50,,0,0,0,archmage:conquered:26 goblin:conquered:34 orc:conquered:42 dwarf:conquered:50,3,24,22,0,2,0,73,4,18213.9,16609.8,16444.9,0.858,6,2,0,4,0
payoutStart:+20,steadfast,greedy,26,won,69,69,,0,0,0,archmage:conquered:45 goblin:conquered:53 orc:conquered:61 dwarf:conquered:69,4,37,33,0,2,0,85,2,17358.8,16222.7,16444.9,0.868,8,1,0,5,0
payoutStart:+20,steadfast,greedy,27,won,46,46,,0,0,0,archmage:conquered:22 orc:conquered:30 goblin:conquered:38 dwarf:conquered:46,2,20,19,0,2,0,70,2,17604.3,16076.7,15683.1,0.877,5,1,0,4,0
payoutStart:+20,steadfast,greedy,28,won,59,59,,0,0,0,archmage:conquered:35 goblin:conquered:43 orc:conquered:51 dwarf:conquered:59,3,30,27,0,2,0,73,2,18357.6,16858.2,16444.9,0.882,8,2,0,4,0
payoutStart:+20,steadfast,greedy,29,won,61,61,,0,0,0,archmage:conquered:37 goblin:conquered:45 orc:conquered:53 dwarf:conquered:61,5,28,25,0,2,0,83,4,18293.7,16906.4,16444.9,0.902,8,1,0,5,0
payoutStart:+20,steadfast,greedy,30,won,49,49,,0,0,0,goblin:conquered:24 archmage:conquered:33 orc:conquered:41 dwarf:conquered:49,3,25,23,0,2,0,76,4,20102.7,18288,16444.9,0.928,7,2,0,5,0
rivalStart:-10,committed,greedy,1,active,71,,,1,0,0,,5,24,19,1,2,0,94,7,13423.4,12887,16741.3,0.782,6,10,5,19,0
rivalStart:-10,committed,greedy,2,active,71,,,1,0,0,archmage:conquered:43 orc:conquered:60 goblin:conquered:68,2,29,24,0,2,0,85,1,13299.3,12751.3,16741.3,0.766,6,3,4,18,0
rivalStart:-10,committed,greedy,3,active,71,,,0,0,0,goblin:conquered:46 archmage:conquered:56 orc:conquered:64,4,36,26,3,2,0,105,1,15246.8,14611.9,16741.3,0.856,7,1,0,15,0
rivalStart:-10,committed,greedy,4,won,65,65,,0,0,0,archmage:conquered:40 goblin:conquered:48 orc:conquered:57 dwarf:conquered:65,2,24,18,1,2,0,83,6,13640.4,13099,16741.3,0.767,6,1,1,16,0
rivalStart:-10,committed,greedy,5,won,61,61,,0,0,0,archmage:conquered:35 orc:conquered:45 dwarf:conquered:53 goblin:conquered:61,2,26,22,0,2,0,83,4,15205.7,14332.6,16741.3,0.814,5,1,0,7,0
rivalStart:-10,committed,greedy,6,active,71,,,0,0,0,,6,25,12,0,3,1,86,5,13576.9,13130.6,16741.3,0.804,6,2,1,37,0
rivalStart:-10,committed,greedy,7,won,59,59,,0,0,0,goblin:conquered:35 archmage:conquered:43 orc:conquered:51 dwarf:conquered:59,3,28,24,0,2,0,89,12,15893.7,14778.3,16741.3,0.826,5,2,0,3,0
rivalStart:-10,committed,greedy,8,won,60,60,,0,0,0,goblin:conquered:35 archmage:conquered:43 orc:conquered:52 dwarf:conquered:60,2,24,19,0,2,0,89,6,15320.1,14446.4,16741.3,0.818,5,1,0,13,0
rivalStart:-10,committed,greedy,9,active,71,,,0,0,0,goblin:conquered:41 archmage:conquered:63,1,31,26,0,4,2,97,11,13706.1,13045.6,16741.3,0.762,6,2,3,18,0
rivalStart:-10,committed,greedy,10,active,71,,,0,0,0,,8,16,8,1,2,0,95,0,14305.6,13865.8,16741.3,0.824,6,2,0,37,0
rivalStart:-10,committed,greedy,11,won,62,62,,0,0,0,goblin:conquered:38 archmage:conquered:46 orc:conquered:54 dwarf:conquered:62,2,27,23,0,2,0,80,6,15151.2,14095.9,16741.3,0.792,5,1,0,4,0
rivalStart:-10,committed,greedy,12,won,51,51,,0,0,0,archmage:conquered:26 orc:conquered:35 goblin:conquered:43 dwarf:conquered:51,2,23,21,0,2,0,81,14,16794.8,15448.9,16741.3,0.844,4,2,0,4,0
rivalStart:-10,committed,greedy,13,active,71,,,0,0,0,,7,26,10,1,2,0,104,2,14628.1,14152.4,16741.3,0.827,6,11,0,38,0
rivalStart:-10,committed,greedy,14,active,71,,,0,0,0,archmage:conquered:38,2,21,16,0,2,0,81,5,14668.7,13707.1,16741.3,0.777,6,1,0,6,0
rivalStart:-10,committed,greedy,15,active,71,,,0,0,0,goblin:conquered:40 archmage:conquered:62 orc:conquered:70,2,32,26,1,3,1,101,10,13520,13028.7,16741.3,0.797,6,2,1,22,0
rivalStart:-10,committed,greedy,16,active,71,,,0,0,0,,7,27,10,0,2,0,118,4,14071.5,13611.7,16741.3,0.81,6,2,0,37,0
rivalStart:-10,committed,greedy,17,active,71,,,0,0,0,orc:conquered:61,7,31,16,2,2,0,131,10,13401.7,13003.5,16741.3,0.805,7,1,0,32,0
rivalStart:-10,committed,greedy,18,active,71,,,0,0,0,,7,28,14,0,2,0,80,3,14194.6,13769.5,16741.3,0.817,6,2,1,36,0
rivalStart:-10,committed,greedy,19,active,71,,,0,0,0,,8,28,13,0,2,0,81,2,14315,13813,16741.3,0.788,6,3,0,43,0
rivalStart:-10,committed,greedy,20,active,71,,,0,0,0,archmage:conquered:56 goblin:conquered:70,5,39,22,1,3,1,160,10,13210.4,12793.4,16741.3,0.789,6,2,0,29,0
rivalStart:-10,committed,greedy,21,active,71,,,0,0,0,,6,26,10,2,2,0,107,4,13687.7,13296.2,16741.3,0.81,6,1,2,35,0
rivalStart:-10,committed,greedy,22,active,71,,,0,0,0,,7,24,10,2,3,1,117,7,13860.4,13349.9,16741.3,0.8,6,2,0,34,0
rivalStart:-10,committed,greedy,23,won,70,70,,0,0,0,archmage:conquered:42 dwarf:conquered:53 goblin:conquered:61 orc:conquered:70,3,35,28,0,2,0,88,9,14693.4,14082.8,16741.3,0.82,6,2,0,8,0
rivalStart:-10,committed,greedy,24,won,63,63,,0,0,0,archmage:conquered:38 orc:conquered:47 dwarf:conquered:55 goblin:conquered:63,2,26,21,0,2,0,85,3,14633.1,13822.6,16741.3,0.802,5,2,0,7,0
rivalStart:-10,committed,greedy,25,active,71,,,0,0,0,,6,27,4,0,2,0,117,6,13356.9,12964.5,16741.3,0.793,6,3,0,33,0
rivalStart:-10,committed,greedy,26,active,71,,,0,0,0,,4,22,9,0,2,0,112,2,13930.3,13374.1,16741.3,0.773,6,1,0,35,0
rivalStart:-10,committed,greedy,27,won,62,62,,0,0,0,archmage:conquered:36 goblin:conquered:45 orc:conquered:54 dwarf:conquered:62,1,25,21,0,2,0,88,10,14925.9,13985.2,16741.3,0.816,5,1,0,9,0
rivalStart:-10,committed,greedy,28,active,71,,,0,0,0,orc:conquered:64,4,39,34,2,2,0,98,9,13504.8,12984.3,16741.3,0.787,6,2,2,20,0
rivalStart:-10,committed,greedy,29,won,70,70,,0,0,0,archmage:conquered:45 goblin:conquered:54 orc:conquered:62 dwarf:conquered:70,4,33,30,0,2,0,82,5,14940,13966.3,16741.3,0.81,6,1,0,5,0
rivalStart:-10,committed,greedy,30,active,71,,,0,0,0,goblin:conquered:41 archmage:conquered:61 orc:conquered:70,3,39,32,0,2,0,111,11,14547.6,13876.9,16741.3,0.841,7,2,2,20,0
rivalStart:-10,steadfast,greedy,1,won,68,68,,0,0,0,archmage:conquered:44 orc:conquered:52 goblin:conquered:60 dwarf:conquered:68,5,34,30,0,2,0,88,4,16741.3,15695.7,16741.3,0.874,8,10,0,4,0
rivalStart:-10,steadfast,greedy,2,won,66,66,,0,0,0,archmage:conquered:42 goblin:conquered:50 orc:conquered:58 dwarf:conquered:66,5,33,28,0,2,0,82,3,17433.3,16265.6,16741.3,0.872,8,2,0,7,0
rivalStart:-10,steadfast,greedy,3,won,54,54,,0,0,0,archmage:conquered:30 goblin:conquered:38 orc:conquered:46 dwarf:conquered:54,4,27,25,0,2,0,73,5,20624.1,18732.2,16741.3,0.931,7,1,0,4,0
rivalStart:-10,steadfast,greedy,4,won,63,63,,0,0,0,archmage:conquered:38 orc:conquered:47 goblin:conquered:55 dwarf:conquered:63,5,30,26,0,2,0,76,0,17279.6,16010.6,16741.3,0.843,7,1,0,3,0
rivalStart:-10,steadfast,greedy,5,won,61,61,,0,0,0,archmage:conquered:37 goblin:conquered:45 orc:conquered:53 dwarf:conquered:61,4,31,27,0,2,0,80,3,18435.8,17064.5,16741.3,0.881,7,1,0,4,0
rivalStart:-10,steadfast,greedy,6,won,48,48,,0,0,0,goblin:conquered:24 archmage:conquered:32 orc:conquered:40 dwarf:conquered:48,2,21,20,0,3,1,70,2,19122.7,17410.6,16741.3,0.87,7,2,0,4,0
rivalStart:-10,steadfast,greedy,7,won,47,47,,0,0,0,goblin:conquered:21 archmage:conquered:30 orc:conquered:39 dwarf:conquered:47,2,23,22,0,2,0,73,5,19547,17814.1,16355.3,0.912,5,2,0,5,0
rivalStart:-10,steadfast,greedy,8,won,51,51,,0,0,0,archmage:conquered:25 orc:conquered:35 goblin:conquered:43 dwarf:conquered:51,2,24,21,0,2,0,72,2,19805,18093.6,16741.3,0.903,6,1,0,3,0
rivalStart:-10,steadfast,greedy,9,won,50,50,,0,0,0,goblin:conquered:23 archmage:conquered:34 orc:conquered:42 dwarf:conquered:50,2,23,20,0,3,1,86,7,18040.1,16584.4,16741.3,0.861,6,2,0,4,0
rivalStart:-10,steadfast,greedy,10,won,50,50,,0,0,0,archmage:conquered:25 orc:conquered:34 goblin:conquered:42 dwarf:conquered:50,3,25,23,0,2,0,73,5,20074.8,18281.5,16741.3,0.9,6,2,0,4,0
rivalStart:-10,steadfast,greedy,11,won,63,63,,0,0,0,archmage:conquered:38 orc:conquered:47 goblin:conquered:55 dwarf:conquered:63,4,31,29,0,2,0,82,4,18899.8,17454.3,16741.3,0.877,8,1,0,5,0
rivalStart:-10,steadfast,greedy,12,won,55,55,,0,0,0,archmage:conquered:30 goblin:conquered:38 orc:conquered:47 dwarf:conquered:55,4,28,27,0,2,0,73,5,20393.7,18539,16741.3,0.917,7,2,0,4,0
rivalStart:-10,steadfast,greedy,13,won,61,61,,0,0,0,archmage:conquered:37 orc:conquered:45 goblin:conquered:53 dwarf:conquered:61,5,31,29,0,2,0,82,5,19462.8,17915.6,16741.3,0.907,7,11,0,4,0
rivalStart:-10,steadfast,greedy,14,won,49,49,,0,0,0,goblin:conquered:25 archmage:conquered:33 orc:conquered:41 dwarf:conquered:49,2,20,18,0,2,0,73,4,18721.2,17064.5,16741.3,0.87,6,1,0,4,0
rivalStart:-10,steadfast,greedy,15,won,48,48,,0,0,0,archmage:conquered:23 goblin:conquered:32 orc:conquered:40 dwarf:conquered:48,2,22,20,0,3,1,74,6,18945.1,17316.4,16741.3,0.889,6,2,0,5,0
rivalStart:-10,steadfast,greedy,16,won,60,60,,0,0,0,archmage:conquered:36 goblin:conquered:44 orc:conquered:52 dwarf:conquered:60,4,25,22,0,2,0,77,3,18928.8,17415.1,16741.3,0.896,7,2,0,5,0
rivalStart:-10,steadfast,greedy,17,won,46,46,,0,0,0,goblin:conquered:22 archmage:conquered:30 orc:conquered:38 dwarf:conquered:46,1,19,17,0,2,0,72,3,17897.5,16362.2,15969.3,0.88,5,1,0,5,0
rivalStart:-10,steadfast,greedy,18,active,71,,,0,0,0,orc:conquered:27,3,17,14,0,2,0,79,8,19854.1,18076.7,16741.3,0.893,8,2,0,3,0
rivalStart:-10,steadfast,greedy,19,won,51,51,,0,0,0,archmage:conquered:27 orc:conquered:35 goblin:conquered:43 dwarf:conquered:51,3,24,22,0,2,0,70,1,20190.6,18347.8,16741.3,0.907,6,3,0,4,0
rivalStart:-10,steadfast,greedy,20,won,48,48,,0,0,0,archmage:conquered:23 goblin:conquered:32 orc:conquered:40 dwarf:conquered:48,4,24,22,0,2,0,71,3,19188.7,17496,16741.3,0.88,5,1,0,3,0
rivalStart:-10,steadfast,greedy,21,won,46,46,,0,0,0,goblin:conquered:22 archmage:conquered:30 orc:conquered:38 dwarf:conquered:46,3,22,20,0,2,0,72,4,19118.5,17393.3,15969.3,0.915,6,1,0,4,0
rivalStart:-10,steadfast,greedy,22,won,48,48,,0,0,0,goblin:conquered:23 archmage:conquered:32 orc:conquered:40 dwarf:conquered:48,3,24,23,0,2,0,74,6,19615.4,17809.1,16741.3,0.903,6,2,0,4,0
rivalStart:-10,steadfast,greedy,23,won,49,49,,0,0,0,goblin:conquered:24 archmage:conquered:33 orc:conquered:41 dwarf:conquered:49,2,21,20,0,2,0,69,0,20472.1,18639.9,16741.3,0.919,6,2,0,4,0
rivalStart:-10,steadfast,greedy,24,won,54,54,,0,0,0,archmage:conquered:30 goblin:conquered:38 orc:conquered:46 dwarf:conquered:54,3,25,24,0,2,0,68,0,19508.6,17764.9,16741.3,0.883,6,2,0,4,0
rivalStart:-10,steadfast,greedy,25,won,51,51,,0,0,0,archmage:conquered:27 goblin:conquered:35 orc:conquered:43 dwarf:conquered:51,3,22,21,0,2,0,70,3,18310.2,16696.9,16741.3,0.86,6,2,0,4,0
rivalStart:-10,steadfast,greedy,26,won,60,60,,0,0,0,archmage:conquered:34 dwarf:conquered:44 goblin:conquered:52 orc:conquered:60,2,29,25,0,2,0,85,5,17368.4,16273.8,16741.3,0.855,7,1,0,7,0
rivalStart:-10,steadfast,greedy,27,won,46,46,,0,0,0,goblin:conquered:21 archmage:conquered:30 orc:conquered:38 dwarf:conquered:46,2,20,18,0,2,0,76,5,17716.9,16168.5,15969.3,0.877,5,1,0,4,0
rivalStart:-10,steadfast,greedy,28,won,58,58,,0,0,0,archmage:conquered:34 orc:conquered:42 goblin:conquered:50 dwarf:conquered:58,3,29,26,0,2,0,78,3,18458.7,16959.5,16741.3,0.883,8,2,0,5,0
rivalStart:-10,steadfast,greedy,29,won,63,63,,0,0,0,archmage:conquered:39 orc:conquered:47 goblin:conquered:55 dwarf:conquered:63,5,32,27,0,2,0,80,4,18341.3,16977.5,16741.3,0.903,8,1,0,8,0
rivalStart:-10,steadfast,greedy,30,won,48,48,,0,0,0,archmage:conquered:23 goblin:conquered:32 orc:conquered:40 dwarf:conquered:48,3,22,20,0,2,0,76,4,19972.4,18177.9,16741.3,0.928,7,2,0,5,0
rivalStart:-20,committed,greedy,1,active,71,,,1,0,0,,5,24,19,1,2,0,93,7,13423.4,12887,16741.3,0.782,6,10,5,19,0
rivalStart:-20,committed,greedy,2,won,69,69,,1,0,0,archmage:conquered:42 goblin:conquered:53 orc:conquered:61 dwarf:conquered:69,2,30,24,0,2,0,86,10,13329.9,12750.9,16741.3,0.765,6,3,4,8,0
rivalStart:-20,committed,greedy,3,active,71,,,0,0,0,goblin:conquered:45 archmage:conquered:57 orc:conquered:65,4,38,30,3,2,0,100,0,15264.9,14611.3,16741.3,0.856,7,1,0,14,0
rivalStart:-20,committed,greedy,4,active,71,,,0,0,0,goblin:conquered:41 archmage:conquered:60 orc:conquered:68,2,31,24,1,2,0,94,8,13684.9,13098.7,16741.3,0.776,6,1,2,18,0
rivalStart:-20,committed,greedy,5,active,71,,,0,0,0,archmage:conquered:36,3,23,19,0,2,0,84,5,15253.4,14332,16741.3,0.822,7,1,0,6,0
rivalStart:-20,committed,greedy,6,active,71,,,0,0,0,,6,25,11,0,3,1,94,5,13576.9,13130.6,16741.3,0.804,6,2,1,37,0
rivalStart:-20,committed,greedy,7,won,61,61,,0,0,0,orc:conquered:37 archmage:conquered:45 goblin:conquered:53 dwarf:conquered:61,4,26,23,0,2,0,90,12,15893.7,14778.3,16741.3,0.826,5,2,0,3,0
rivalStart:-20,committed,greedy,8,won,59,59,,0,0,0,goblin:conquered:35 archmage:conquered:43 orc:conquered:51 dwarf:conquered:59,2,26,21,0,2,0,89,6,15306.3,14446.5,16741.3,0.817,5,1,0,7,0
rivalStart:-20,committed,greedy,9,active,71,,,0,0,0,goblin:conquered:42 archmage:conquered:63,2,35,30,0,4,2,93,9,13615.5,13047.1,16741.3,0.762,6,2,2,19,0
rivalStart:-20,committed,greedy,10,active,71,,,0,0,0,,7,25,11,1,2,0,94,3,14327.6,13865.5,16741.3,0.824,6,2,0,37,0
rivalStart:-20,committed,greedy,11,won,63,63,,0,0,0,orc:conquered:39 archmage:conquered:47 dwarf:conquered:55 goblin:conquered:63,2,22,18,0,2,0,80,6,15151.2,14095.9,16741.3,0.791,5,1,0,4,0
rivalStart:-20,committed,greedy,12,won,51,51,,0,0,0,archmage:conquered:26 orc:conquered:35 goblin:conquered:43 dwarf:conquered:51,2,23,21,0,2,0,81,14,16794.8,15448.9,16741.3,0.844,4,2,0,4,0
rivalStart:-20,committed,greedy,13,active,71,,,0,0,0,,7,26,10,1,2,0,112,2,14628.1,14152.4,16741.3,0.827,6,11,0,38,0
rivalStart:-20,committed,greedy,14,won,62,62,,0,0,0,archmage:conquered:38 orc:conquered:46 goblin:conquered:54 dwarf:conquered:62,2,26,22,0,2,0,81,7,14675.8,13707.3,16741.3,0.781,5,1,0,6,0
rivalStart:-20,committed,greedy,15,active,71,,,0,0,0,goblin:conquered:42 archmage:conquered:62 orc:conquered:70,2,32,26,1,3,1,102,10,13520,13028.7,16741.3,0.797,6,2,1,22,0
rivalStart:-20,committed,greedy,16,active,71,,,0,0,0,goblin:conquered:40 archmage:conquered:56 orc:conquered:64,3,31,24,0,2,0,84,5,14205.5,13597.1,16741.3,0.81,6,2,2,13,0
rivalStart:-20,committed,greedy,17,active,71,,,0,0,0,archmage:conquered:65,8,40,27,0,2,0,121,7,13509.3,13001.4,16741.3,0.805,7,1,1,23,0
rivalStart:-20,committed,greedy,18,active,71,,,0,0,0,,7,29,15,0,2,0,92,5,14194.6,13769.5,16741.3,0.817,6,2,0,36,0
rivalStart:-20,committed,greedy,19,active,71,,,0,0,0,,8,27,16,0,2,0,92,2,14326.5,13812.9,16741.3,0.788,6,3,0,43,0
rivalStart:-20,committed,greedy,20,active,71,,,0,0,0,archmage:conquered:56 goblin:conquered:67,5,40,23,1,3,1,145,7,13210.4,12793.4,16741.3,0.789,6,2,0,25,0
rivalStart:-20,committed,greedy,21,active,71,,,0,0,0,,7,23,12,1,2,0,86,4,13715.1,13296,16741.3,0.81,6,1,1,35,0
rivalStart:-20,committed,greedy,22,active,71,,,0,0,0,,7,25,8,1,3,1,130,4,13783,13351.3,16741.3,0.8,6,2,0,34,0
rivalStart:-20,committed,greedy,23,active,71,,,0,0,0,,7,30,15,0,2,0,100,3,14347.7,13885.2,16741.3,0.819,6,2,0,35,0
rivalStart:-20,committed,greedy,24,active,71,,,0,0,0,,8,26,7,2,2,0,112,4,14527.8,14023.4,16741.3,0.805,6,2,0,42,0
rivalStart:-20,committed,greedy,25,active,71,,,0,0,0,,7,29,15,0,2,0,110,8,13356.9,12964.5,16741.3,0.793,6,3,0,36,0
rivalStart:-20,committed,greedy,26,won,70,70,,0,0,0,goblin:conquered:40 archmage:conquered:53 orc:conquered:62 dwarf:conquered:70,1,30,25,0,2,0,89,9,14064.8,13371.9,16741.3,0.772,6,1,2,8,0
rivalStart:-20,committed,greedy,27,won,60,60,,0,0,0,goblin:conquered:35 orc:conquered:44 archmage:conquered:52 dwarf:conquered:60,1,23,19,0,2,0,86,6,14925.9,13985.2,16741.3,0.814,5,1,0,9,0
rivalStart:-20,committed,greedy,28,active,71,,,0,0,0,orc:conquered:64,4,37,32,2,2,0,97,8,13504.8,12984.3,16741.3,0.787,6,2,2,20,0
rivalStart:-20,committed,greedy,29,won,67,67,,0,0,0,archmage:conquered:43 goblin:conquered:51 orc:conquered:59 dwarf:conquered:67,3,33,30,0,2,0,82,5,14940,13966.3,16741.3,0.806,6,1,0,5,0
rivalStart:-20,committed,greedy,30,active,71,,,0,0,0,goblin:conquered:45 archmage:conquered:62 orc:conquered:71,4,36,28,0,2,0,106,6,14060.7,13501.3,16741.3,0.841,7,2,1,22,0
rivalStart:-20,steadfast,greedy,1,won,67,67,,0,0,0,archmage:conquered:43 orc:conquered:51 goblin:conquered:59 dwarf:conquered:67,4,32,28,0,2,0,87,3,16730.5,15696.3,16741.3,0.875,8,10,0,5,0
rivalStart:-20,steadfast,greedy,2,won,65,65,,0,0,0,archmage:conquered:41 goblin:conquered:49 orc:conquered:57 dwarf:conquered:65,4,33,27,0,2,0,83,3,17433.3,16265.6,16741.3,0.87,8,2,0,7,0
rivalStart:-20,steadfast,greedy,3,won,54,54,,0,0,0,archmage:conquered:30 goblin:conquered:38 orc:conquered:46 dwarf:conquered:54,4,27,25,0,2,0,73,5,20624.1,18732.2,16741.3,0.931,7,1,0,4,0
rivalStart:-20,steadfast,greedy,4,won,63,63,,0,0,0,archmage:conquered:38 orc:conquered:47 goblin:conquered:55 dwarf:conquered:63,5,30,26,0,2,0,76,0,17279.6,16010.6,16741.3,0.843,7,1,0,3,0
rivalStart:-20,steadfast,greedy,5,won,57,57,,0,0,0,archmage:conquered:33 orc:conquered:41 goblin:conquered:49 dwarf:conquered:57,4,26,23,0,2,0,76,2,18424.1,17064.3,16741.3,0.885,7,1,0,5,0
rivalStart:-20,steadfast,greedy,6,won,48,48,,0,0,0,goblin:conquered:24 archmage:conquered:32 orc:conquered:40 dwarf:conquered:48,2,21,20,0,3,1,70,2,19122.7,17410.6,16741.3,0.87,7,2,0,4,0
rivalStart:-20,steadfast,greedy,7,won,47,47,,0,0,0,goblin:conquered:21 archmage:conquered:30 orc:conquered:39 dwarf:conquered:47,2,23,22,0,2,0,73,5,19547,17814.1,16355.3,0.912,5,2,0,4,0
rivalStart:-20,steadfast,greedy,8,won,50,50,,0,0,0,archmage:conquered:24 orc:conquered:34 goblin:conquered:42 dwarf:conquered:50,2,24,21,0,2,0,70,1,19805,18093.6,16741.3,0.902,6,1,0,3,0
rivalStart:-20,steadfast,greedy,9,won,50,50,,0,0,0,goblin:conquered:23 archmage:conquered:34 orc:conquered:42 dwarf:conquered:50,2,23,21,0,3,1,85,7,18052.8,16584.5,16741.3,0.861,6,2,0,3,0
rivalStart:-20,steadfast,greedy,10,won,52,52,,0,0,0,goblin:conquered:27 archmage:conquered:36 orc:conquered:44 dwarf:conquered:52,3,24,23,0,2,0,75,7,20095.6,18281,16741.3,0.901,7,2,0,4,0
rivalStart:-20,steadfast,greedy,11,won,61,61,,0,0,0,archmage:conquered:37 goblin:conquered:45 orc:conquered:53 dwarf:conquered:61,4,30,28,0,2,0,81,4,18648,17221.5,16741.3,0.875,7,1,0,4,0
rivalStart:-20,steadfast,greedy,12,won,55,55,,0,0,0,archmage:conquered:30 goblin:conquered:38 orc:conquered:47 dwarf:conquered:55,4,28,27,0,2,0,73,5,20393.7,18539,16741.3,0.917,7,2,0,4,0
rivalStart:-20,steadfast,greedy,13,won,60,60,,0,0,0,archmage:conquered:36 orc:conquered:44 goblin:conquered:52 dwarf:conquered:60,5,31,29,0,2,0,80,5,19462.8,17915.6,16741.3,0.909,7,11,0,4,0
rivalStart:-20,steadfast,greedy,14,won,48,48,,0,0,0,goblin:conquered:24 archmage:conquered:32 orc:conquered:40 dwarf:conquered:48,2,20,19,0,2,0,73,5,18594.3,16954.2,16741.3,0.872,6,1,0,4,0
rivalStart:-20,steadfast,greedy,15,won,48,48,,0,0,0,archmage:conquered:23 goblin:conquered:32 orc:conquered:40 dwarf:conquered:48,2,22,20,0,3,1,73,5,18945.1,17316.4,16741.3,0.889,6,2,0,5,0
rivalStart:-20,steadfast,greedy,16,won,60,60,,0,0,0,archmage:conquered:36 orc:conquered:44 goblin:conquered:52 dwarf:conquered:60,4,27,24,0,2,0,78,4,18891.9,17414.1,16741.3,0.896,7,2,0,6,0
rivalStart:-20,steadfast,greedy,17,won,48,48,,0,0,0,goblin:conquered:23 archmage:conquered:32 orc:conquered:40 dwarf:conquered:48,2,22,20,0,2,0,76,7,18966.6,17264.5,16741.3,0.883,6,1,0,3,0
rivalStart:-20,steadfast,greedy,18,won,49,49,,0,0,0,archmage:conquered:25 orc:conquered:33 goblin:conquered:41 dwarf:conquered:49,2,24,21,0,2,0,78,7,19899.9,18078.4,16741.3,0.899,6,2,0,3,0
rivalStart:-20,steadfast,greedy,19,won,54,54,,0,0,0,archmage:conquered:30 orc:conquered:38 goblin:conquered:46 dwarf:conquered:54,4,24,22,0,2,0,70,1,20134.5,18346.5,16741.3,0.9,6,3,0,4,0
rivalStart:-20,steadfast,greedy,20,won,48,48,,0,0,0,archmage:conquered:23 goblin:conquered:32 orc:conquered:40 dwarf:conquered:48,4,24,22,0,2,0,71,3,19188.7,17496,16741.3,0.88,5,1,0,3,0
rivalStart:-20,steadfast,greedy,21,won,48,48,,0,0,0,goblin:conquered:23 archmage:conquered:32 orc:conquered:40 dwarf:conquered:48,3,24,22,0,2,0,71,4,19497.2,17722.6,16741.3,0.906,6,1,0,4,0
rivalStart:-20,steadfast,greedy,22,won,48,48,,0,0,0,goblin:conquered:23 archmage:conquered:32 orc:conquered:40 dwarf:conquered:48,3,24,23,0,2,0,74,6,19615.4,17809.1,16741.3,0.903,6,2,0,4,0
rivalStart:-20,steadfast,greedy,23,won,49,49,,0,0,0,goblin:conquered:24 archmage:conquered:33 orc:conquered:41 dwarf:conquered:49,2,21,20,0,2,0,69,0,20472.1,18639.9,16741.3,0.919,6,2,0,4,0
rivalStart:-20,steadfast,greedy,24,won,55,55,,0,0,0,archmage:conquered:30 goblin:conquered:38 orc:conquered:47 dwarf:conquered:55,3,26,25,0,2,0,68,0,19508.6,17764.9,16741.3,0.882,6,2,0,4,0
rivalStart:-20,steadfast,greedy,25,won,51,51,,0,0,0,archmage:conquered:27 goblin:conquered:35 orc:conquered:43 dwarf:conquered:51,3,22,21,0,2,0,70,3,18310.2,16696.9,16741.3,0.86,6,2,0,4,0
rivalStart:-20,steadfast,greedy,26,won,60,60,,0,0,0,archmage:conquered:34 dwarf:conquered:44 goblin:conquered:52 orc:conquered:60,3,29,25,0,2,0,85,5,17368.4,16273.8,16741.3,0.855,7,1,0,7,0
rivalStart:-20,steadfast,greedy,27,won,46,46,,0,0,0,archmage:conquered:21 orc:conquered:30 goblin:conquered:38 dwarf:conquered:46,2,22,20,0,2,0,77,6,17716.9,16168.5,15969.3,0.877,5,1,0,4,0
rivalStart:-20,steadfast,greedy,28,won,59,59,,0,0,0,archmage:conquered:35 goblin:conquered:43 orc:conquered:51 dwarf:conquered:59,3,30,28,0,2,0,77,3,18469.8,16959.9,16741.3,0.882,8,2,0,5,0
rivalStart:-20,steadfast,greedy,29,won,62,62,,0,0,0,archmage:conquered:38 goblin:conquered:46 orc:conquered:54 dwarf:conquered:62,4,31,27,0,2,0,86,5,18372,16978,16741.3,0.902,8,1,0,5,0
rivalStart:-20,steadfast,greedy,30,won,48,48,,0,0,0,archmage:conquered:23 goblin:conquered:32 orc:conquered:40 dwarf:conquered:48,3,22,20,0,2,0,76,4,19972.4,18177.9,16741.3,0.928,7,2,0,5,0
rivalStart:+10,committed,greedy,1,active,71,,,1,0,0,goblin:conquered:43 archmage:conquered:66,1,31,26,1,2,0,92,7,13423.4,12887,16741.3,0.782,6,10,5,19,0
rivalStart:+10,committed,greedy,2,won,67,67,,1,1,0,archmage:conquered:43 goblin:conquered:51 orc:conquered:59 dwarf:conquered:67,2,30,25,0,2,0,86,6,13319.8,12750.9,16741.3,0.766,6,3,4,9,0
rivalStart:+10,committed,greedy,3,active,71,,,0,0,0,goblin:conquered:49 archmage:conquered:68,7,39,26,2,2,0,129,1,15197.1,14612.5,16741.3,0.856,7,1,3,27,0
rivalStart:+10,committed,greedy,4,won,65,65,,0,0,0,archmage:conquered:40 dwarf:conquered:49 orc:conquered:57 goblin:conquered:65,3,28,22,1,2,0,90,9,13684.9,13098.7,16741.3,0.767,6,1,2,8,0
rivalStart:+10,committed,greedy,5,won,63,63,,0,0,0,archmage:conquered:35 orc:conquered:47 goblin:conquered:55 dwarf:conquered:63,2,30,25,0,2,0,89,10,15205.7,14332.6,16741.3,0.814,5,1,0,7,0
rivalStart:+10,committed,greedy,6,won,67,67,,0,0,0,archmage:conquered:40 orc:conquered:51 goblin:conquered:59 dwarf:conquered:67,3,28,21,0,3,1,94,8,13906.7,13313.9,16741.3,0.8,6,2,0,11,0
rivalStart:+10,committed,greedy,7,won,61,61,,0,0,0,orc:conquered:37 goblin:conquered:45 archmage:conquered:53 dwarf:conquered:61,4,29,25,0,2,0,87,11,15893.7,14778.3,16741.3,0.826,5,2,0,4,0
rivalStart:+10,committed,greedy,8,won,61,61,,0,0,0,goblin:conquered:36 archmage:conquered:45 orc:conquered:53 dwarf:conquered:61,2,31,25,0,2,0,92,5,15302.5,14446.3,16741.3,0.819,5,1,0,9,0
rivalStart:+10,committed,greedy,9,active,71,,,0,0,0,goblin:conquered:42 archmage:conquered:64,1,30,25,0,4,2,93,6,13665.2,13046.5,16741.3,0.762,6,2,3,19,0
rivalStart:+10,committed,greedy,10,active,71,,,0,0,0,,7,27,5,1,2,0,98,2,14305.6,13865.8,16741.3,0.824,6,2,0,37,0
rivalStart:+10,committed,greedy,11,won,61,61,,0,0,0,goblin:conquered:37 archmage:conquered:45 orc:conquered:53 dwarf:conquered:61,1,25,21,0,2,0,91,16,14806,13820.9,16741.3,0.793,5,1,0,4,0
rivalStart:+10,committed,greedy,12,won,51,51,,0,0,0,archmage:conquered:26 orc:conquered:35 goblin:conquered:43 dwarf:conquered:51,2,23,21,0,2,0,81,14,16794.8,15448.9,16741.3,0.844,4,2,0,4,0
rivalStart:+10,committed,greedy,13,active,71,,,0,0,0,,7,26,9,1,2,0,90,2,14628.1,14152.4,16741.3,0.827,6,11,0,38,0
rivalStart:+10,committed,greedy,14,won,58,58,,0,0,0,goblin:conquered:33 orc:conquered:42 archmage:conquered:50 dwarf:conquered:58,1,21,17,0,2,0,82,7,14678.8,13706.8,16741.3,0.783,5,1,0,6,0
rivalStart:+10,committed,greedy,15,active,71,,,0,0,0,goblin:conquered:40 archmage:conquered:57 orc:conquered:65,3,31,24,2,3,1,94,10,13620.4,13029.1,16741.3,0.797,6,2,1,17,0
rivalStart:+10,committed,greedy,16,won,66,66,,0,0,0,dwarf:conquered:40 goblin:conquered:50 archmage:conquered:58 orc:conquered:66,3,31,24,0,2,0,85,6,14259.3,13596.4,16741.3,0.808,6,2,1,8,0
rivalStart:+10,committed,greedy,17,active,71,,,0,0,0,,7,28,14,1,2,0,115,9,13509.3,13001.4,16741.3,0.805,7,1,0,37,0
rivalStart:+10,committed,greedy,18,active,71,,,0,0,0,,7,26,12,0,2,0,78,4,14194.6,13769.5,16741.3,0.817,6,2,1,36,0
rivalStart:+10,committed,greedy,19,active,71,,,0,0,0,,7,26,11,0,2,0,88,2,14326.5,13812.9,16741.3,0.788,6,3,0,43,0
rivalStart:+10,committed,greedy,20,active,71,,,0,0,0,,6,25,12,0,3,1,112,3,13183.6,12793.6,16741.3,0.789,6,2,0,36,0
rivalStart:+10,committed,greedy,21,active,71,,,0,0,0,,7,24,9,2,2,0,83,6,13700.2,13296,16741.3,0.81,6,1,0,33,0
rivalStart:+10,committed,greedy,22,active,71,,,0,0,0,,7,26,9,1,3,1,129,6,13783,13351.3,16741.3,0.8,6,2,0,34,0
rivalStart:+10,committed,greedy,23,won,69,69,,0,0,0,dwarf:conquered:42 archmage:conquered:53 goblin:conquered:61 orc:conquered:69,4,34,26,0,2,0,88,7,14693.4,14082.8,16741.3,0.819,6,2,0,9,0
rivalStart:+10,committed,greedy,24,won,60,60,,0,0,0,archmage:conquered:35 orc:conquered:44 dwarf:conquered:52 goblin:conquered:60,2,24,19,0,2,0,85,5,14594.2,13823.1,16741.3,0.806,5,2,0,7,0
rivalStart:+10,committed,greedy,25,active,71,,,0,0,0,,7,28,16,0,2,0,107,5,13356.9,12964.5,16741.3,0.793,6,3,0,36,0
rivalStart:+10,committed,greedy,26,active,71,,,0,0,0,,4,27,12,0,2,0,104,2,13930.3,13374.1,16741.3,0.773,6,1,0,35,0
rivalStart:+10,committed,greedy,27,won,66,66,,0,0,0,goblin:conquered:36 archmage:conquered:50 orc:conquered:58 dwarf:conquered:66,2,31,27,0,2,0,88,6,14893.8,13986.1,16741.3,0.813,6,1,0,15,0
rivalStart:+10,committed,greedy,28,active,71,,,0,0,0,archmage:conquered:66,4,40,35,2,2,0,100,10,13504.8,12984.3,16741.3,0.787,6,2,2,21,0
rivalStart:+10,committed,greedy,29,won,63,63,,0,0,0,archmage:conquered:39 goblin:conquered:47 orc:conquered:55 dwarf:conquered:63,2,29,26,0,2,0,83,5,15374.1,14311.4,16741.3,0.804,5,1,0,5,0
rivalStart:+10,committed,greedy,30,active,71,,,0,0,0,goblin:conquered:39 archmage:conquered:60 orc:conquered:68,3,30,24,0,2,0,93,5,14575.5,13876.6,16741.3,0.841,7,2,1,21,0
rivalStart:+10,steadfast,greedy,1,won,66,66,,0,0,0,archmage:conquered:42 orc:conquered:50 goblin:conquered:58 dwarf:conquered:66,3,31,27,0,2,0,88,4,16730.5,15696.3,16741.3,0.877,8,10,0,3,0
rivalStart:+10,steadfast,greedy,2,won,66,66,,0,0,0,archmage:conquered:41 goblin:conquered:49 orc:conquered:58 dwarf:conquered:66,4,32,26,0,2,0,84,4,17433.3,16265.6,16741.3,0.872,8,2,0,7,0
rivalStart:+10,steadfast,greedy,3,won,54,54,,0,0,0,archmage:conquered:30 orc:conquered:38 goblin:conquered:46 dwarf:conquered:54,5,28,26,0,2,0,78,5,20587.4,18729.6,16741.3,0.931,7,1,0,5,0
rivalStart:+10,steadfast,greedy,4,won,61,61,,0,0,0,archmage:conquered:37 orc:conquered:45 goblin:conquered:53 dwarf:conquered:61,3,28,24,0,2,0,78,2,17270.2,16010.8,16741.3,0.84,7,1,0,2,0
rivalStart:+10,steadfast,greedy,5,won,57,57,,0,0,0,archmage:conquered:33 orc:conquered:41 goblin:conquered:49 dwarf:conquered:57,3,26,22,0,2,0,80,3,18424.1,17064.3,16741.3,0.885,7,1,0,5,0
rivalStart:+10,steadfast,greedy,6,won,48,48,,0,0,0,goblin:conquered:23 archmage:conquered:32 orc:conquered:40 dwarf:conquered:48,2,21,20,0,3,1,70,2,19122.7,17410.6,16741.3,0.87,7,2,0,4,0
rivalStart:+10,steadfast,greedy,7,won,46,46,,0,0,0,goblin:conquered:21 archmage:conquered:30 orc:conquered:38 dwarf:conquered:46,2,23,22,0,2,0,72,4,19172,17479.3,15969.3,0.913,5,2,0,5,0
rivalStart:+10,steadfast,greedy,8,won,55,55,,0,0,0,archmage:conquered:31 goblin:conquered:39 orc:conquered:47 dwarf:conquered:55,4,25,22,0,2,0,71,1,19805,18093.6,16741.3,0.901,6,1,0,3,0
rivalStart:+10,steadfast,greedy,9,won,49,49,,0,0,0,goblin:conquered:23 archmage:conquered:33 orc:conquered:41 dwarf:conquered:49,2,23,21,0,3,1,86,6,18040.1,16584.4,16741.3,0.859,6,2,0,3,0
rivalStart:+10,steadfast,greedy,10,won,49,49,,0,0,0,archmage:conquered:25 goblin:conquered:33 orc:conquered:41 dwarf:conquered:49,2,24,23,0,2,0,73,5,20095.6,18281,16741.3,0.899,6,2,0,4,0
rivalStart:+10,steadfast,greedy,11,won,61,61,,0,0,0,archmage:conquered:37 orc:conquered:45 goblin:conquered:53 dwarf:conquered:61,4,29,27,0,2,0,78,3,18899.8,17454.3,16741.3,0.875,7,1,0,4,0
rivalStart:+10,steadfast,greedy,12,won,54,54,,0,0,0,archmage:conquered:30 goblin:conquered:38 orc:conquered:46 dwarf:conquered:54,4,27,26,0,2,0,73,5,20393.7,18539,16741.3,0.916,7,2,0,4,0
rivalStart:+10,steadfast,greedy,13,won,53,53,,0,0,0,archmage:conquered:26 orc:conquered:37 goblin:conquered:45 dwarf:conquered:53,3,27,24,0,2,0,80,5,19504.9,17916.7,16741.3,0.919,6,11,0,4,0
rivalStart:+10,steadfast,greedy,14,won,49,49,,0,0,0,goblin:conquered:25 archmage:conquered:33 orc:conquered:41 dwarf:conquered:49,2,20,18,0,2,0,73,4,18721.2,17064.5,16741.3,0.87,6,1,0,3,0
rivalStart:+10,steadfast,greedy,15,won,57,57,,0,0,0,orc:conquered:33 goblin:conquered:41 archmage:conquered:49 dwarf:conquered:57,5,24,22,0,3,1,75,8,19182.9,17523.1,16741.3,0.869,7,2,0,5,0
rivalStart:+10,steadfast,greedy,16,won,51,51,,0,0,0,archmage:conquered:27 goblin:conquered:35 orc:conquered:43 dwarf:conquered:51,3,20,17,0,2,0,84,7,18665.1,17167.6,16741.3,0.889,6,2,0,4,0
rivalStart:+10,steadfast,greedy,17,won,46,46,,0,0,0,archmage:conquered:22 goblin:conquered:30 orc:conquered:38 dwarf:conquered:46,1,18,16,0,2,0,69,1,17897.5,16362.2,15969.3,0.88,5,1,0,5,0
rivalStart:+10,steadfast,greedy,18,won,51,51,,0,0,0,archmage:conquered:26 orc:conquered:35 goblin:conquered:43 dwarf:conquered:51,2,26,23,0,2,0,79,7,19884.7,18078.5,16741.3,0.901,6,2,0,4,0
rivalStart:+10,steadfast,greedy,19,won,51,51,,0,0,0,archmage:conquered:27 orc:conquered:35 goblin:conquered:43 dwarf:conquered:51,3,24,22,0,2,0,70,1,20190.6,18347.8,16741.3,0.907,6,3,0,4,0
rivalStart:+10,steadfast,greedy,20,won,48,48,,0,0,0,goblin:conquered:23 archmage:conquered:32 orc:conquered:40 dwarf:conquered:48,4,23,21,0,2,0,70,2,19188.7,17496,16741.3,0.88,5,1,0,3,0
rivalStart:+10,steadfast,greedy,21,won,48,48,,0,0,0,goblin:conquered:24 archmage:conquered:32 orc:conquered:40 dwarf:conquered:48,3,22,20,0,2,0,68,1,19497.2,17722.6,16741.3,0.906,6,1,0,3,0
rivalStart:+10,steadfast,greedy,22,won,48,48,,0,0,0,goblin:conquered:23 archmage:conquered:32 orc:conquered:40 dwarf:conquered:48,3,24,23,0,2,0,74,6,19615.4,17809.1,16741.3,0.903,6,2,0,4,0
rivalStart:+10,steadfast,greedy,23,won,48,48,,0,0,0,archmage:conquered:23 orc:conquered:32 goblin:conquered:40 dwarf:conquered:48,2,18,16,0,2,0,71,0,20228.4,18427.9,16741.3,0.918,6,2,0,2,0
rivalStart:+10,steadfast,greedy,24,won,49,49,,0,0,0,archmage:conquered:25 goblin:conquered:33 orc:conquered:41 dwarf:conquered:49,3,26,25,0,2,0,68,0,19508.6,17764.9,16741.3,0.88,6,2,0,4,0
rivalStart:+10,steadfast,greedy,25,won,56,56,,0,0,0,archmage:conquered:31 goblin:conquered:39 orc:conquered:48 dwarf:conquered:56,3,28,25,0,2,0,77,7,18304.5,16696.6,16741.3,0.86,6,2,0,5,0
rivalStart:+10,steadfast,greedy,26,won,66,66,,0,0,0,archmage:conquered:42 orc:conquered:50 goblin:conquered:58 dwarf:conquered:66,4,33,29,0,2,0,85,1,17400.8,16272.9,16741.3,0.864,8,1,0,6,0
rivalStart:+10,steadfast,greedy,27,won,46,46,,0,0,0,archmage:conquered:21 orc:conquered:30 goblin:conquered:38 dwarf:conquered:46,2,21,19,0,2,0,76,5,17716.9,16168.5,15969.3,0.877,5,1,0,4,0
rivalStart:+10,steadfast,greedy,28,won,60,60,,0,0,0,orc:conquered:36 archmage:conquered:44 goblin:conquered:52 dwarf:conquered:60,3,27,24,0,2,0,74,3,18458.7,16959.5,16741.3,0.881,8,2,0,4,0
rivalStart:+10,steadfast,greedy,29,won,62,62,,0,0,0,archmage:conquered:38 orc:conquered:46 goblin:conquered:54 dwarf:conquered:62,4,32,27,0,2,0,84,5,18336.8,16977.6,16741.3,0.902,8,1,0,6,0
rivalStart:+10,steadfast,greedy,30,won,46,46,,0,0,0,archmage:conquered:21 orc:conquered:30 goblin:conquered:38 dwarf:conquered:46,3,24,23,0,2,0,73,2,19358.9,17631.9,15969.3,0.928,5,2,0,4,0
rivalStart:+20,committed,greedy,1,active,71,,,1,0,0,goblin:conquered:43 archmage:conquered:66,1,30,25,1,2,0,94,7,13423.4,12887,16741.3,0.782,6,10,5,19,0
rivalStart:+20,committed,greedy,2,won,69,69,,1,1,0,dwarf:conquered:40 archmage:conquered:53 orc:conquered:61 goblin:conquered:69,1,30,24,0,2,0,84,6,13057.4,12488.5,16741.3,0.765,6,3,4,8,0
rivalStart:+20,committed,greedy,3,active,71,,,0,0,0,archmage:conquered:50 goblin:conquered:58 orc:conquered:66,5,36,29,2,2,0,85,4,15310.3,14618.2,16741.3,0.856,7,1,1,10,0
rivalStart:+20,committed,greedy,4,won,63,63,,0,0,0,goblin:conquered:38 archmage:conquered:46 orc:conquered:55 dwarf:conquered:63,2,29,23,1,2,0,87,5,13764.8,13097.5,16741.3,0.764,5,1,1,12,0
rivalStart:+20,committed,greedy,5,won,61,61,,0,0,0,archmage:conquered:35 goblin:conquered:44 orc:conquered:53 dwarf:conquered:61,3,23,19,0,2,0,88,7,15253.4,14332,16741.3,0.814,5,1,0,7,0
rivalStart:+20,committed,greedy,6,won,65,65,,0,0,0,archmage:conquered:40 goblin:conquered:48 orc:conquered:57 dwarf:conquered:65,2,29,22,0,3,1,95,7,13857.6,13314.7,16741.3,0.798,6,2,1,16,0
rivalStart:+20,committed,greedy,7,won,61,61,,0,0,0,orc:conquered:37 goblin:conquered:45 archmage:conquered:53 dwarf:conquered:61,4,29,25,0,2,0,89,13,15893.7,14778.3,16741.3,0.826,5,2,0,3,0
rivalStart:+20,committed,greedy,8,won,63,63,,0,0,0,goblin:conquered:37 archmage:conquered:47 orc:conquered:55 dwarf:conquered:63,2,30,25,0,2,0,89,7,15315.3,14446.6,16741.3,0.818,5,1,0,8,0
rivalStart:+20,committed,greedy,9,active,71,,,0,0,0,goblin:conquered:42 archmage:conquered:63,1,32,27,0,4,2,98,10,13663.4,13046.6,16741.3,0.762,6,2,3,17,0
rivalStart:+20,committed,greedy,10,active,71,,,0,0,0,,7,24,11,1,2,0,92,3,14327.6,13865.5,16741.3,0.824,6,2,0,37,0
rivalStart:+20,committed,greedy,11,won,61,61,,0,0,0,goblin:conquered:37 archmage:conquered:45 orc:conquered:53 dwarf:conquered:61,1,25,21,0,2,0,91,16,14806,13820.9,16741.3,0.793,5,1,0,4,0
rivalStart:+20,committed,greedy,12,won,51,51,,0,0,0,archmage:conquered:25 goblin:conquered:35 orc:conquered:43 dwarf:conquered:51,1,25,23,0,2,0,77,11,16794.8,15448.9,16741.3,0.844,4,2,0,3,0
rivalStart:+20,committed,greedy,13,active,71,,,0,0,0,,7,26,11,1,2,0,87,1,14628.1,14152.4,16741.3,0.827,6,11,0,38,0
rivalStart:+20,committed,greedy,14,won,57,57,,0,0,0,goblin:conquered:33 archmage:conquered:41 orc:conquered:49 dwarf:conquered:57,1,21,17,0,2,0,82,7,14678.8,13706.8,16741.3,0.783,5,1,0,6,0
rivalStart:+20,committed,greedy,15,active,71,,,0,0,0,,6,26,11,1,3,1,124,12,13396.3,12953.3,16741.3,0.797,6,2,0,37,0
rivalStart:+20,committed,greedy,16,won,66,66,,0,0,0,dwarf:conquered:40 archmage:conquered:50 goblin:conquered:58 orc:conquered:66,3,32,25,0,2,0,83,5,14259.3,13596.4,16741.3,0.808,6,2,1,8,0
rivalStart:+20,committed,greedy,17,active,71,,,0,0,0,,8,28,16,3,2,0,116,9,13412.7,13003.4,16741.3,0.805,7,1,0,34,0
rivalStart:+20,committed,greedy,18,active,71,,,0,0,0,,7,27,13,0,2,0,78,3,14194.6,13769.5,16741.3,0.817,6,2,2,36,0
rivalStart:+20,committed,greedy,19,active,71,,,0,0,0,,7,26,12,0,2,0,98,3,14326.5,13812.9,16741.3,0.788,6,3,0,43,0
rivalStart:+20,committed,greedy,20,active,71,,,0,0,0,,6,24,7,0,3,1,123,4,13183.6,12793.6,16741.3,0.789,6,2,0,35,0
rivalStart:+20,committed,greedy,21,active,71,,,0,0,0,,7,22,7,2,2,0,82,9,13687.7,13296.2,16741.3,0.81,6,1,0,33,0
rivalStart:+20,committed,greedy,22,active,71,,,0,0,0,,7,20,6,1,3,1,131,5,13769.4,13351.4,16741.3,0.8,6,2,0,34,0
rivalStart:+20,committed,greedy,23,won,70,70,,0,0,0,orc:conquered:42 dwarf:conquered:54 goblin:conquered:62 archmage:conquered:70,5,31,22,0,2,0,90,9,14641.7,14083.7,16741.3,0.82,6,2,0,11,0
rivalStart:+20,committed,greedy,24,won,60,60,,0,0,0,archmage:conquered:35 orc:conquered:44 dwarf:conquered:52 goblin:conquered:60,2,24,19,0,2,0,85,5,14594.2,13823.1,16741.3,0.806,5,2,0,7,0
rivalStart:+20,committed,greedy,25,active,71,,,0,0,0,,7,29,6,0,2,0,116,9,13356.9,12964.5,16741.3,0.793,6,3,0,36,0
rivalStart:+20,committed,greedy,26,active,71,,,0,0,0,,4,27,12,0,2,0,105,2,13930.3,13374.1,16741.3,0.773,6,1,0,35,0
rivalStart:+20,committed,greedy,27,won,60,60,,0,0,0,goblin:conquered:35 archmage:conquered:43 orc:conquered:52 dwarf:conquered:60,2,26,22,0,2,0,87,4,14893.8,13986.1,16741.3,0.814,5,1,0,16,0
rivalStart:+20,committed,greedy,28,active,71,,,0,0,0,archmage:conquered:66,4,40,35,2,2,0,101,10,13785.5,13244.1,16741.3,0.787,6,2,3,20,0
rivalStart:+20,committed,greedy,29,won,63,63,,0,0,0,goblin:conquered:39 archmage:conquered:47 orc:conquered:55 dwarf:conquered:63,2,29,26,0,2,0,83,5,15374.1,14311.4,16741.3,0.804,5,1,0,5,0
rivalStart:+20,committed,greedy,30,active,71,,,0,0,0,,7,28,13,1,2,0,132,4,14268.9,13694.4,16741.3,0.841,7,2,0,38,0
rivalStart:+20,steadfast,greedy,1,won,67,67,,0,0,0,archmage:conquered:43 goblin:conquered:51 orc:conquered:59 dwarf:conquered:67,4,32,28,0,2,0,88,3,16359.1,15371.5,16741.3,0.875,8,10,0,5,0
rivalStart:+20,steadfast,greedy,2,won,64,64,,0,0,0,archmage:conquered:40 goblin:conquered:48 orc:conquered:56 dwarf:conquered:64,3,32,27,0,2,0,87,6,17381,16266.9,16741.3,0.869,7,2,0,8,0
rivalStart:+20,steadfast,greedy,3,won,54,54,,0,0,0,archmage:conquered:30 goblin:conquered:38 orc:conquered:46 dwarf:conquered:54,4,29,27,0,2,0,80,7,20644.6,18731.7,16741.3,0.931,7,1,0,6,0
rivalStart:+20,steadfast,greedy,4,won,61,61,,0,0,0,archmage:conquered:37 goblin:conquered:45 orc:conquered:53 dwarf:conquered:61,4,29,25,0,2,0,78,1,17289,16011.8,16741.3,0.84,7,1,0,2,0
rivalStart:+20,steadfast,greedy,5,won,61,61,,0,0,0,archmage:conquered:37 goblin:conquered:45 orc:conquered:53 dwarf:conquered:61,4,30,27,0,2,0,76,2,18435.8,17064.5,16741.3,0.881,7,1,0,5,0
rivalStart:+20,steadfast,greedy,6,won,55,55,,0,0,0,archmage:conquered:31 goblin:conquered:39 orc:conquered:47 dwarf:conquered:55,3,26,25,0,3,1,70,2,19364.9,17621.2,16741.3,0.878,7,2,0,4,0
rivalStart:+20,steadfast,greedy,7,won,46,46,,0,0,0,goblin:conquered:21 archmage:conquered:30 orc:conquered:38 dwarf:conquered:46,2,23,22,0,2,0,72,4,19172,17479.3,15969.3,0.913,5,2,0,5,0
rivalStart:+20,steadfast,greedy,8,won,58,58,,0,0,0,archmage:conquered:34 goblin:conquered:42 orc:conquered:50 dwarf:conquered:58,4,29,27,0,2,0,69,0,19391.6,17758.1,16741.3,0.898,7,1,0,4,0
rivalStart:+20,steadfast,greedy,9,won,50,50,,0,0,0,goblin:conquered:23 archmage:conquered:34 orc:conquered:42 dwarf:conquered:50,2,23,21,0,3,1,87,7,18040.1,16584.4,16741.3,0.861,6,2,0,3,0
rivalStart:+20,steadfast,greedy,10,won,50,50,,0,0,0,archmage:conquered:25 orc:conquered:34 goblin:conquered:42 dwarf:conquered:50,2,24,23,0,2,0,73,5,20095.6,18281,16741.3,0.9,6,2,0,4,0
rivalStart:+20,steadfast,greedy,11,won,61,61,,0,0,0,archmage:conquered:36 orc:conquered:45 goblin:conquered:53 dwarf:conquered:61,4,28,26,0,2,0,81,5,18899.8,17454.3,16741.3,0.875,7,1,0,4,0
rivalStart:+20,steadfast,greedy,12,won,46,46,,0,0,0,archmage:conquered:21 orc:conquered:30 goblin:conquered:38 dwarf:conquered:46,2,23,21,0,2,0,79,5,18855.5,17195.4,15969.3,0.914,5,2,0,4,0
rivalStart:+20,steadfast,greedy,13,won,59,59,,0,0,0,archmage:conquered:35 goblin:conquered:43 orc:conquered:51 dwarf:conquered:59,5,31,28,0,2,0,81,5,19504.9,17916.7,16741.3,0.911,7,11,0,4,0
rivalStart:+20,steadfast,greedy,14,won,49,49,,0,0,0,goblin:conquered:25 archmage:conquered:33 orc:conquered:41 dwarf:conquered:49,2,20,18,0,2,0,73,4,18721.2,17064.5,16741.3,0.87,6,1,0,2,0
rivalStart:+20,steadfast,greedy,15,won,57,57,,0,0,0,orc:conquered:33 goblin:conquered:41 archmage:conquered:49 dwarf:conquered:57,5,24,22,0,3,1,75,8,19182.9,17523.1,16741.3,0.869,7,2,0,3,0
rivalStart:+20,steadfast,greedy,16,won,51,51,,0,0,0,archmage:conquered:27 orc:conquered:35 goblin:conquered:43 dwarf:conquered:51,3,20,17,0,2,0,83,7,18665.1,17167.6,16741.3,0.889,6,2,0,4,0
rivalStart:+20,steadfast,greedy,17,won,46,46,,0,0,0,archmage:conquered:21 orc:conquered:30 goblin:conquered:38 dwarf:conquered:46,2,21,19,0,2,0,72,1,17690.3,16148.8,15969.3,0.88,5,1,0,4,0
rivalStart:+20,steadfast,greedy,18,won,46,46,,0,0,0,archmage:conquered:22 orc:conquered:30 goblin:conquered:38 dwarf:conquered:46,2,23,20,0,2,0,77,5,18935.3,17252.9,15969.3,0.896,6,2,0,6,0
rivalStart:+20,steadfast,greedy,19,won,50,50,,0,0,0,archmage:conquered:26 orc:conquered:34 goblin:conquered:42 dwarf:conquered:50,2,24,23,0,2,0,69,1,20195.8,18347.8,16741.3,0.909,6,3,0,5,0
rivalStart:+20,steadfast,greedy,20,won,49,49,,0,0,0,archmage:conquered:25 goblin:conquered:33 orc:conquered:41 dwarf:conquered:49,3,22,21,0,2,0,73,5,19433.4,17714.5,16741.3,0.881,6,1,0,4,0
rivalStart:+20,steadfast,greedy,21,won,49,49,,0,0,0,goblin:conquered:25 archmage:conquered:33 orc:conquered:41 dwarf:conquered:49,3,23,21,0,2,0,68,1,19740,17933.7,16741.3,0.9,6,1,0,3,0
rivalStart:+20,steadfast,greedy,22,won,48,48,,0,0,0,goblin:conquered:23 archmage:conquered:32 orc:conquered:40 dwarf:conquered:48,2,23,22,0,2,0,74,6,19615.4,17809.1,16741.3,0.903,6,2,0,3,0
rivalStart:+20,steadfast,greedy,23,won,46,46,,0,0,0,archmage:conquered:22 goblin:conquered:30 orc:conquered:38 dwarf:conquered:46,2,21,19,0,2,0,72,1,18859.9,17224.2,15969.3,0.916,6,2,0,3,0
rivalStart:+20,steadfast,greedy,24,won,49,49,,0,0,0,archmage:conquered:25 goblin:conquered:33 orc:conquered:41 dwarf:conquered:49,3,26,25,0,2,0,68,0,19508.6,17764.9,16741.3,0.88,6,2,0,4,0
rivalStart:+20,steadfast,greedy,25,won,56,56,,0,0,0,archmage:conquered:31 goblin:conquered:39 orc:conquered:48 dwarf:conquered:56,3,28,25,0,2,0,77,7,18304.5,16696.6,16741.3,0.86,6,2,0,5,0
rivalStart:+20,steadfast,greedy,26,won,66,66,,0,0,0,archmage:conquered:42 orc:conquered:50 goblin:conquered:58 dwarf:conquered:66,4,29,25,0,2,0,87,2,17378.8,16273.5,16741.3,0.864,8,1,0,7,0
rivalStart:+20,steadfast,greedy,27,won,46,46,,0,0,0,archmage:conquered:21 orc:conquered:30 goblin:conquered:38 dwarf:conquered:46,2,19,17,0,2,0,77,6,17716.9,16168.5,15969.3,0.877,5,1,0,4,0
rivalStart:+20,steadfast,greedy,28,won,55,55,,0,0,0,goblin:conquered:31 orc:conquered:39 archmage:conquered:47 dwarf:conquered:55,3,28,26,0,2,0,76,4,18469.8,16959.9,16741.3,0.881,6,2,0,5,0
rivalStart:+20,steadfast,greedy,29,won,64,64,,0,0,0,archmage:conquered:39 orc:conquered:48 goblin:conquered:56 dwarf:conquered:64,4,32,29,0,2,0,85,5,18336.8,16977.6,16741.3,0.904,8,1,0,5,0
rivalStart:+20,steadfast,greedy,30,won,51,51,,0,0,0,archmage:conquered:26 orc:conquered:35 goblin:conquered:43 dwarf:conquered:51,3,23,22,0,2,0,72,4,20176.8,18372.5,16741.3,0.928,7,2,0,5,0
tierIVDominion:-10,committed,greedy,1,won,70,70,,1,0,0,goblin:conquered:43 archmage:conquered:54 orc:conquered:62 dwarf:conquered:70,2,29,24,1,2,0,90,8,13483,12886.7,16741.3,0.782,6,10,5,11,0
tierIVDominion:-10,committed,greedy,2,won,70,70,,1,1,0,archmage:conquered:43 goblin:conquered:54 orc:conquered:62 dwarf:conquered:70,1,32,26,0,2,0,85,6,13319.8,12750.9,16741.3,0.764,6,3,4,8,0
tierIVDominion:-10,committed,greedy,3,active,71,,,0,0,0,goblin:conquered:50 archmage:conquered:62 orc:conquered:70,6,41,30,2,2,0,123,1,15190,14612.7,16741.3,0.856,7,1,1,20,0
tierIVDominion:-10,committed,greedy,4,won,67,67,,0,0,0,archmage:conquered:40 goblin:conquered:50 orc:conquered:59 dwarf:conquered:67,2,29,23,1,2,0,89,7,13640.4,13099,16741.3,0.77,6,1,2,12,0
tierIVDominion:-10,committed,greedy,5,won,63,63,,0,0,0,archmage:conquered:37 orc:conquered:47 goblin:conquered:55 dwarf:conquered:63,2,30,25,0,2,0,91,9,15205.7,14332.6,16741.3,0.814,5,1,0,6,0
tierIVDominion:-10,committed,greedy,6,won,66,66,,0,0,0,archmage:conquered:40 dwarf:conquered:50 orc:conquered:58 goblin:conquered:66,3,30,23,0,3,1,97,11,13916.7,13313.7,16741.3,0.799,6,2,0,10,0
tierIVDominion:-10,committed,greedy,7,won,60,60,,0,0,0,goblin:conquered:35 archmage:conquered:44 orc:conquered:52 dwarf:conquered:60,3,28,24,0,2,0,89,12,15893.7,14778.3,16741.3,0.826,5,2,0,3,0
tierIVDominion:-10,committed,greedy,8,won,61,61,,0,0,0,archmage:conquered:34 goblin:conquered:45 orc:conquered:53 dwarf:conquered:61,2,30,25,0,2,0,86,7,15306.3,14446.5,16741.3,0.819,5,1,0,7,0
tierIVDominion:-10,committed,greedy,9,won,70,70,,0,0,0,goblin:conquered:42 archmage:conquered:54 orc:conquered:62 dwarf:conquered:70,2,32,27,0,4,2,90,10,13665.2,13046.5,16741.3,0.76,6,2,2,10,0
tierIVDominion:-10,committed,greedy,10,active,71,,,0,0,0,archmage:conquered:63,8,35,27,0,2,0,100,0,14305.6,13865.8,16741.3,0.824,6,2,0,21,0
tierIVDominion:-10,committed,greedy,11,won,64,64,,0,0,0,goblin:conquered:40 archmage:conquered:48 orc:conquered:56 dwarf:conquered:64,2,27,23,0,2,0,83,9,14825.9,13819.9,16741.3,0.79,5,1,0,3,0
tierIVDominion:-10,committed,greedy,12,won,51,51,,0,0,0,archmage:conquered:26 orc:conquered:35 goblin:conquered:43 dwarf:conquered:51,2,23,21,0,2,0,81,14,16794.8,15448.9,16741.3,0.844,4,2,0,4,0
tierIVDominion:-10,committed,greedy,13,active,71,,,0,0,0,,7,26,12,1,2,0,99,1,14748.5,14150.4,16741.3,0.827,6,11,0,38,0
tierIVDominion:-10,committed,greedy,14,won,58,58,,0,0,0,goblin:conquered:33 orc:conquered:42 archmage:conquered:50 dwarf:conquered:58,1,21,17,0,2,0,81,6,14687.8,13706.6,16741.3,0.783,5,1,0,6,0
tierIVDominion:-10,committed,greedy,15,active,71,,,0,0,0,goblin:conquered:50 archmage:conquered:63,4,33,24,1,3,1,116,11,13293.2,12872,16741.3,0.797,6,2,2,22,0
tierIVDominion:-10,committed,greedy,16,active,71,,,0,0,0,archmage:conquered:53 goblin:conquered:61 orc:conquered:69,5,37,30,0,2,0,86,7,14249.8,13596.7,16741.3,0.81,6,2,2,8,0
tierIVDominion:-10,committed,greedy,17,active,71,,,0,0,0,,8,28,13,2,2,0,134,8,13509.3,13001.4,16741.3,0.805,7,1,0,35,0
tierIVDominion:-10,committed,greedy,18,active,71,,,0,0,0,,8,26,13,0,2,0,78,3,14194.6,13769.5,16741.3,0.817,6,2,1,36,0
tierIVDominion:-10,committed,greedy,19,active,71,,,0,0,0,,7,26,13,0,2,0,89,1,14326.5,13812.9,16741.3,0.788,6,3,0,43,0
tierIVDominion:-10,committed,greedy,20,active,71,,,0,0,0,,6,24,7,0,3,1,119,4,13183.6,12793.6,16741.3,0.789,6,2,0,36,0
tierIVDominion:-10,committed,greedy,21,active,71,,,0,0,0,,7,24,9,2,2,0,83,6,13700.2,13296,16741.3,0.81,6,1,0,33,0
tierIVDominion:-10,committed,greedy,22,active,71,,,0,0,0,,7,29,9,2,3,1,143,8,13748.3,13351.7,16741.3,0.8,6,2,0,34,0
tierIVDominion:-10,committed,greedy,23,active,71,,,0,0,0,,7,25,11,0,2,0,116,1,14428.9,13884.1,16741.3,0.819,6,2,0,35,0
tierIVDominion:-10,committed,greedy,24,won,61,61,,0,0,0,dwarf:conquered:35 orc:conquered:45 archmage:conquered:53 goblin:conquered:61,3,24,19,0,2,0,86,8,14643.1,13822.2,16741.3,0.805,5,2,2,5,0
tierIVDominion:-10,committed,greedy,25,active,71,,,0,0,0,,7,29,7,0,2,0,108,5,13356.9,12964.5,16741.3,0.793,6,3,0,23,0
tierIVDominion:-10,committed,greedy,26,active,71,,,0,0,0,,4,24,11,0,2,0,100,2,13930.3,13374.1,16741.3,0.773,6,1,1,35,0
tierIVDominion:-10,committed,greedy,27,won,62,62,,0,0,0,goblin:conquered:36 archmage:conquered:46 orc:conquered:54 dwarf:conquered:62,2,30,26,0,2,0,90,8,14893.8,13986.1,16741.3,0.816,5,1,0,8,0
tierIVDominion:-10,committed,greedy,28,active,71,,,0,0,0,orc:conquered:65,4,42,37,2,2,0,99,10,13504.8,12984.3,16741.3,0.787,6,2,2,20,0
tierIVDominion:-10,committed,greedy,29,won,63,63,,0,0,0,goblin:conquered:39 archmage:conquered:47 orc:conquered:55 dwarf:conquered:63,2,29,26,0,2,0,83,5,15374.1,14311.4,16741.3,0.804,5,1,0,5,0
tierIVDominion:-10,committed,greedy,30,active,71,,,0,0,0,goblin:conquered:39 archmage:conquered:55 orc:conquered:63,3,32,26,0,2,0,93,5,14575.5,13876.6,16741.3,0.841,7,2,1,15,0
tierIVDominion:-10,steadfast,greedy,1,won,67,67,,0,0,0,archmage:conquered:43 orc:conquered:51 goblin:conquered:59 dwarf:conquered:67,4,32,28,0,2,0,87,3,16745.6,15695.8,16741.3,0.875,8,10,0,3,0
tierIVDominion:-10,steadfast,greedy,2,won,63,63,,0,0,0,archmage:conquered:39 orc:conquered:47 dwarf:conquered:55 goblin:conquered:63,4,30,25,0,2,0,85,4,17433.3,16265.6,16741.3,0.867,7,2,0,7,0
tierIVDominion:-10,steadfast,greedy,3,won,54,54,,0,0,0,archmage:conquered:30 goblin:conquered:38 orc:conquered:46 dwarf:conquered:54,4,27,25,0,2,0,73,5,20624.1,18732.2,16741.3,0.931,7,1,0,4,0
tierIVDominion:-10,steadfast,greedy,4,won,60,60,,0,0,0,archmage:conquered:36 orc:conquered:44 goblin:conquered:52 dwarf:conquered:60,4,29,25,0,2,0,77,2,17270.2,16010.8,16741.3,0.841,7,1,0,2,0
tierIVDominion:-10,steadfast,greedy,5,won,57,57,,0,0,0,archmage:conquered:33 orc:conquered:41 goblin:conquered:49 dwarf:conquered:57,3,26,22,0,2,0,80,3,18424.1,17064.3,16741.3,0.885,7,1,0,5,0
tierIVDominion:-10,steadfast,greedy,6,won,48,48,,0,0,0,goblin:conquered:24 archmage:conquered:32 orc:conquered:40 dwarf:conquered:48,2,21,20,0,3,1,70,2,19122.7,17410.6,16741.3,0.87,7,2,0,4,0
tierIVDominion:-10,steadfast,greedy,7,won,46,46,,0,0,0,goblin:conquered:21 archmage:conquered:30 orc:conquered:38 dwarf:conquered:46,2,23,22,0,2,0,72,4,19172,17479.3,15969.3,0.913,5,2,0,5,0
tierIVDominion:-10,steadfast,greedy,8,won,55,55,,0,0,0,archmage:conquered:31 goblin:conquered:39 orc:conquered:47 dwarf:conquered:55,4,25,22,0,2,0,70,1,19805,18093.6,16741.3,0.901,6,1,0,3,0
tierIVDominion:-10,steadfast,greedy,9,won,49,49,,0,0,0,goblin:conquered:23 archmage:conquered:33 orc:conquered:41 dwarf:conquered:49,2,22,20,0,3,1,84,7,18052.8,16584.5,16741.3,0.859,6,2,0,3,0
tierIVDominion:-10,steadfast,greedy,10,active,71,,,0,0,0,orc:conquered:27,3,18,17,0,2,0,75,7,20064.8,18280.9,16741.3,0.907,9,2,0,4,0
tierIVDominion:-10,steadfast,greedy,11,won,61,61,,0,0,0,archmage:conquered:37 orc:conquered:45 goblin:conquered:53 dwarf:conquered:61,4,29,27,0,2,0,79,4,18880,17454.5,16741.3,0.875,7,1,0,4,0
tierIVDominion:-10,steadfast,greedy,12,won,55,55,,0,0,0,archmage:conquered:30 goblin:conquered:38 orc:conquered:47 dwarf:conquered:55,4,28,27,0,2,0,73,5,20393.7,18539,16741.3,0.917,7,2,0,4,0
tierIVDominion:-10,steadfast,greedy,13,won,57,57,,0,0,0,archmage:conquered:33 goblin:conquered:41 orc:conquered:49 dwarf:conquered:57,4,27,24,0,2,0,80,4,19504.9,17916.7,16741.3,0.915,7,11,0,4,0
tierIVDominion:-10,steadfast,greedy,14,won,50,50,,0,0,0,goblin:conquered:25 archmage:conquered:34 orc:conquered:42 dwarf:conquered:50,2,21,19,0,2,0,73,4,18721.2,17064.5,16741.3,0.869,6,1,0,3,0
tierIVDominion:-10,steadfast,greedy,15,won,57,57,,0,0,0,orc:conquered:33 goblin:conquered:41 archmage:conquered:49 dwarf:conquered:57,5,24,22,0,3,1,75,8,19182.9,17523.1,16741.3,0.869,7,2,0,5,0
tierIVDominion:-10,steadfast,greedy,16,won,60,60,,0,0,0,archmage:conquered:36 goblin:conquered:44 orc:conquered:52 dwarf:conquered:60,4,25,22,0,2,0,77,3,18928.8,17415.1,16741.3,0.896,7,2,0,6,0
tierIVDominion:-10,steadfast,greedy,17,won,46,46,,0,0,0,goblin:conquered:21 archmage:conquered:30 orc:conquered:38 dwarf:conquered:46,2,21,20,0,2,0,71,3,17670.2,16149.2,15969.3,0.88,5,1,0,3,0
tierIVDominion:-10,steadfast,greedy,18,won,46,46,,0,0,0,archmage:conquered:22 orc:conquered:30 goblin:conquered:38 dwarf:conquered:46,2,23,20,0,2,0,78,6,18935.3,17252.9,15969.3,0.896,6,2,0,5,0
tierIVDominion:-10,steadfast,greedy,19,won,51,51,,0,0,0,archmage:conquered:27 orc:conquered:35 goblin:conquered:43 dwarf:conquered:51,3,24,22,0,2,0,70,1,20190.6,18347.8,16741.3,0.907,6,3,0,4,0
tierIVDominion:-10,steadfast,greedy,20,won,48,48,,0,0,0,goblin:conquered:24 archmage:conquered:32 orc:conquered:40 dwarf:conquered:48,4,23,21,0,2,0,70,2,19188.7,17496,16741.3,0.88,5,1,0,3,0
tierIVDominion:-10,steadfast,greedy,21,won,48,48,,0,0,0,goblin:conquered:24 archmage:conquered:32 orc:conquered:40 dwarf:conquered:48,3,22,20,0,2,0,68,1,19497.2,17722.6,16741.3,0.906,6,1,0,3,0
tierIVDominion:-10,steadfast,greedy,22,won,48,48,,0,0,0,goblin:conquered:23 archmage:conquered:32 orc:conquered:40 dwarf:conquered:48,3,24,23,0,2,0,74,6,19615.4,17809.1,16741.3,0.903,6,2,0,4,0
tierIVDominion:-10,steadfast,greedy,23,won,48,48,,0,0,0,archmage:conquered:23 orc:conquered:32 goblin:conquered:40 dwarf:conquered:48,2,20,18,0,2,0,71,1,20228.4,18427.9,16741.3,0.918,6,2,0,2,0
tierIVDominion:-10,steadfast,greedy,24,won,49,49,,0,0,0,archmage:conquered:25 goblin:conquered:33 orc:conquered:41 dwarf:conquered:49,3,26,25,0,2,0,68,0,19508.6,17764.9,16741.3,0.88,6,2,0,4,0
tierIVDominion:-10,steadfast,greedy,25,won,52,52,,0,0,0,archmage:conquered:27 orc:conquered:36 goblin:conquered:44 dwarf:conquered:52,3,22,21,0,2,0,70,3,18310.2,16696.9,16741.3,0.861,6,2,0,4,0
tierIVDominion:-10,steadfast,greedy,26,won,69,69,,0,0,0,archmage:conquered:45 orc:conquered:53 goblin:conquered:61 dwarf:conquered:69,4,35,31,0,2,0,85,2,17412,16272.2,16741.3,0.868,8,1,0,5,0
tierIVDominion:-10,steadfast,greedy,27,won,46,46,,0,0,0,archmage:conquered:22 goblin:conquered:30 orc:conquered:38 dwarf:conquered:46,2,22,20,0,2,0,76,5,17716.9,16168.5,15969.3,0.877,5,1,0,4,0
tierIVDominion:-10,steadfast,greedy,28,won,58,58,,0,0,0,goblin:conquered:34 archmage:conquered:42 orc:conquered:50 dwarf:conquered:58,3,29,26,0,2,0,74,3,18469.8,16959.9,16741.3,0.883,8,2,0,4,0
tierIVDominion:-10,steadfast,greedy,29,won,62,62,,0,0,0,archmage:conquered:37 orc:conquered:46 goblin:conquered:54 dwarf:conquered:62,4,31,26,0,2,0,87,7,18352.9,16977,16741.3,0.902,8,1,0,6,0
tierIVDominion:-10,steadfast,greedy,30,won,46,46,,0,0,0,archmage:conquered:21 orc:conquered:30 goblin:conquered:38 dwarf:conquered:46,3,24,23,0,2,0,73,2,19358.9,17631.9,15969.3,0.928,5,2,0,4,0
tierIVDominion:-20,committed,greedy,1,won,70,70,,1,1,0,goblin:conquered:44 archmage:conquered:54 orc:conquered:62 dwarf:conquered:70,1,29,24,1,2,0,89,7,13483,12886.7,16741.3,0.782,6,10,6,7,0
tierIVDominion:-20,committed,greedy,2,won,69,69,,1,1,0,archmage:conquered:43 goblin:conquered:53 orc:conquered:61 dwarf:conquered:69,1,29,24,0,2,0,84,5,13339.9,12750.6,16741.3,0.765,6,3,4,6,0
tierIVDominion:-20,committed,greedy,3,active,71,,,0,0,0,goblin:conquered:50 archmage:conquered:62 orc:conquered:70,6,41,30,2,2,0,123,1,15190,14612.7,16741.3,0.856,7,1,1,19,0
tierIVDominion:-20,committed,greedy,4,won,67,67,,0,0,0,archmage:conquered:40 goblin:conquered:51 orc:conquered:59 dwarf:conquered:67,3,29,23,1,2,0,90,9,13694.8,13098.5,16741.3,0.77,6,1,2,5,0
tierIVDominion:-20,committed,greedy,5,won,63,63,,0,0,0,archmage:conquered:39 orc:conquered:47 goblin:conquered:55 dwarf:conquered:63,3,29,24,0,2,0,93,11,15253.4,14332,16741.3,0.814,5,1,0,4,0
tierIVDominion:-20,committed,greedy,6,active,71,,,0,0,0,archmage:conquered:40 orc:conquered:55 goblin:conquered:63,2,34,27,0,3,1,94,8,13944.7,13313.7,16741.3,0.804,6,2,1,9,0
tierIVDominion:-20,committed,greedy,7,won,64,64,,0,0,0,archmage:conquered:40 goblin:conquered:48 orc:conquered:56 dwarf:conquered:64,5,32,28,0,2,0,87,10,15887.6,14778.1,16741.3,0.827,5,2,0,2,0
tierIVDominion:-20,committed,greedy,8,won,60,60,,0,0,0,archmage:conquered:34 goblin:conquered:43 orc:conquered:52 dwarf:conquered:60,2,30,25,0,2,0,87,8,15315.3,14446.6,16741.3,0.818,5,1,0,6,0
tierIVDominion:-20,committed,greedy,9,won,67,67,,1,0,0,goblin:conquered:42 archmage:conquered:51 orc:conquered:59 dwarf:conquered:67,2,29,24,0,4,2,92,12,13711.2,13045.7,16741.3,0.76,6,2,4,5,0
tierIVDominion:-20,committed,greedy,10,won,65,65,,0,0,0,archmage:conquered:40 dwarf:conquered:49 orc:conquered:57 goblin:conquered:65,4,33,25,0,2,0,85,8,14471.8,13859,16741.3,0.82,5,2,0,7,0
tierIVDominion:-20,committed,greedy,11,won,64,64,,0,0,0,goblin:conquered:40 archmage:conquered:48 orc:conquered:56 dwarf:conquered:64,2,27,23,0,2,0,84,10,14816.6,13820.2,16741.3,0.79,5,1,0,3,0
tierIVDominion:-20,committed,greedy,12,won,51,51,,0,0,0,archmage:conquered:26 orc:conquered:35 goblin:conquered:43 dwarf:conquered:51,2,23,21,0,2,0,78,11,16777.3,15449.1,16741.3,0.844,4,2,0,0,0
tierIVDominion:-20,committed,greedy,13,active,71,,,0,0,0,,7,26,12,1,2,0,99,1,14748.5,14150.4,16741.3,0.827,6,11,0,38,0
tierIVDominion:-20,committed,greedy,14,won,58,58,,0,0,0,goblin:conquered:33 orc:conquered:42 archmage:conquered:50 dwarf:conquered:58,1,21,17,0,2,0,81,6,14687.8,13706.6,16741.3,0.783,5,1,0,3,0
tierIVDominion:-20,committed,greedy,15,active,71,,,0,0,0,goblin:conquered:50 archmage:conquered:63,4,33,24,1,3,1,116,11,13293.2,12872,16741.3,0.797,6,2,2,22,0
tierIVDominion:-20,committed,greedy,16,won,66,66,,1,1,0,dwarf:conquered:39 archmage:conquered:50 goblin:conquered:58 orc:conquered:66,3,32,25,0,2,0,84,6,14289.1,13596.1,16741.3,0.808,6,2,4,5,0
tierIVDominion:-20,committed,greedy,17,active,71,,,0,0,0,,8,28,13,2,2,0,134,8,13509.3,13001.4,16741.3,0.805,7,1,0,33,0
tierIVDominion:-20,committed,greedy,18,active,71,,,0,0,0,,8,26,13,0,2,0,78,3,14194.6,13769.5,16741.3,0.817,6,2,1,36,0
tierIVDominion:-20,committed,greedy,19,active,71,,,0,0,0,,7,26,13,0,2,0,89,1,14326.5,13812.9,16741.3,0.788,6,3,0,43,0
tierIVDominion:-20,committed,greedy,20,active,71,,,0,0,0,,6,24,7,0,3,1,119,4,13183.6,12793.6,16741.3,0.789,6,2,0,36,0
tierIVDominion:-20,committed,greedy,21,active,71,,,0,0,0,,7,24,9,2,2,0,83,6,13700.2,13296,16741.3,0.81,6,1,0,33,0
tierIVDominion:-20,committed,greedy,22,active,71,,,0,0,0,,7,29,9,2,3,1,143,8,13748.3,13351.7,16741.3,0.8,6,2,0,34,0
tierIVDominion:-20,committed,greedy,23,active,71,,,0,0,0,,7,25,11,0,2,0,116,1,14428.9,13884.1,16741.3,0.819,6,2,0,35,0
tierIVDominion:-20,committed,greedy,24,won,61,61,,0,0,0,dwarf:conquered:35 orc:conquered:45 archmage:conquered:53 goblin:conquered:61,3,26,20,0,2,0,85,7,14653.4,13822.2,16741.3,0.805,5,2,2,4,0
tierIVDominion:-20,committed,greedy,25,active,71,,,0,0,0,,7,29,7,0,2,0,108,5,13356.9,12964.5,16741.3,0.793,6,3,0,23,0
tierIVDominion:-20,committed,greedy,26,active,71,,,0,0,0,,4,24,11,0,2,0,100,2,13930.3,13374.1,16741.3,0.773,6,1,1,35,0
tierIVDominion:-20,committed,greedy,27,active,71,,,0,0,0,archmage:conquered:49 goblin:conquered:57 orc:conquered:65,4,33,29,0,2,0,94,11,14915.1,13985.6,16741.3,0.815,6,1,0,5,0
tierIVDominion:-20,committed,greedy,28,active,71,,,0,0,0,orc:conquered:64,4,40,35,2,2,0,99,10,13504.8,12984.3,16741.3,0.787,6,2,2,19,0
tierIVDominion:-20,committed,greedy,29,won,64,64,,0,0,0,goblin:conquered:40 archmage:conquered:48 orc:conquered:56 dwarf:conquered:64,3,29,26,0,2,0,84,6,15374.1,14311.4,16741.3,0.805,5,1,0,3,0
tierIVDominion:-20,committed,greedy,30,won,66,66,,0,0,0,goblin:conquered:39 archmage:conquered:50 orc:conquered:58 dwarf:conquered:66,3,32,26,0,2,0,88,4,14593.1,13876.7,16741.3,0.838,6,2,1,10,0
tierIVDominion:-20,steadfast,greedy,1,won,67,67,,0,0,0,archmage:conquered:43 orc:conquered:51 goblin:conquered:59 dwarf:conquered:67,4,32,28,0,2,0,87,3,16745.6,15695.8,16741.3,0.875,8,10,0,3,0
tierIVDominion:-20,steadfast,greedy,2,won,64,64,,0,0,0,archmage:conquered:40 orc:conquered:48 goblin:conquered:56 dwarf:conquered:64,4,29,24,0,2,0,86,5,17456.7,16264.7,16741.3,0.869,7,2,0,5,0
tierIVDominion:-20,steadfast,greedy,3,won,54,54,,0,0,0,archmage:conquered:30 goblin:conquered:38 orc:conquered:46 dwarf:conquered:54,4,27,25,0,2,0,73,5,20624.1,18732.2,16741.3,0.931,7,1,0,1,0
tierIVDominion:-20,steadfast,greedy,4,won,60,60,,0,0,0,archmage:conquered:36 orc:conquered:44 goblin:conquered:52 dwarf:conquered:60,4,29,25,0,2,0,77,2,17270.2,16010.8,16741.3,0.841,7,1,0,2,0
tierIVDominion:-20,steadfast,greedy,5,won,57,57,,0,0,0,archmage:conquered:33 orc:conquered:41 goblin:conquered:49 dwarf:conquered:57,3,26,22,0,2,0,80,3,18413,17064.9,16741.3,0.885,7,1,0,2,0
tierIVDominion:-20,steadfast,greedy,6,won,48,48,,0,0,0,goblin:conquered:24 archmage:conquered:32 orc:conquered:40 dwarf:conquered:48,2,21,20,0,3,1,70,2,19122.7,17410.6,16741.3,0.87,7,2,0,0,0
tierIVDominion:-20,steadfast,greedy,7,won,46,46,,0,0,0,goblin:conquered:21 archmage:conquered:30 orc:conquered:38 dwarf:conquered:46,2,23,22,0,2,0,72,4,19172,17479.3,15969.3,0.913,5,2,0,0,0
tierIVDominion:-20,steadfast,greedy,8,won,55,55,,0,0,0,archmage:conquered:31 goblin:conquered:39 orc:conquered:47 dwarf:conquered:55,4,25,22,0,2,0,70,1,19784.7,18094,16741.3,0.901,6,1,0,0,0
tierIVDominion:-20,steadfast,greedy,9,won,51,51,,0,0,0,archmage:conquered:26 orc:conquered:35 goblin:conquered:43 dwarf:conquered:51,3,20,18,0,3,1,87,8,18028.7,16584.8,16741.3,0.859,6,2,0,0,0
tierIVDominion:-20,steadfast,greedy,10,active,71,,,0,0,0,orc:conquered:27,3,18,17,0,2,0,75,7,20064.8,18280.9,16741.3,0.907,9,2,0,0,0
tierIVDominion:-20,steadfast,greedy,11,won,61,61,,0,0,0,archmage:conquered:37 orc:conquered:45 goblin:conquered:53 dwarf:conquered:61,4,30,28,0,2,0,78,3,18899.8,17454.3,16741.3,0.875,7,1,0,2,0
tierIVDominion:-20,steadfast,greedy,12,won,55,55,,0,0,0,archmage:conquered:30 goblin:conquered:38 orc:conquered:47 dwarf:conquered:55,4,28,27,0,2,0,73,5,20393.7,18539,16741.3,0.917,7,2,0,0,0
tierIVDominion:-20,steadfast,greedy,13,won,59,59,,0,0,0,archmage:conquered:35 orc:conquered:43 goblin:conquered:51 dwarf:conquered:59,5,30,27,0,2,0,81,5,19452.9,17916.4,16741.3,0.911,7,11,0,1,0
tierIVDominion:-20,steadfast,greedy,14,won,50,50,,0,0,0,goblin:conquered:25 archmage:conquered:34 orc:conquered:42 dwarf:conquered:50,2,21,19,0,2,0,73,4,18721.2,17064.5,16741.3,0.869,6,1,0,0,0
tierIVDominion:-20,steadfast,greedy,15,won,57,57,,0,0,0,orc:conquered:33 goblin:conquered:41 archmage:conquered:49 dwarf:conquered:57,5,24,22,0,3,1,75,8,19182.9,17523.1,16741.3,0.869,7,2,0,0,0
tierIVDominion:-20,steadfast,greedy,16,won,57,57,,0,0,0,archmage:conquered:33 goblin:conquered:41 orc:conquered:49 dwarf:conquered:57,4,26,23,0,2,0,78,4,18939.4,17414.6,16741.3,0.893,7,2,0,1,0
tierIVDominion:-20,steadfast,greedy,17,won,46,46,,0,0,0,goblin:conquered:21 archmage:conquered:30 orc:conquered:38 dwarf:conquered:46,2,21,20,0,2,0,71,3,17670.2,16149.2,15969.3,0.88,5,1,0,0,0
tierIVDominion:-20,steadfast,greedy,18,won,46,46,,0,0,0,archmage:conquered:22 orc:conquered:30 goblin:conquered:38 dwarf:conquered:46,2,23,20,0,2,0,78,6,18913.6,17253.4,15969.3,0.896,6,2,0,5,0
tierIVDominion:-20,steadfast,greedy,19,won,50,50,,0,0,0,archmage:conquered:26 orc:conquered:34 goblin:conquered:42 dwarf:conquered:50,3,24,22,0,2,0,70,1,20183.4,18348.2,16741.3,0.909,6,3,0,4,0
tierIVDominion:-20,steadfast,greedy,20,won,48,48,,0,0,0,goblin:conquered:24 archmage:conquered:32 orc:conquered:40 dwarf:conquered:48,4,23,21,0,2,0,70,2,19188.7,17496,16741.3,0.88,5,1,0,0,0
tierIVDominion:-20,steadfast,greedy,21,won,48,48,,0,0,0,goblin:conquered:24 archmage:conquered:32 orc:conquered:40 dwarf:conquered:48,3,22,20,0,2,0,68,1,19497.2,17722.6,16741.3,0.906,6,1,0,0,0
tierIVDominion:-20,steadfast,greedy,22,won,48,48,,0,0,0,goblin:conquered:23 archmage:conquered:32 orc:conquered:40 dwarf:conquered:48,3,24,23,0,2,0,74,6,19615.4,17809.1,16741.3,0.903,6,2,0,1,0
tierIVDominion:-20,steadfast,greedy,23,won,48,48,,0,0,0,archmage:conquered:23 orc:conquered:32 goblin:conquered:40 dwarf:conquered:48,2,20,18,0,2,0,71,1,20228.4,18427.9,16741.3,0.918,6,2,0,1,0
tierIVDominion:-20,steadfast,greedy,24,won,49,49,,0,0,0,archmage:conquered:25 goblin:conquered:33 orc:conquered:41 dwarf:conquered:49,3,26,25,0,2,0,68,0,19508.6,17764.9,16741.3,0.88,6,2,0,0,0
tierIVDominion:-20,steadfast,greedy,25,won,52,52,,0,0,0,archmage:conquered:27 orc:conquered:36 goblin:conquered:44 dwarf:conquered:52,3,22,21,0,2,0,70,3,18310.2,16696.9,16741.3,0.861,6,2,0,0,0
tierIVDominion:-20,steadfast,greedy,26,won,69,69,,0,0,0,archmage:conquered:45 orc:conquered:53 goblin:conquered:61 dwarf:conquered:69,4,35,31,0,2,0,84,1,17412,16272.2,16741.3,0.868,8,1,0,5,0
tierIVDominion:-20,steadfast,greedy,27,won,46,46,,0,0,0,archmage:conquered:22 goblin:conquered:30 orc:conquered:38 dwarf:conquered:46,2,22,20,0,2,0,76,5,17705.7,16168.7,15969.3,0.877,5,1,0,1,0
tierIVDominion:-20,steadfast,greedy,28,won,58,58,,0,0,0,goblin:conquered:34 archmage:conquered:42 orc:conquered:50 dwarf:conquered:58,3,29,26,0,2,0,74,2,18458.3,16960.3,16741.3,0.883,8,2,0,2,0
tierIVDominion:-20,steadfast,greedy,29,won,62,62,,0,0,0,archmage:conquered:37 orc:conquered:46 goblin:conquered:54 dwarf:conquered:62,4,31,26,0,2,0,87,7,18352.9,16977,16741.3,0.902,8,1,0,6,0
tierIVDominion:-20,steadfast,greedy,30,won,46,46,,0,0,0,archmage:conquered:21 orc:conquered:30 goblin:conquered:38 dwarf:conquered:46,3,24,23,0,2,0,73,2,19339.7,17632.1,15969.3,0.928,5,2,0,3,0
tierIVDominion:+10,committed,greedy,1,active,71,,,1,0,0,goblin:conquered:43 archmage:conquered:66,1,31,26,1,2,0,92,7,13423.4,12887,16741.3,0.782,6,10,5,19,0
tierIVDominion:+10,committed,greedy,2,won,69,69,,1,1,0,archmage:conquered:43 goblin:conquered:53 orc:conquered:61 dwarf:conquered:69,1,29,24,0,2,0,86,7,13291.4,12751.2,16741.3,0.765,6,3,4,10,0
tierIVDominion:+10,committed,greedy,3,active,71,,,0,0,0,goblin:conquered:50 archmage:conquered:62 orc:conquered:71,6,39,28,2,2,0,125,1,15190,14612.7,16741.3,0.856,7,1,1,20,0
tierIVDominion:+10,committed,greedy,4,won,69,69,,0,0,0,archmage:conquered:40 goblin:conquered:51 orc:conquered:61 dwarf:conquered:69,2,30,24,1,2,0,91,7,13640.4,13099,16741.3,0.773,6,1,2,16,0
tierIVDominion:+10,committed,greedy,5,won,64,64,,0,0,0,archmage:conquered:37 dwarf:conquered:47 orc:conquered:56 goblin:conquered:64,3,29,24,0,2,0,92,11,15195.9,14332.8,16741.3,0.815,6,1,0,8,0
tierIVDominion:+10,committed,greedy,6,won,68,68,,0,0,0,archmage:conquered:40 orc:conquered:52 goblin:conquered:60 dwarf:conquered:68,3,31,24,0,3,1,96,10,13896.9,13313.9,16741.3,0.801,6,2,0,12,0
tierIVDominion:+10,committed,greedy,7,won,55,55,,0,0,0,goblin:conquered:30 orc:conquered:39 archmage:conquered:47 dwarf:conquered:55,3,26,22,0,2,0,91,14,15893.7,14778.3,16741.3,0.824,5,2,0,6,0
tierIVDominion:+10,committed,greedy,8,won,58,58,,0,0,0,archmage:conquered:34 goblin:conquered:42 orc:conquered:50 dwarf:conquered:58,2,29,24,0,2,0,82,4,15226.2,14447.3,16741.3,0.816,5,1,0,14,0
tierIVDominion:+10,committed,greedy,9,active,71,,,0,0,0,goblin:conquered:42 archmage:conquered:61 orc:conquered:69,2,31,26,0,4,2,96,9,13606,13046.9,16741.3,0.762,6,2,2,20,0
tierIVDominion:+10,committed,greedy,10,active,71,,,0,0,0,,8,18,10,1,2,0,99,0,14305.6,13865.8,16741.3,0.824,6,2,0,37,0
tierIVDominion:+10,committed,greedy,11,won,60,60,,0,0,0,archmage:conquered:36 goblin:conquered:44 orc:conquered:52 dwarf:conquered:60,1,26,22,0,2,0,90,15,14767.6,13820.7,16741.3,0.791,5,1,0,5,0
tierIVDominion:+10,committed,greedy,12,won,52,52,,0,0,0,archmage:conquered:26 orc:conquered:36 goblin:conquered:44 dwarf:conquered:52,2,25,23,0,2,0,77,10,16794.8,15448.9,16741.3,0.844,4,2,0,6,0
tierIVDominion:+10,committed,greedy,13,active,71,,,0,0,0,,7,26,12,1,2,0,99,1,14748.5,14150.4,16741.3,0.827,6,11,0,38,0
tierIVDominion:+10,committed,greedy,14,won,57,57,,0,0,0,goblin:conquered:33 archmage:conquered:41 orc:conquered:49 dwarf:conquered:57,1,22,18,0,2,0,81,6,14668.7,13707.1,16741.3,0.783,5,1,0,18,0
tierIVDominion:+10,committed,greedy,15,active,71,,,0,0,0,goblin:conquered:50 archmage:conquered:63,4,35,26,1,3,1,117,11,13293.2,12872,16741.3,0.797,6,2,2,24,0
tierIVDominion:+10,committed,greedy,16,won,67,67,,0,0,0,dwarf:conquered:40 archmage:conquered:51 orc:conquered:59 goblin:conquered:67,3,29,22,0,2,0,82,5,14249.8,13596.7,16741.3,0.806,6,2,1,8,0
tierIVDominion:+10,committed,greedy,17,active,71,,,0,0,0,,8,29,14,2,2,0,133,9,13509.3,13001.4,16741.3,0.805,7,1,0,35,0
tierIVDominion:+10,committed,greedy,18,active,71,,,0,0,0,,8,26,13,0,2,0,78,3,14194.6,13769.5,16741.3,0.817,6,2,1,36,0
tierIVDominion:+10,committed,greedy,19,active,71,,,0,0,0,,7,26,13,0,2,0,89,1,14326.5,13812.9,16741.3,0.788,6,3,0,43,0
tierIVDominion:+10,committed,greedy,20,active,71,,,0,0,0,,6,24,7,0,3,1,119,4,13183.6,12793.6,16741.3,0.789,6,2,0,36,0
tierIVDominion:+10,committed,greedy,21,active,71,,,0,0,0,,7,24,9,2,2,0,83,6,13700.2,13296,16741.3,0.81,6,1,0,33,0
tierIVDominion:+10,committed,greedy,22,active,71,,,0,0,0,,7,29,9,2,3,1,143,8,13748.3,13351.7,16741.3,0.8,6,2,0,34,0
tierIVDominion:+10,committed,greedy,23,active,71,,,0,0,0,,7,25,11,0,2,0,116,1,14428.9,13884.1,16741.3,0.819,6,2,0,35,0
tierIVDominion:+10,committed,greedy,24,won,60,60,,0,0,0,dwarf:conquered:35 orc:conquered:44 archmage:conquered:52 goblin:conquered:60,3,25,20,0,2,0,89,11,14633.1,13822.6,16741.3,0.806,5,2,0,6,0
tierIVDominion:+10,committed,greedy,25,active,71,,,0,0,0,,7,29,7,0,2,0,108,5,13356.9,12964.5,16741.3,0.793,6,3,0,23,0
tierIVDominion:+10,committed,greedy,26,active,71,,,0,0,0,,4,24,11,0,2,0,100,2,13930.3,13374.1,16741.3,0.773,6,1,1,35,0
tierIVDominion:+10,committed,greedy,27,won,60,60,,0,0,0,goblin:conquered:35 archmage:conquered:44 orc:conquered:52 dwarf:conquered:60,2,27,23,0,2,0,88,6,14857.9,13986.4,16741.3,0.814,5,1,0,16,0
tierIVDominion:+10,committed,greedy,28,active,71,,,0,0,0,archmage:conquered:66,5,43,38,2,2,0,99,10,13504.8,12984.3,16741.3,0.787,6,2,2,20,0
tierIVDominion:+10,committed,greedy,29,won,64,64,,0,0,0,goblin:conquered:40 archmage:conquered:48 orc:conquered:56 dwarf:conquered:64,2,28,25,0,2,0,87,9,15374.1,14311.4,16741.3,0.805,5,1,0,6,0
tierIVDominion:+10,committed,greedy,30,active,71,,,0,0,0,goblin:conquered:39 archmage:conquered:60 orc:conquered:68,3,32,26,0,2,0,97,5,14575.5,13876.6,16741.3,0.841,7,2,1,22,0
tierIVDominion:+10,steadfast,greedy,1,won,66,66,,0,0,0,archmage:conquered:42 orc:conquered:50 goblin:conquered:58 dwarf:conquered:66,4,31,27,0,2,0,87,3,16730.5,15696.3,16741.3,0.877,8,10,0,5,0
tierIVDominion:+10,steadfast,greedy,2,won,67,67,,0,0,0,archmage:conquered:43 goblin:conquered:51 orc:conquered:59 dwarf:conquered:67,5,32,27,0,2,0,84,3,17387.4,16266.8,16741.3,0.87,8,2,0,9,0
tierIVDominion:+10,steadfast,greedy,3,won,54,54,,0,0,0,archmage:conquered:30 goblin:conquered:38 orc:conquered:46 dwarf:conquered:54,4,27,25,0,2,0,73,5,20644.6,18731.7,16741.3,0.931,7,1,0,5,0
tierIVDominion:+10,steadfast,greedy,4,won,62,62,,0,0,0,archmage:conquered:38 orc:conquered:46 goblin:conquered:54 dwarf:conquered:62,4,29,25,0,2,0,80,5,17259.5,16011.2,16741.3,0.841,7,1,0,6,0
tierIVDominion:+10,steadfast,greedy,5,won,57,57,,0,0,0,archmage:conquered:33 orc:conquered:41 goblin:conquered:49 dwarf:conquered:57,3,26,22,0,2,0,80,3,18424.1,17064.3,16741.3,0.885,7,1,0,6,0
tierIVDominion:+10,steadfast,greedy,6,won,48,48,,0,0,0,goblin:conquered:24 archmage:conquered:32 orc:conquered:40 dwarf:conquered:48,2,21,20,0,3,1,70,2,19122.7,17410.6,16741.3,0.87,7,2,0,4,0
tierIVDominion:+10,steadfast,greedy,7,won,46,46,,0,0,0,goblin:conquered:21 archmage:conquered:30 orc:conquered:38 dwarf:conquered:46,2,23,22,0,2,0,72,4,19191.8,17478.8,15969.3,0.913,5,2,0,5,0
tierIVDominion:+10,steadfast,greedy,8,won,55,55,,0,0,0,archmage:conquered:31 goblin:conquered:39 orc:conquered:47 dwarf:conquered:55,4,25,22,0,2,0,72,3,19805,18093.6,16741.3,0.901,6,1,0,4,0
tierIVDominion:+10,steadfast,greedy,9,won,49,49,,0,0,0,goblin:conquered:23 archmage:conquered:33 orc:conquered:41 dwarf:conquered:49,2,20,18,0,3,1,84,7,18040.1,16584.4,16741.3,0.859,6,2,0,5,0
tierIVDominion:+10,steadfast,greedy,10,active,71,,,0,0,0,orc:conquered:27,3,18,17,0,2,0,75,7,20085.6,18280.4,16741.3,0.907,9,2,0,4,0
tierIVDominion:+10,steadfast,greedy,11,won,61,61,,0,0,0,archmage:conquered:37 orc:conquered:45 goblin:conquered:53 dwarf:conquered:61,4,30,28,0,2,0,80,5,18899.8,17454.3,16741.3,0.875,7,1,0,4,0
tierIVDominion:+10,steadfast,greedy,12,won,54,54,,0,0,0,archmage:conquered:30 goblin:conquered:38 orc:conquered:46 dwarf:conquered:54,4,27,26,0,2,0,73,5,20393.7,18539,16741.3,0.916,7,2,0,4,0
tierIVDominion:+10,steadfast,greedy,13,won,57,57,,0,0,0,archmage:conquered:33 goblin:conquered:41 orc:conquered:49 dwarf:conquered:57,4,27,24,0,2,0,80,4,19504.9,17916.7,16741.3,0.915,7,11,0,5,0
tierIVDominion:+10,steadfast,greedy,14,won,50,50,,0,0,0,goblin:conquered:25 orc:conquered:34 archmage:conquered:42 dwarf:conquered:50,2,19,17,0,2,0,73,4,18721.2,17064.5,16741.3,0.869,6,1,0,3,0
tierIVDominion:+10,steadfast,greedy,15,won,59,59,,0,0,0,archmage:conquered:35 goblin:conquered:43 orc:conquered:51 dwarf:conquered:59,5,28,25,0,3,1,75,7,19201.9,17522.8,16741.3,0.872,7,2,0,5,0
tierIVDominion:+10,steadfast,greedy,16,won,60,60,,0,0,0,archmage:conquered:36 goblin:conquered:44 orc:conquered:52 dwarf:conquered:60,4,25,22,0,2,0,77,3,18928.8,17415.1,16741.3,0.896,7,2,0,6,0
tierIVDominion:+10,steadfast,greedy,17,won,46,46,,0,0,0,goblin:conquered:21 archmage:conquered:30 orc:conquered:38 dwarf:conquered:46,2,21,20,0,2,0,70,3,17690.3,16148.8,15969.3,0.88,5,1,0,3,0
tierIVDominion:+10,steadfast,greedy,18,won,46,46,,0,0,0,archmage:conquered:22 orc:conquered:30 goblin:conquered:38 dwarf:conquered:46,2,23,20,0,2,0,77,5,18935.3,17252.9,15969.3,0.896,6,2,0,7,0
tierIVDominion:+10,steadfast,greedy,19,won,51,51,,0,0,0,archmage:conquered:27 orc:conquered:35 goblin:conquered:43 dwarf:conquered:51,3,24,22,0,2,0,70,1,20190.6,18347.8,16741.3,0.907,6,3,0,4,0
tierIVDominion:+10,steadfast,greedy,20,won,48,48,,0,0,0,goblin:conquered:24 archmage:conquered:32 orc:conquered:40 dwarf:conquered:48,4,23,21,0,2,0,70,2,19199.4,17495.8,16741.3,0.88,5,1,0,4,0
tierIVDominion:+10,steadfast,greedy,21,won,48,48,,0,0,0,goblin:conquered:24 archmage:conquered:32 orc:conquered:40 dwarf:conquered:48,3,22,20,0,2,0,68,1,19516.1,17722.1,16741.3,0.906,6,1,0,3,0
tierIVDominion:+10,steadfast,greedy,22,won,46,46,,0,0,0,goblin:conquered:21 orc:conquered:30 archmage:conquered:38 dwarf:conquered:46,3,23,22,0,2,0,75,7,18988,17245.3,15969.3,0.9,6,2,0,4,0
tierIVDominion:+10,steadfast,greedy,23,won,48,48,,0,0,0,archmage:conquered:23 orc:conquered:32 goblin:conquered:40 dwarf:conquered:48,2,20,18,0,2,0,71,1,20243.6,18427.3,16741.3,0.918,6,2,0,3,0
tierIVDominion:+10,steadfast,greedy,24,won,49,49,,0,0,0,archmage:conquered:25 goblin:conquered:33 orc:conquered:41 dwarf:conquered:49,3,26,25,0,2,0,68,0,19527.9,17764.6,16741.3,0.88,6,2,0,4,0
tierIVDominion:+10,steadfast,greedy,25,won,51,51,,0,0,0,archmage:conquered:26 orc:conquered:35 goblin:conquered:43 dwarf:conquered:51,3,22,21,0,2,0,73,5,18310.2,16696.9,16741.3,0.86,6,2,0,5,0
tierIVDominion:+10,steadfast,greedy,26,won,67,67,,0,0,0,archmage:conquered:43 goblin:conquered:51 orc:conquered:59 dwarf:conquered:67,4,32,28,0,2,0,84,1,17345.5,16273.9,16741.3,0.865,8,1,0,9,0
tierIVDominion:+10,steadfast,greedy,27,won,46,46,,0,0,0,archmage:conquered:22 goblin:conquered:30 orc:conquered:38 dwarf:conquered:46,2,22,20,0,2,0,76,5,17716.9,16168.5,15969.3,0.877,5,1,0,5,0
tierIVDominion:+10,steadfast,greedy,28,won,57,57,,0,0,0,goblin:conquered:33 archmage:conquered:41 orc:conquered:49 dwarf:conquered:57,3,29,26,0,2,0,74,3,18469.8,16959.9,16741.3,0.884,8,2,0,5,0
tierIVDominion:+10,steadfast,greedy,29,won,63,63,,0,0,0,archmage:conquered:38 orc:conquered:47 goblin:conquered:55 dwarf:conquered:63,4,32,27,0,2,0,83,4,18336.8,16977.6,16741.3,0.903,8,1,0,8,0
tierIVDominion:+10,steadfast,greedy,30,won,46,46,,0,0,0,archmage:conquered:21 orc:conquered:30 goblin:conquered:38 dwarf:conquered:46,3,24,23,0,2,0,72,1,19358.9,17631.9,15969.3,0.928,5,2,0,5,0
tierIVDominion:+20,committed,greedy,1,active,71,,,1,0,0,goblin:conquered:43 archmage:conquered:65,1,30,25,1,2,0,93,8,13423.4,12887,16741.3,0.782,6,10,5,19,0
tierIVDominion:+20,committed,greedy,2,active,71,,,0,0,0,archmage:conquered:41 orc:conquered:60 goblin:conquered:68,2,28,23,0,2,0,91,5,13278.1,12751.4,16741.3,0.766,6,3,3,19,0
tierIVDominion:+20,committed,greedy,3,active,71,,,0,0,0,goblin:conquered:50 archmage:conquered:62 orc:conquered:71,6,39,28,2,2,0,125,1,15190,14612.7,16741.3,0.856,7,1,1,20,0
tierIVDominion:+20,committed,greedy,4,won,69,69,,0,0,0,archmage:conquered:40 goblin:conquered:51 orc:conquered:61 dwarf:conquered:69,2,30,24,1,2,0,91,7,13640.4,13099,16741.3,0.773,6,1,2,16,0
tierIVDominion:+20,committed,greedy,5,won,64,64,,0,0,0,archmage:conquered:39 orc:conquered:48 goblin:conquered:56 dwarf:conquered:64,3,28,23,0,2,0,88,7,15165.1,14333,16741.3,0.815,6,1,0,11,0
tierIVDominion:+20,committed,greedy,6,won,65,65,,0,0,0,archmage:conquered:40 dwarf:conquered:48 goblin:conquered:57 orc:conquered:65,2,29,22,0,3,1,90,6,13857.6,13314.7,16741.3,0.798,6,2,0,16,0
tierIVDominion:+20,committed,greedy,7,won,61,61,,0,0,0,goblin:conquered:36 archmage:conquered:44 orc:conquered:53 dwarf:conquered:61,4,30,25,0,2,0,90,13,15887.6,14778.1,16741.3,0.826,5,2,0,8,0
tierIVDominion:+20,committed,greedy,8,won,58,58,,0,0,0,archmage:conquered:34 goblin:conquered:42 orc:conquered:50 dwarf:conquered:58,2,29,24,0,2,0,82,4,15226.2,14447.3,16741.3,0.816,5,1,0,14,0
tierIVDominion:+20,committed,greedy,9,active,71,,,0,0,0,goblin:conquered:42 archmage:conquered:61 orc:conquered:69,2,31,26,0,4,2,96,9,13606,13046.9,16741.3,0.762,6,2,2,20,0
tierIVDominion:+20,committed,greedy,10,active,71,,,0,0,0,,8,18,10,1,2,0,99,0,14305.6,13865.8,16741.3,0.824,6,2,0,37,0
tierIVDominion:+20,committed,greedy,11,won,61,61,,0,0,0,goblin:conquered:35 archmage:conquered:44 orc:conquered:53 dwarf:conquered:61,1,28,23,0,2,0,89,13,14767.6,13820.7,16741.3,0.793,5,1,0,10,0
tierIVDominion:+20,committed,greedy,12,won,50,50,,0,0,0,goblin:conquered:25 archmage:conquered:34 orc:conquered:42 dwarf:conquered:50,1,21,19,0,2,0,80,13,16777.3,15449.1,16741.3,0.843,4,2,0,6,0
tierIVDominion:+20,committed,greedy,13,active,71,,,0,0,0,,7,26,12,1,2,0,99,1,14748.5,14150.4,16741.3,0.827,6,11,0,38,0
tierIVDominion:+20,committed,greedy,14,won,57,57,,0,0,0,goblin:conquered:33 archmage:conquered:41 orc:conquered:49 dwarf:conquered:57,1,22,18,0,2,0,82,5,14658.7,13706.8,16741.3,0.783,5,1,0,18,0
tierIVDominion:+20,committed,greedy,15,active,71,,,0,0,0,goblin:conquered:50 archmage:conquered:63,4,35,26,1,3,1,117,11,13293.2,12872,16741.3,0.797,6,2,2,24,0
tierIVDominion:+20,committed,greedy,16,won,67,67,,0,0,0,dwarf:conquered:40 archmage:conquered:51 orc:conquered:59 goblin:conquered:67,3,29,22,0,2,0,84,7,14239.9,13596.8,16741.3,0.806,6,2,1,10,0
tierIVDominion:+20,committed,greedy,17,active,71,,,0,0,0,,8,29,14,2,2,0,133,9,13509.3,13001.4,16741.3,0.805,7,1,0,35,0
tierIVDominion:+20,committed,greedy,18,active,71,,,0,0,0,,8,26,13,0,2,0,78,3,14194.6,13769.5,16741.3,0.817,6,2,1,36,0
tierIVDominion:+20,committed,greedy,19,active,71,,,0,0,0,,7,26,13,0,2,0,89,1,14326.5,13812.9,16741.3,0.788,6,3,0,43,0
tierIVDominion:+20,committed,greedy,20,active,71,,,0,0,0,,6,24,7,0,3,1,119,4,13183.6,12793.6,16741.3,0.789,6,2,0,36,0
tierIVDominion:+20,committed,greedy,21,active,71,,,0,0,0,,7,24,9,2,2,0,83,6,13700.2,13296,16741.3,0.81,6,1,0,33,0
tierIVDominion:+20,committed,greedy,22,active,71,,,0,0,0,,7,29,9,2,3,1,143,8,13748.3,13351.7,16741.3,0.8,6,2,0,34,0
tierIVDominion:+20,committed,greedy,23,active,71,,,0,0,0,,7,25,11,0,2,0,116,1,14428.9,13884.1,16741.3,0.819,6,2,0,35,0
tierIVDominion:+20,committed,greedy,24,won,61,61,,0,0,0,dwarf:conquered:35 orc:conquered:45 goblin:conquered:53 archmage:conquered:61,3,26,21,0,2,0,87,9,14633.1,13822.6,16741.3,0.805,5,2,0,7,0
tierIVDominion:+20,committed,greedy,25,active,71,,,0,0,0,,7,29,7,0,2,0,108,5,13356.9,12964.5,16741.3,0.793,6,3,0,23,0
tierIVDominion:+20,committed,greedy,26,active,71,,,0,0,0,,4,24,11,0,2,0,100,2,13930.3,13374.1,16741.3,0.773,6,1,1,35,0
tierIVDominion:+20,committed,greedy,27,active,71,,,0,0,0,goblin:conquered:35 archmage:conquered:63,2,31,27,0,2,0,94,8,14727.6,13987.6,16741.3,0.815,6,1,0,28,0
tierIVDominion:+20,committed,greedy,28,active,71,,,0,0,0,goblin:conquered:61 archmage:conquered:69,4,40,35,2,2,0,101,12,13504.8,12984.3,16741.3,0.787,6,2,2,28,0
tierIVDominion:+20,committed,greedy,29,won,58,58,,0,0,0,archmage:conquered:33 goblin:conquered:42 orc:conquered:50 dwarf:conquered:58,2,24,21,0,2,0,85,4,15275.1,14313,16741.3,0.803,5,1,0,17,0
tierIVDominion:+20,committed,greedy,30,active,71,,,0,0,0,goblin:conquered:39 archmage:conquered:60 orc:conquered:68,3,32,26,0,2,0,97,5,14565.4,13876.8,16741.3,0.841,7,2,1,22,0
tierIVDominion:+20,steadfast,greedy,1,won,69,69,,0,0,0,archmage:conquered:45 orc:conquered:53 goblin:conquered:61 dwarf:conquered:69,5,33,29,0,2,0,88,4,16730.5,15696.3,16741.3,0.873,8,10,0,6,0
tierIVDominion:+20,steadfast,greedy,2,won,66,66,,0,0,0,archmage:conquered:42 goblin:conquered:50 orc:conquered:58 dwarf:conquered:66,4,30,25,0,2,0,85,4,17376,16267.2,16741.3,0.872,8,2,0,10,0
tierIVDominion:+20,steadfast,greedy,3,won,54,54,,0,0,0,archmage:conquered:30 goblin:conquered:38 orc:conquered:46 dwarf:conquered:54,4,27,25,0,2,0,73,5,20624.1,18732.2,16741.3,0.931,7,1,0,5,0
tierIVDominion:+20,steadfast,greedy,4,won,56,56,,0,0,0,goblin:conquered:31 archmage:conquered:40 orc:conquered:48 dwarf:conquered:56,3,30,26,0,2,0,77,2,17209.8,16013.2,16741.3,0.851,6,1,0,8,0
tierIVDominion:+20,steadfast,greedy,5,won,62,62,,0,0,0,archmage:conquered:37 orc:conquered:46 goblin:conquered:54 dwarf:conquered:62,4,29,25,0,2,0,79,3,18424.1,17064.3,16741.3,0.882,7,1,0,7,0
tierIVDominion:+20,steadfast,greedy,6,won,48,48,,0,0,0,goblin:conquered:24 archmage:conquered:32 orc:conquered:40 dwarf:conquered:48,2,21,20,0,3,1,70,2,19122.7,17410.6,16741.3,0.87,7,2,0,4,0
tierIVDominion:+20,steadfast,greedy,7,won,46,46,,0,0,0,goblin:conquered:21 archmage:conquered:30 orc:conquered:38 dwarf:conquered:46,2,23,22,0,2,0,72,4,19191.8,17478.8,15969.3,0.913,5,2,0,6,0
tierIVDominion:+20,steadfast,greedy,8,won,55,55,,0,0,0,archmage:conquered:31 goblin:conquered:39 orc:conquered:47 dwarf:conquered:55,4,26,23,0,2,0,71,2,19805,18093.6,16741.3,0.901,6,1,0,6,0
tierIVDominion:+20,steadfast,greedy,9,won,49,49,,0,0,0,goblin:conquered:23 archmage:conquered:33 orc:conquered:41 dwarf:conquered:49,2,20,18,0,3,1,84,7,18040.1,16584.4,16741.3,0.859,6,2,0,8,0
tierIVDominion:+20,steadfast,greedy,10,won,50,50,,0,0,0,goblin:conquered:26 archmage:conquered:34 orc:conquered:42 dwarf:conquered:50,3,22,21,0,2,0,69,1,20095.6,18281,16741.3,0.9,6,2,0,5,0
tierIVDominion:+20,steadfast,greedy,11,won,56,56,,0,0,0,archmage:conquered:31 dwarf:conquered:40 goblin:conquered:48 orc:conquered:56,3,26,24,0,2,0,79,4,18899.8,17454.3,16741.3,0.869,7,1,0,10,0
tierIVDominion:+20,steadfast,greedy,12,won,50,50,,0,0,0,archmage:conquered:26 goblin:conquered:34 orc:conquered:42 dwarf:conquered:50,2,24,23,0,2,0,72,4,20382.9,18539.1,16741.3,0.916,6,2,0,5,0
tierIVDominion:+20,steadfast,greedy,13,won,57,57,,0,0,0,archmage:conquered:33 goblin:conquered:41 orc:conquered:49 dwarf:conquered:57,4,29,26,0,2,0,79,4,19476.7,17918,16741.3,0.915,7,11,0,7,0
tierIVDominion:+20,steadfast,greedy,14,won,50,50,,0,0,0,goblin:conquered:25 archmage:conquered:34 orc:conquered:42 dwarf:conquered:50,2,19,17,0,2,0,73,4,18721.2,17064.5,16741.3,0.869,6,1,0,4,0
tierIVDominion:+20,steadfast,greedy,15,won,57,57,,0,0,0,goblin:conquered:33 archmage:conquered:41 orc:conquered:49 dwarf:conquered:57,5,29,27,0,3,1,73,5,19159.9,17523.8,16741.3,0.869,7,2,0,6,0
tierIVDominion:+20,steadfast,greedy,16,won,60,60,,0,0,0,archmage:conquered:36 goblin:conquered:44 orc:conquered:52 dwarf:conquered:60,4,25,22,0,2,0,78,4,18928.8,17415.1,16741.3,0.896,7,2,0,9,0
tierIVDominion:+20,steadfast,greedy,17,won,46,46,,0,0,0,goblin:conquered:21 archmage:conquered:30 orc:conquered:38 dwarf:conquered:46,2,21,20,0,2,0,71,3,17690.3,16148.8,15969.3,0.88,5,1,0,4,0
tierIVDominion:+20,steadfast,greedy,18,active,71,,,0,0,0,archmage:conquered:22,2,19,16,0,2,0,75,3,19838.9,18076.8,16741.3,0.893,8,2,0,8,0
tierIVDominion:+20,steadfast,greedy,19,won,47,47,,0,0,0,archmage:conquered:22 orc:conquered:31 goblin:conquered:39 dwarf:conquered:47,2,24,22,0,2,0,68,0,19619.7,17839.5,16355.3,0.907,6,3,0,8,0
tierIVDominion:+20,steadfast,greedy,20,won,48,48,,0,0,0,goblin:conquered:24 archmage:conquered:32 orc:conquered:40 dwarf:conquered:48,4,23,21,0,2,0,70,2,19188.7,17496,16741.3,0.88,5,1,0,4,0
tierIVDominion:+20,steadfast,greedy,21,won,48,48,,0,0,0,goblin:conquered:24 archmage:conquered:32 orc:conquered:40 dwarf:conquered:48,3,22,20,0,2,0,68,1,19516.1,17722.1,16741.3,0.906,6,1,0,4,0
tierIVDominion:+20,steadfast,greedy,22,won,46,46,,0,0,0,goblin:conquered:22 archmage:conquered:30 orc:conquered:38 dwarf:conquered:46,3,24,22,0,2,0,74,6,18967.5,17245.7,15969.3,0.9,6,2,0,6,0
tierIVDominion:+20,steadfast,greedy,23,won,48,48,,0,0,0,archmage:conquered:23 goblin:conquered:32 orc:conquered:40 dwarf:conquered:48,2,21,19,0,2,0,71,1,20243.6,18427.3,16741.3,0.918,6,2,0,5,0
tierIVDominion:+20,steadfast,greedy,24,won,49,49,,0,0,0,archmage:conquered:25 goblin:conquered:33 orc:conquered:41 dwarf:conquered:49,3,26,25,0,2,0,68,0,19527.9,17764.6,16741.3,0.88,6,2,0,5,0
tierIVDominion:+20,steadfast,greedy,25,won,51,51,,0,0,0,archmage:conquered:26 orc:conquered:35 goblin:conquered:43 dwarf:conquered:51,3,22,21,0,2,0,73,5,18310.2,16696.9,16741.3,0.86,6,2,0,5,0
tierIVDominion:+20,steadfast,greedy,26,won,63,63,,0,0,0,dwarf:conquered:37 archmage:conquered:46 orc:conquered:55 goblin:conquered:63,3,32,28,0,2,0,83,1,17323.2,16274.9,16741.3,0.86,7,1,0,11,0
tierIVDominion:+20,steadfast,greedy,27,won,46,46,,0,0,0,archmage:conquered:22 goblin:conquered:30 orc:conquered:38 dwarf:conquered:46,2,22,20,0,2,0,76,5,17716.9,16168.5,15969.3,0.877,5,1,0,5,0
tierIVDominion:+20,steadfast,greedy,28,won,51,51,,0,0,0,archmage:conquered:25 orc:conquered:35 goblin:conquered:43 dwarf:conquered:51,2,22,20,0,2,0,73,2,18469.8,16959.9,16741.3,0.877,6,2,0,8,0
tierIVDominion:+20,steadfast,greedy,29,won,63,63,,0,0,0,archmage:conquered:39 orc:conquered:47 goblin:conquered:55 dwarf:conquered:63,4,33,28,0,2,0,86,7,18306.2,16977.7,16741.3,0.903,8,1,0,9,0
tierIVDominion:+20,steadfast,greedy,30,won,46,46,,0,0,0,archmage:conquered:21 orc:conquered:30 goblin:conquered:38 dwarf:conquered:46,3,24,23,0,2,0,72,1,19358.9,17631.9,15969.3,0.928,5,2,0,5,0
